smiles,activity
Brc1cccc2nsnc12,0
C#CC(C)n1c(=O)c2c(-c3cc(C#N)cn3C)n(Cc3ccnc4ccc(Cl)cc34)nc2n(CC2CC2)c1=O,1
C#CC(C)n1c(=O)c2c(-c3cncn3C)n(Cc3ccnc4ccc(Cl)cc34)nc2n(CC2CC2)c1=O,0
C#CCNC(=N)Nc1nc(-c2ccc(CNC(C)=O)o2)cs1,0
C#CCn1c(=O)c2c(-c3cc(C#N)cn3C)n(Cc3cc(C#N)nc4ccc(Cl)cc34)nc2n(CC2CC2)c1=O,1
C#CCn1c(=O)c2c(-c3cc(C#N)cn3C)n(Cc3ccnc4ccc(Cl)cc34)nc2n(CC2CC2)c1=O,1
C#CCn1c(=O)c2c(-c3cncn3C)n(Cc3ccnc4ccc(Cl)cc34)nc2n(CC2CC2)c1=O,1
C#CCn1c(=O)c2c(-c3nc(C#N)cn3C)n(Cc3ccnc4ccc(Cl)cc34)nc2n(CC2CC2)c1=O,1
C/C(=C/CC[C@]1(C)C2C[C@@H]3[C@H](C2)C31C)CO,0
C/C(=C/Cc1c(C(=O)O)c(O[C@@H]2O[C@H](CO)[C@@H](O)[C@H](O)[C@H]2O)c2ccccc2c1O[C@@H]1O[C@H](CO)[C@@H](O)[C@H](O)[C@H]1O)CO,0
C/C1=C\C=C\CC[C@H](C)CNC(=O)/C=C/C=C/[C@H](C)[C@@H](O[C@H]2C[C@H](O)[C@H](N)[C@@H](C)O2)C/C=C(\C)C1,1
C/C=C(\C(C)C)[C@H](O)C[C@@H](C)[C@H]1CC[C@@]2(C)[C@@H]3CC[C@H]4[C@H](C)[C@@H](O[C@@H]5OC[C@@H](O)[C@H](O)[C@H]5O)CC[C@]4(O)CC3=CC[C@]12C,0
C/C=C(\C(C)C)[C@H](O)C[C@@H](C)[C@H]1CC[C@@]2(C)[C@@H]3CC[C@H]4[C@H](C)[C@@H](O[C@@H]5OC[C@H](O)[C@H](O)[C@H]5O)CC[C@]4(O)CC3=CC[C@]12C,0
C/C=C(\C(C)C)[C@H](O)C[C@@H](C)[C@H]1CC[C@@]2(C)[C@@H]3CC[C@H]4[C@H](C)[C@@H](O[C@@H]5O[C@@H](C)[C@H](O)[C@@H](O)[C@H]5O)CC[C@]4(O)CC3=CC[C@]12C,0
C/C=C(\C)[C@H](O)[C@H](C)/C=C(C)/C=C/C/C(C)=C/Cc1oc(OC)c(C)c(=O)c1C,1
C/C=C(\C)[C@H](O)[C@H](C)/C=C(C)/C=C/C/C(C)=C/Cc1oc(OC)c(CC)c(=O)c1C,1
C/C=C(\C)[C@H](O)[C@H](C)/C=C(C)/C=C/C/C(C)=C/Cc1oc(OC)cc(=O)c1C,1
C/N=C(\N)Nc1nc(-c2ccc(CNC(C)=O)o2)cs1,0
C/N=C(\N)Nc1nc(-c2cccc(CNC(C)=O)c2)cs1,0
C/N=C(\N)Nc1nc(-c2cccc(CNC(C)=O)n2)cs1,0
C/N=c1\c(O)c(O)\c1=N/C/C=C\COc1csc(CN2CCCCC2)c1,0
C12=C(OCO2)C=C(C(C=C(C=C3C(OCCO3)=C4)C4=C5)=[N+]5CC6)C6=C1,0
C=C(C(C)C)[C@H](O)C[C@@H](C)[C@H]1CC[C@@]2(C)[C@@H]3CC[C@H]4[C@H](C)[C@@H](O[C@@H]5OC[C@@H](O)[C@H](O)[C@H]5O)CC[C@]4(O)CC3=CC[C@]12C,0
C=C(C(C)C)[C@H](O)C[C@@H](C)[C@H]1CC[C@@]2(C)[C@@H]3CC[C@H]4[C@H](C)[C@@H](O[C@@H]5OC[C@H](O)[C@H](O)[C@H]5O)CC[C@]4(O)CC3=CC[C@]12C,0
C=C(C(C)C)[C@H](O)C[C@@H](C)[C@H]1CC[C@@]2(C)[C@@H]3CC[C@H]4[C@H](C)[C@@H](O[C@@H]5O[C@@H](C)[C@H](O)[C@@H](O)[C@H]5O)CC[C@]4(O)CC3=CC[C@]12C,0
C=C(C)[C@H]1Cc2c(ccc3c(=O)c4c(oc23)COc2cc(OC)c(OC)cc2-4)O1,0
C=C(C)[C@H]1Cc2c(ccc3c2O[C@@H]2COc4cc(OC)c(OC)cc4[C@@H]2C3=O)O1,1
C=C(C)[C@H]1Cc2c(ccc3c2O[C@@H]2COc4cc(OC)c(OC)cc4[C@]2(O)C3=O)O1,1
C=C(C/C=C(\C)CCC=C(C)C)CCC(C)(C)/C=C/CC/C(C)=C/CO[C@@H](COP(=O)(O)O[C@H]1O[C@H](C(N)=O)[C@@](C)(O)[C@H](OC(N)=O)[C@H]1O[C@@H]1O[C@H](CO[C@@H]2O[C@H](CO)[C@@H](O)[C@H](O)[C@H]2O)[C@@H](O[C@@H]2O[C@H](C)[C@@H](O[C@@H]3O[C@H](C(=O)NC4=C(O)CCC4=O)[C@H](O)[C@H](O)[C@H]3O)[C@H](O)[C@H]2NC(C)=O)[C@H](O)[C@H]1NC(C)=O)C(=O)O,1
C=C(CC/C=C(\C)CO)[C@@H]1CC=C(C)CC1,0
C=C1C(=O)O[C@H]2/C=C(\C)[C@@H](O)CC/C(C)=C/[C@@H](O)[C@H]12,0
C=C1C(=O)O[C@H]2CC(=C)[C@@H](O)CC/C(C)=C/[C@@H](O)[C@H]12,0
C=C1C(=O)O[C@H]2C[C@@]3(C)[C@H](C(C)=CC[C@@H]3O)[C@@H](O)[C@H]12,0
C=C1C(=O)O[C@H]2C[C@@]3(C)[C@H](O)CC=C(C)[C@@H]3[C@@H](O)[C@H]12,0
C=C1C(=O)O[C@H]2C[C@@]3(C)[C@H](O)CCC(=C)[C@@H]3[C@@H](O)[C@H]12,0
C=C1CC/C=C(\C)C(=O)c2occ(C)c2C(=O)C1,0
C=C1CCC[C@]2(C)CC[C@@](O)(C(C)C)C(=O)[C@@H]12,0
C=C1[C@H]2CC[C@H](C2)[C@@]1(C)CC/C=C(/C)CO,0
C=CC(C)(C)c1cc(/C=C/C(=O)c2ccc(O)cc2)c(OC)cc1O,0
C=CC1=C(C)C(=O)C=C2[C@@]1(O)CC[C@H](C(=C)C)[C@@]2(C)CCC(=O)OC,0
C=CC1=C(C)C(=O)C=C2[C@]1(O)CC[C@H](C(=C)C)[C@@]2(C)CCC(=O)OC,0
C=CC1=C(C)C(=O)C=C2[C@]1(OO)CC[C@H](C(=C)C)[C@@]2(C)CCC(=O)OC,0
C=CC1=C(C)C(=O)C=C2[C@]13O[C@H]3C[C@H](C(=C)C)[C@@]2(C)CCC(=O)OC,0
C=CCNC(=N)Nc1nc(-c2ccc(CNC(C)=O)o2)cs1,1
C=CCNc1c(NC/C=C\COc2csc(CN3CCCCC3)c2)c(=O)c1=O,0
C=CCn1c(=O)c2c(-c3cc(C#N)cn3C)n(Cc3ccnc4ccc(Cl)cc34)nc2n(CC2CC2)c1=O,1
C=CCn1c(=O)c2c(-c3cncn3C)n(Cc3ccnc4ccc(Cl)cc34)nc2n(CC2CC2)c1=O,1
C=CCn1c(=O)c2c(-c3nc(C#N)cn3C)n(Cc3ccnc4ccc(Cl)cc34)nc2n(CC2CC2)c1=O,1
C=C[C@]1(C)C(=O)c2occ(C)c2C(=O)[C@H]1C(=C)C,0
C=Cc1c(C)c(O)cc2c1CC[C@H](C(=C)C)[C@@]2(C)CCC(=O)O,0
C=Cc1c(C)c(O)cc2c1CC[C@H](C(=C)C)[C@@]2(C)CCC(=O)OC,0
CC#CCn1c(=O)c2c(-c3cc(C#N)cn3C)n(Cc3ccnc4ccc(Cl)cc34)nc2n(CC2CC2)c1=O,1
CC#CCn1c(=O)c2c(-c3cncn3C)n(Cc3ccnc4ccc(Cl)cc34)nc2n(CC2CC2)c1=O,0
CC(=O)Cc1nc2ccccc2o1,0
CC(=O)N1NC(c2c(O)cccc2O)CC1c1ccc(C)cc1,0
CC(=O)N1NC(c2ccc(O)cc2)CC1c1ccc(Cl)cc1,0
CC(=O)N1NC(c2ccc(O)cc2)CC1c1ccccc1Cl,0
CC(=O)N1NC(c2ccc(O)cc2O)CC1c1ccc(C)cc1,0
CC(=O)N1NC(c2ccc(O)cc2O)CC1c1ccc(Cl)cc1,1
CC(=O)N1NC(c2ccccc2)CC1c1ccc(Cl)cc1,0
CC(=O)N1NC(c2ccccc2O)CC1c1ccc(Cl)cc1,0
CC(=O)NCC/N=C(\N)Nc1nc(-c2cccc(CNC(C)=O)n2)cs1,0
CC(=O)NCC1CN(c2c(F)cc3c(=O)c(C(=O)O)cn(C4CC4)c3c2F)CCO1,0
CC(=O)NCc1ccc(-c2csc(/N=C(\N)S)n2)o1,0
CC(=O)NCc1ccc(-c2csc(CN(C)C)n2)o1,0
CC(=O)NCc1ccc(-c2csc(N/C(N)=N/C(C)C)n2)o1,1
CC(=O)NCc1ccc(-c2csc(N=C(N)N)n2)cc1,0
CC(=O)NCc1ccc(-c2csc(N=C(N)N)n2)o1,0
CC(=O)NCc1ccc(-c2csc(NC(=N)NC3CCCCC3)n2)o1,1
CC(=O)NCc1ccc(-c2csc(NC(=N)NCC3CC3)n2)o1,1
CC(=O)NCc1ccc(-c2csc(NC(=N)NCC3CCCC3)n2)o1,1
CC(=O)NCc1ccc(-c2csc(NC(=N)NCC3CCCCC3)n2)o1,1
CC(=O)NCc1ccc(-c2csc(NC(=N)NCCC3=CCCCC3)n2)o1,1
CC(=O)NCc1ccc(-c2csc(NC(=N)NCCC3CCCCC3)n2)o1,1
CC(=O)NCc1ccc(-c2csc(NC(=N)NCCCC3CCCCC3)n2)o1,1
CC(=O)NCc1ccc(-c2csc(NC(=N)NCCCc3ccccc3)n2)o1,1
CC(=O)NCc1ccc(-c2csc(NC(=N)NCCN3CCCCC3)n2)o1,0
CC(=O)NCc1ccc(-c2csc(NC(=N)NCCNc3ccccc3)n2)o1,1
CC(=O)NCc1ccc(-c2csc(NC(=N)NCCO)n2)o1,0
CC(=O)NCc1ccc(-c2csc(NC(=N)NCCc3c[nH]cn3)n2)o1,0
CC(=O)NCc1ccc(-c2csc(NC(=N)NCCc3ccccc3)n2)o1,1
CC(=O)NCc1ccc(-c2csc(NC(=N)NCCc3ccccc3N)n2)o1,1
CC(=O)NCc1ccc(-c2csc(NC(=N)NCCc3ccccc3NC(C)=O)n2)o1,0
CC(=O)NCc1ccc(-c2csc(NC(=N)NCCc3ccccc3[N+](=O)[O-])n2)o1,1
CC(=O)NCc1ccc(-c2csc(NC(=N)NCCc3ccccn3)n2)o1,1
CC(=O)NCc1ccc(-c2csc(NC(=N)NCCc3ccco3)n2)o1,1
CC(=O)NCc1ccc(-c2csc(NC(=N)NCCc3cccs3)n2)o1,1
CC(=O)NCc1ccc(-c2csc(NC(=N)NCCc3ccncc3)n2)o1,1
CC(=O)NCc1ccc(-c2csc(NC(=N)NCc3ccccc3)n2)o1,1
CC(=O)NCc1ccc(-c2csc(NC(=N)NCc3ccccc3C)n2)o1,1
CC(=O)NCc1ccc(-c2csc(NC(=N)NCc3ccccc3Cl)n2)o1,1
CC(=O)NCc1ccc(-c2csc(NC(=N)NCc3ccccc3O)n2)o1,0
CC(=O)NCc1ccc(-c2csc(NC(=N)NCc3ccco3)n2)o1,1
CC(=O)NCc1ccc(-c2csc(NC3=NCCN3)n2)o1,0
CC(=O)NCc1ccc(-c2nc(N=C(N)N)sc2C)o1,0
CC(=O)NCc1ccc2c(c1)-c1nc(N=C(N)N)sc1CCO2,0
CC(=O)NCc1ccc2c(c1)-c1nc(N=C(N)N)sc1CO2,0
CC(=O)NCc1cccc(-c2csc(N/C(N)=N/CCC(C)C)n2)n1,1
CC(=O)NCc1cccc(-c2csc(N/C(N)=N/CCN(C)C)n2)c1,0
CC(=O)NCc1cccc(-c2csc(N/C(N)=N/CCN(C)C)n2)n1,0
CC(=O)NCc1cccc(-c2csc(N=C(N)N)n2)c1,0
CC(=O)NCc1cccc(-c2csc(NC(=N)NCC(F)(F)F)n2)n1,0
CC(=O)NCc1cccc(-c2csc(NC(=N)NCCC#N)n2)c1,0
CC(=O)NCc1cccc(-c2csc(NC(=N)NCCC(c3ccccc3)c3ccccc3)n2)c1,1
CC(=O)NCc1cccc(-c2csc(NC(=N)NCCCc3ccccc3)n2)c1,1
CC(=O)NCc1cccc(-c2csc(NC(=N)NCCNC(=O)c3ccccc3)n2)c1,0
CC(=O)NCc1cccc(-c2csc(NC(=N)NCCO)n2)c1,0
CC(=O)NCc1cccc(-c2csc(NC(=N)NCCOCc3ccccc3)n2)c1,1
CC(=O)NCc1cccc(-c2csc(NC(=N)NCCOc3ccccc3)n2)c1,1
CC(=O)NCc1cccc(-c2csc(NC(=N)NCCc3c[nH]cn3)n2)c1,0
CC(=O)NCc1cccc(-c2csc(NC(=N)NCCc3ccccc3)n2)c1,1
CC(=O)NCc1cccc(-c2csc(NC(=N)NCCc3ccccc3)n2)n1,1
CC(=O)NCc1cccc(-c2csc(NC(=N)NCCc3ccccn3)n2)c1,1
CC(=O)NCc1cccc(-c2csc(NC(=N)NCc3ccccc3)n2)c1,1
CC(=O)NCc1cccc(-c2csc(NC(=N)Nc3ccccc3)n2)c1,1
CC(=O)NCc1cccc2c1OCCc1sc(N=C(N)N)nc1-2,0
CC(=O)Nc1cc(Cl)cc(COc2cccc3cnccc23)c1Cl,1
CC(=O)Nc1ccc(Cl)c(COc2cccc3cnccc23)c1,1
CC(=O)Nc1ccc(Cl)c(COc2cccc3cnccc23)c1Cl,1
CC(=O)Nc1ccc2c(c1)-c1nc(N=C(N)N)sc1CCO2,0
CC(=O)Nc1ccc2c(c1)-c1nc(N=C(N)N)sc1CS2,0
CC(=O)Nc1cccc(COc2cccc3cnccc23)c1,1
CC(=O)Nc1cccc(COc2cccc3cnccc23)c1Cl,1
CC(=O)OCC(=O)NCCCOc1cccc(CN2CCCCC2)c1,0
CC(=O)OCc1cc(=O)oc2cc3occc3cc12,1
CC(=O)OCc1cc2cc3ccc(=O)oc3cc2o1,0
CC(=O)Oc1c2occc2c([N+](=O)[O-])c2ccc(=O)oc12,0
CC(=O)Oc1c2occc2cc2ccc(=O)oc12,0
CC(=O)Oc1ccccc1C(=O)Nc1ncc([N+](=O)[O-])s1,0
CC(=O)c1cc(-c2c3c(=O)n(C)c(=O)n(CC4CC4)c3nn2Cc2ccnc3ccc(Cl)cc23)n(C)c1,1
CC(C)(C)OC(=O)NCCCB1O[C@@]2(C)CCC3C[C@@]2(O1)C3(C)C,0
CC(C)(C)OC(=O)[C@@H](N)CCB1O[C@@]2(C)CCC3C[C@@]2(O1)C3(C)C,0
CC(C)(C)c1ccc(C(=O)N/N=C/c2cc(Br)c(O)c(Br)c2O)cc1,0
CC(C)/N=c1\c(O)c(O)\c1=N/C/C=C\COc1csc(CN2CCCCC2)c1,0
CC(C)=CCC/C(C)=C/CC/C(=C/CC/C(C)=C/C/N=C(\S)NCCc1ccccc1)C/N=C(\S)NCCc1ccccc1,1
CC(C)=CCC/C(C)=C/CC/C(=C/CC/C(C)=C/C/N=C(\S)NCCc1ccccc1)CO,1
CC(C)=CCC/C(C)=C/CC/C(=C/CC/C(C)=C/CO)C/N=C(\S)NCCc1ccccc1,1
CC(C)=CCC/C(C)=C/CC/C(=C/CC/C(C)=C/CO)CO,0
CC(C)=CCC/C(C)=C/COc1ccc(/C=C/C(=O)O)cc1,0
CC(C)=CCC/C(C)=C/COc1ccc2ccc(=O)oc2c1,0
CC(C)=CCN1C(=O)/C(=N/NC(=O)c2cc(C)cc(C)c2)c2ccccc21,0
CC(C)=CCN1C(=O)/C(=N/NC(=O)c2ccc(Br)cc2)c2ccccc21,0
CC(C)=CCN1C(=O)/C(=N/NC(=O)c2ccc(C(C)(C)C)cc2)c2ccccc21,0
CC(C)=CCN1C(=O)/C(=N/NC(=O)c2ccc(C(C)C)cc2)c2ccccc21,0
CC(C)=CCN1C(=O)/C(=N/NC(=O)c2ccc(C(F)(F)F)cc2)c2ccccc21,0
CC(C)=CCN1C(=O)/C(=N/NC(=O)c2ccc(C)cc2)c2ccccc21,0
CC(C)=CCN1C(=O)/C(=N/NC(=O)c2ccc(Cl)cc2)c2ccccc21,0
CC(C)=CCN1C(=O)/C(=N/NC(=O)c2ccc(F)cc2)c2ccccc21,0
CC(C)=CCN1C(=O)/C(=N/NC(=O)c2ccc(Oc3ccccc3)cc2)c2ccccc21,0
CC(C)=CCN1C(=O)/C(=N/NC(=O)c2cccc(Br)c2)c2ccccc21,0
CC(C)=CCN1C(=O)/C(=N/NC(=O)c2cccc(C(F)(F)F)c2)c2ccccc21,0
CC(C)=CCN1C(=O)/C(=N/NC(=O)c2cccc(Cl)c2)c2ccccc21,0
CC(C)=CCN1C(=O)/C(=N/NC(=O)c2ccccc2)c2ccccc21,0
CC(C)=CCN1C(=O)/C(=N/Nc2ccccc2)c2ccccc21,0
CC(C)=CCOc1ccc(C(=O)O)cc1,0
CC(C)CNC(=O)c1cc(C(=O)NCc2ccccc2)nn1-c1ccc(Cl)cc1,0
CC(C)Cn1c(=O)n(C)c(=O)c2c(-c3cc(C#N)cn3C)n(Cc3ccnc4ccc(Cl)cc34)nc21,1
CC(C)Cn1c(=O)n(C)c(=O)c2c(-c3cccn3C)n(Cc3ccnc4ccc(Cl)cc34)nc21,0
CC(C)Cn1c(=O)n(C)c(=O)c2c(-c3ccncc3)n(Cc3cccc4ccccc34)nc21,1
CC(C)Cn1c(=O)n(C)c(=O)c2c(-c3cncn3C)n(Cc3cccc4ccccc34)nc21,1
CC(C)Cn1c(=O)n(C)c(=O)c2c(-c3cncn3C)n(Cc3ccnc4ccc(Cl)cc34)nc21,1
CC(C)n1c(=O)c2c(-c3cc(C#N)cn3C)n(Cc3ccnc4ccc(Cl)cc34)nc2n(CC2CC2)c1=O,1
CC(C)n1c(=O)c2c(-c3cncn3C)n(Cc3ccnc4ccc(Cl)cc34)nc2n(CC2CC2)c1=O,0
CC/N=C(\N)Nc1nc(-c2ccc(CNC(C)=O)o2)cs1,1
CC/N=C(\N)Nc1nc(-c2cccc(CNC(C)=O)c2)cs1,1
CC/N=C(\N)Nc1nc(-c2cccc(CNC(C)=O)n2)cs1,0
CC1(C)C2CC[C@]3(C)OB(CCCN)O[C@]13C2,0
CC1(C)C2CC[C@]3(C)OB(CC[C@H](NC(=O)OCc4ccccc4)C(=O)O)O[C@]13C2,0
CC1(C)C=C2[C@H]3C[C@@H](O)[C@@H]4[C@@]5(C)CC[C@@H](O)C(C)(C)[C@@H]5CC[C@@]4(C)[C@]3(C)CC[C@@]2(C(=O)O)CC1,0
CC1(C)CC[C@@]23CC[C@]4(C)[C@@](C=C[C@@H]5[C@@]6(C)CC[C@@H](O)C(C)(C)[C@@H]6CC[C@]54C)(OC2=O)[C@@H]3C1,0
CC1(C)CC[C@@]23CC[C@]4(C)[C@@](C=C[C@@H]5[C@@]6(C)CC[C@@H](O)[C@@](C)(CO)[C@@H]6CC[C@]54C)(OC2=O)[C@@H]3C1,0
CC1(C)CC[C@]2(C(=O)O)CC[C@]3(C)C(=C2C1)C=C[C@@H]1[C@@]2(C)CC[C@@H](O)C(C)(C)[C@@H]2CC[C@]13C,0
CC1(C)CC[C@]2(C(=O)O)CC[C@]3(C)C(=C2C1)C=C[C@@H]1[C@@]2(C)CC[C@@H](O)[C@@](C)(C=O)[C@@H]2CC[C@]13C,0
CC1(C)CC[C@]2(C(=O)O)CC[C@]3(C)C(=C2C1)C=C[C@@H]1[C@@]2(C)CC[C@@H](O)[C@@](C)(CO)[C@@H]2CC[C@]13C,0
CC1(C)CC[C@]2(C(=O)O)CC[C@]3(C)C(=C2C1)C=C[C@@H]1[C@@]2(C)CC[C@H](OS(=O)(=O)O)C(C)(C)[C@@H]2CC[C@]13C,0
CC1(C)CC[C@]2(C(=O)O)CC[C@]3(C)C(=CC=C4[C@@]5(C)CC[C@@H](O)C(C)(C)[C@@H]5CC[C@]43C)[C@@H]2C1,0
CC1(C)S[C@@H]2[C@H](NC(=O)[C@H](N)c3ccc(O)cc3)C(=O)N2[C@H]1C(=O)O,1
CC1(C)S[C@@H]2[C@H](NC(=O)[C@H](N)c3ccccc3)C(=O)N2[C@H]1C(=O)O,1
CC1=C2C(=O)c3c(C)coc3C[C@@]2(C)[C@H](O)CC1=O,0
CC1COc2c(N3CCN(C)CC3)c(F)cc3c(=O)c(C(=O)O)cn1c23,1
CCC/N=C(\N)Nc1nc(-c2ccc(CNC(C)=O)o2)cs1,1
CCC/N=C(\N)Nc1nc(-c2cccc(CNC(C)=O)n2)cs1,1
CCCC/N=C(\N)Nc1nc(-c2ccc(CNC(C)=O)o2)co1,0
CCCC/N=C(\N)Nc1nc(-c2ccc(CNC(C)=O)o2)cs1,1
CCCC/N=C(\N)Nc1nc(-c2ccc(CNC(C)=O)s2)cs1,1
CCCC/N=C(\N)Nc1nc(-c2cccc(CNC(C)=O)c2)co1,1
CCCC/N=C(\N)Nc1nc(-c2cccc(CNC(C)=O)c2)cs1,1
CCCC/N=C(\N)Nc1nc(-c2cccc(CNC(C)=O)n2)co1,1
CCCC/N=C(\N)Nc1nc(-c2cccc(CNC(C)=O)n2)cs1,1
CCCC/N=C(\N)Nc1nc(-c2ccnc(CNC(C)=O)n2)cs1,0
CCCC/N=C(\N)Nc1nc(-c2csc(CNC(C)=O)n2)cs1,1
CCCC/N=C(\N)Nc1nc(-c2nc(CNC(C)=O)no2)cs1,0
CCCC/N=C(\N)Nc1nc2c(s1)CCOc1ccc(CNC(C)=O)cc1-2,0
CCCC/N=C(\N)Nc1nc2c(s1)CSc1ccc(CNC(C)=O)cc1-2,0
CCCCCC(=O)Nc1nc(Cl)c([N+](=O)[O-])s1,1
CCCCCC(=O)Nc1ncc([N+](=O)[O-])s1,1
CCCCCC(=O)Nc1sc([N+](=O)[O-])cc1[N+](=O)[O-],1
CCCCCC/N=C(\N)Nc1nc(-c2ccc(CNC(C)=O)o2)cs1,1
CCCCCCCCCCCC(=O)N[C@@H](CCCCN)C(=O)NCCCCCCCC(=O)N[C@@H](CCCCN)C(=O)NCCCCCCCC(=O)N[C@@H](CCCCN)C(=O)NCCCCCCCC(=O)N[C@@H](CCCCN)C(=O)NCCCCCCCC(=O)N[C@@H](CCCCN)C(=O)NCCCCCCCC(=O)N[C@@H](CCCCN)C(=O)NCCCCCCCC(=O)N[C@@H](CCCCN)C(=O)NCCCCCCCC(=O)N[C@@H](CCCCN)C(N)=O,0
CCCCCCCCCCCC(=O)N[C@@H](CCCCN)C(=O)NCCCCCCCC(=O)N[C@@H](CCCCN)C(=O)NCCCCCCCC(=O)N[C@@H](CCCCN)C(=O)NCCCCCCCC(=O)N[C@@H](CCCCN)C(=O)NCCCCCCCC(=O)N[C@@H](CCCCN)C(=O)NCCCCCCCC(=O)N[C@@H](CCCCN)C(N)=O,0
CCCCCCCCCCCC(=O)N[C@@H](CCCCN)C(=O)NCCCCCCCCCCCC(=O)N[C@@H](CCCCN)C(=O)N[C@@H](CCCCN)C(=O)NCCCCCCCCCCCC(=O)N[C@@H](CCCCN)C(N)=O,1
CCCCCCCCCCCC(=O)N[C@@H](CCCCN)C(=O)N[C@@H](CCCCN)C(=O)NCCCCCCCCCCCC(=O)N[C@@H](CCCCN)C(=O)N[C@@H](CCCCN)C(=O)NCCCCCCCCCCCC(=O)N[C@@H](CCCCN)C(N)=O,0
CCCCCCCCCCCCCCCC(=O)N(C)[C@H](CO)C(=O)N[C@H](C)C(=O)NCC(=O)N(C)[C@@H]1C(=O)N[C@@H](C)C(=O)N[C@H](C(=O)O)Cc2ccc(O)c(c2)-c2cc1ccc2O,1
CCCCNC(=O)Nc1nc(-c2ccc(CNC(C)=O)o2)cs1,0
CCCCOCC/N=C(\N)Nc1nc(-c2ccc(CNC(C)=O)o2)cs1,1
CCCCOCc1c2ccoc2c(OC)c2oc(=O)ccc12,0
CCCCOCc1cc2cc3ccc(=O)oc3cc2o1,0
CCCNC1=Nc2ccccc2C(c2ccccc2)=NC1c1cccs1,0
CCCNCC1CN(c2c(F)cc3c(=O)c(C(=O)O)cn(C4CC4)c3c2F)CCO1,0
CCCOCC/N=C(\N)Nc1nc(-c2ccc(CNC(C)=O)o2)cs1,1
CCCOCc1c2ccoc2c(OC)c2oc(=O)ccc12,0
CCCc1cc(=O)oc2cc3occc3cc12,0
CCN(CC)CC1CN(c2c(F)cc3c(=O)c(C(=O)O)cn(C4CC4)c3c2F)CCO1,0
CCN(CC)Cc1c2ccoc2c(OC)c2oc(=O)ccc12,0
CCN(CC)Cc1cc2cc3ccc(=O)oc3cc2o1,0
CCN(CC)S(=O)(=O)c1c2ccoc2c(OC)c2oc(=O)ccc12,0
CCNC(=O)c1cccc(NC(=O)Cc2cccc(Br)c2)c1,1
CCNC1=Nc2ccccc2C(c2ccccc2)=NC1c1cccs1,1
CCNCC1CN(c2c(F)cc3c(=O)c(C(=O)O)cn(C4CC4)c3c2F)CCO1,0
CCO/N=C(\N)Nc1nc(-c2cccc(CNC(C)=O)c2)cs1,0
CCOC(=O)C1=Cc2cc(Cl)cc(Cl)c2OC1c1ccc(F)cc1,0
CCOC(=O)COc1c2occc2cc2ccc(=O)oc12,0
CCOC(=O)N1CCC(NC(=O)c2cc3cc(Br)ccc3oc2=O)CC1,0
CCOC(=O)N1CCC(NC(=O)c2cc3ccccc3oc2=O)CC1,0
CCOC(=O)c1ccc(NC(=O)c2cc3cc(Br)cc(Br)c3oc2=O)cc1,0
CCOC(=O)c1ccc(NC(=O)c2cc3cc(Br)cc(Cl)c3oc2=O)cc1,0
CCOC(=O)c1ccc(NC(=O)c2cc3cc(C)ccc3oc2=O)cc1,1
CCOC(=O)c1ccc(NC(=O)c2cc3cc(O)ccc3oc2=O)cc1,1
CCOC(=O)c1ccc(NC(=O)c2cc3cc(OC)ccc3oc2=O)cc1,1
CCOC(=O)c1ccc(NC(=O)c2cc3ccc(O)cc3oc2=O)cc1,0
CCOC(=O)c1ccc(NC(=O)c2cc3cccc(O)c3oc2=O)cc1,0
CCOC(=O)c1cccc(NC(=O)Cc2cccc(Br)c2)c1,0
CCOCC/N=C(\N)Nc1nc(-c2ccc(CNC(C)=O)o2)cs1,1
CCOCC/N=C(\NCCOCC)Nc1nc(-c2ccc(CNC(C)=O)o2)cs1,0
CCOCCC/N=C(\N)Nc1nc(-c2ccc(CNC(C)=O)o2)cs1,1
CCOCCCC/N=C(\N)Nc1nc(-c2ccc(CNC(C)=O)o2)cs1,1
CCOCc1c2ccoc2c(OC)c2oc(=O)ccc12,0
CCOCc1cc2cc3ccc(=O)oc3cc2o1,0
CCOP(=O)(OCC)C(CN1CCN(c2cc3c(cc2F)c(=O)c(C(=O)O)cn3C2CC2)CC1)P(=O)(OCC)OCC,1
CCOP(=O)(OCC)C(N1CCN(c2cc3c(cc2F)c(=O)c(C(=O)O)cn3C2CC2)CC1)P(=O)(OCC)OCC,0
CCOc1c2occc2cc2ccc(=O)oc12,0
CCOc1ccc(C2=C(O)COC2=O)cc1OCC,0
CCOc1ccc2c(=O)c(-c3ccc(OCC)c(OCC)c3)coc2c1,0
CCOc1ccccc1C/N=C(\N)Nc1nc(-c2ccc(CNC(C)=O)o2)cs1,1
CC[C@H]1OC(=O)[C@H](C)C(=O)[C@H](C)C(O[C@@H]2O[C@H](C)C[C@H](N(C)C)[C@@H]2O)[C@](C)(OC)C[C@@H](C)/C(=N\OCOc2ccc(OC)cc2)[C@H](C)[C@@H](O)[C@]1(C)O,1
CC[C@H]1OC(=O)[C@H](C)C(=O)[C@H](C)C(O[C@@H]2O[C@H](C)C[C@H](N(C)C)[C@@H]2O)[C@](C)(OC)C[C@@H](C)/C(=N\OCOc2ccccc2OC)[C@H](C)[C@@H](O)[C@]1(C)O,1
CC[C@H]1OC(=O)[C@H](C)C(O[C@H]2C[C@](C)(OC)[C@@H](O)[C@@H](C)O2)[C@H](C)C(O[C@@H]2O[C@H](C)C[C@H](N(C)C)[C@@H]2O)[C@](C)(O)C[C@@H](C)/C(=N\OCOc2ccc(OC)cc2)[C@H](C)[C@@H](O)[C@]1(C)O,1
CC[C@H]1OC(=O)[C@H](C)C(O[C@H]2C[C@](C)(OC)[C@@H](O)[C@@H](C)O2)[C@H](C)C(O[C@@H]2O[C@H](C)C[C@H](N(C)C)[C@@H]2O)[C@](C)(O)C[C@@H](C)/C(=N\OCOc2ccccc2OC)[C@H](C)[C@@H](O)[C@]1(C)O,1
CC[C@H]1OC(=O)[C@H](C)C(O[C@H]2C[C@](C)(OC)[C@@H](O)[C@@H](C)O2)[C@H](C)C(O[C@@H]2O[C@H](C)C[C@H](N(C)C)[C@@H]2O)[C@](C)(OC)C[C@@H](C)/C(=N\OCOc2ccc(OC)cc2)[C@H](C)[C@@H](O)[C@]1(C)O,1
CC[C@H]1OC(=O)[C@H](C)C(O[C@H]2C[C@](C)(OC)[C@@H](O)[C@@H](C)O2)[C@H](C)C(O[C@@H]2O[C@H](C)C[C@H](N(C)C)[C@@H]2O)[C@](C)(OC)C[C@@H](C)/C(=N\OCOc2ccccc2OC)[C@H](C)[C@@H](O)[C@]1(C)O,1
CC[C@H]1OC(=O)[C@H](C)[C@@H](O[C@H]2C[C@@](C)(OC)[C@@H](O)[C@H](C)O2)[C@H](C)[C@@H](O[C@@H]2O[C@H](C)C[C@H](N(C)C)[C@H]2O)[C@](C)(O)C[C@@H](C)C(=O)[C@H](C)[C@@H](O)[C@]1(C)O,1
CC[C@H]1OC(=O)[C@H](C)[C@@H](O[C@H]2C[C@@](C)(OC)[C@@H](O)[C@H](C)O2)[C@H](C)[C@@H](O[C@@H]2O[C@H](C)C[C@H](N(C)C)[C@H]2O)[C@](C)(OC)C[C@@H](C)C(=O)[C@H](C)[C@@H](O)[C@]1(C)O,1
CCc1cc(=O)oc2cc3occc3cc12,0
CCn1c(=O)c2c(-c3cc(C#N)cn3C)n(Cc3ccnc4ccc(Cl)cc34)nc2n(CC2CC2)c1=O,1
CCn1c(=O)c2c(-c3cncn3C)n(Cc3ccnc4ccc(Cl)cc34)nc2n(CC2CC2)c1=O,1
CCn1c(=O)c2c(-c3nc(C#N)cn3C)n(Cc3ccnc4ccc(Cl)cc34)nc2n(CC2CC2)c1=O,1
CN(C)C(=O)c1cccc(NC(=O)Cc2cccc(Br)c2)c1,0
CN(C)CC/N=c1\c(O)c(O)\c1=N/C/C=C\COc1csc(CN2CCCCC2)c1,0
CN(C)CC1CN(c2c(F)cc3c(=O)c(C(=O)O)cn(C4CC4)c3c2Cl)CCO1,0
CN(C)CC1CN(c2c(F)cc3c(=O)c(C(=O)O)cn(C4CC4)c3c2F)CCO1,0
CN(C)CC1CN(c2cc3c(cc2F)c(=O)c(C(=O)O)cn3C2CC2)CCO1,0
CN(C)Cc1cc(OC/C=C\C/N=c2\c(O)c(O)c2=N)cs1,0
CN(C)[C@@H]1C(O)=C(C(N)=O)C(=O)[C@@]2(O)C(O)=C3C(=O)c4c(O)cccc4[C@@](C)(O)[C@H]3C[C@@H]12,1
CN(C)c1ccc([N+](=O)[O-])c2nonc12,0
CN/C(=N\CCSCc1nc[nH]c1C)NC#N,0
CNC(=C[N+](=O)[O-])NCCSCc1ccc(CN(C)C)o1,0
CNC(=O)CNC(=O)[C@@H](N)CCB1O[C@@]2(C)CCC3C[C@@]2(O1)C3(C)C,0
CNC(=O)[C@@H](N)CCB1O[C@@]2(C)CCC3C[C@@]2(O1)C3(C)C,0
CNC(=O)c1cccc(NC(=O)CC2CCCCC2)c1,0
CNC(=O)c1cccc(NC(=O)CCc2ccccc2)c1,0
CNC(=O)c1cccc(NC(=O)CCc2ccccc2OC)c1,1
CNC(=O)c1cccc(NC(=O)COc2ccc3ccccc3c2)c1,1
CNC(=O)c1cccc(NC(=O)COc2cccc(Cl)c2Cl)c1,1
CNC(=O)c1cccc(NC(=O)COc2cccc3ccccc23)c1,1
CNC(=O)c1cccc(NC(=O)COc2ccccc2)c1,1
CNC(=O)c1cccc(NC(=O)Cc2c[nH]c3ccccc23)c1,1
CNC(=O)c1cccc(NC(=O)Cc2ccc(Br)cc2)c1,1
CNC(=O)c1cccc(NC(=O)Cc2ccc(Cl)cc2)c1,1
CNC(=O)c1cccc(NC(=O)Cc2ccc3c(c2)OCO3)c1,1
CNC(=O)c1cccc(NC(=O)Cc2ccc3ccccc3c2)c1,1
CNC(=O)c1cccc(NC(=O)Cc2cccc(Br)c2)c1,1
CNC(=O)c1cccc(NC(=O)Cc2cccc(C)c2)c1,1
CNC(=O)c1cccc(NC(=O)Cc2cccc(Cl)c2)c1,1
CNC(=O)c1cccc(NC(=O)Cc2cccc(F)c2)c1,1
CNC(=O)c1cccc(NC(=O)Cc2cccc(O)c2)c1,0
CNC(=O)c1cccc(NC(=O)Cc2cccc(OC)c2)c1,1
CNC(=O)c1cccc(NC(=O)Cc2cccc(OCc3ccccc3)c2)c1,1
CNC(=O)c1cccc(NC(=O)Cc2cccc([N+](=O)[O-])c2)c1,1
CNC(=O)c1cccc(NC(=O)Cc2cccc3ccccc23)c1,1
CNC(=O)c1cccc(NC(=O)Cc2ccccc2)c1,1
CNC(=O)c1cccc(NC(=O)Cc2ccccc2Cl)c1,1
CNC(=O)c1cccc(NC(=O)Cc2csc3ccccc23)c1,1
CNC(=O)c1cccc(NC(=O)OCc2c(Cl)cccc2Cl)c1,1
CNC(=O)c1cccc(NC(=O)OCc2ccc(C)cc2)c1,1
CNC(=O)c1cccc(NC(=O)OCc2ccc(Cl)cc2)c1,1
CNC(=O)c1cccc(NC(=O)OCc2ccc3ccccc3c2)c1,1
CNC(=O)c1cccc(NC(=O)OCc2cccc3ccccc23)c1,1
CNC1=NC(=O)[C@H]([C@H](C)c2c[nH]c3ccccc23)O1,1
CNC1=Nc2c(ccc[n+]2[O-])C(c2ccccc2)=NC1c1cccs1,0
CNC1=Nc2ccc(Cl)cc2C(c2ccccc2)=NC1c1cccs1,0
CNC1=Nc2ccccc2C(c2ccccc2)=NC1c1cccs1,1
CNC1=Nc2cncnc2C(c2ccccc2)=NC1c1cccs1,0
CNC1=Nc2nc(C)ccc2C(c2ccccc2)=NC1c1cccs1,1
CNC1=Nc2ncccc2C(C2CCCC2)=NC1c1cccs1,0
CNC1=Nc2ncccc2C(c2cc[nH]c2)=NC1c1cccs1,1
CNC1=Nc2ncccc2C(c2ccccc2)=NC1c1cccs1,1
CNC1=Nc2ncccc2C(c2ccco2)=NC1c1cc(C#CC(C)O)cs1,1
CNC1=Nc2ncccc2C(c2ccco2)=NC1c1ccco1,0
CNC1=Nc2ncccc2C(c2ccco2)=NC1c1cccs1,1
CNC1=Nc2ncccc2C(c2ccco2)=NC1c1ccns1,1
CNC1=Nc2ncccc2C(c2ccco2)=NC1c1cncs1,1
CNC1=Nc2ncccc2C(c2ccco2)=NC1c1sccc1Cl,1
CNC1=Nc2ncccc2C(c2cccs2)=NC1c1cccs1,1
CNC1=Nc2ncccc2C(c2ccns2)=NC1c1cccs1,1
CNC1=Nc2ncccc2C(c2ncco2)=NC1c1cccs1,1
CNC1=Nc2ncccc2C(c2nccs2)=NC1c1cccs1,1
CNCC1CN(c2c(F)cc3c(=O)c(C(=O)O)cn(C4CC4)c3c2F)CCO1,0
CNS(=O)(=O)c1cc(-c2c3c(=O)n(C)c(=O)n(CC4CC4)c3nn2Cc2c[nH]c3ccc(Cl)cc23)n(C)c1,1
CNS(=O)(=O)c1cc(-c2c3c(=O)n(C)c(=O)n(CC4CC4)c3nn2Cc2ccnc3ccc(Cl)cc23)n(C)c1,1
CN[C@H]1[C@@H](O)C[C@H](O[C@H]2C/C=C(\C)C/C(C)=C/C=C/CC[C@H](C)CNC(=O)/C=C/C=C/[C@@H]2C)O[C@@H]1C,1
CO/N=C/CC(=O)c1ccc(OC)cc1,0
COC(=O)/C=C/c1cc(C(F)(F)F)cc(C(F)(F)F)c1,0
COC(=O)C1=C(c2ccccc2Cl)Oc2ccc([N+](=O)[O-])cc2C1,0
COC(=O)C1=C[C@@H](O)[C@@H](O)[C@H](OCc2ccc3sccc3c2)C1,1
COC(=O)C1=C[C@@H](O)[C@@H](O)[C@H](n2cc(COc3ccccc3)nn2)C1,0
COC(=O)C1=C[C@@H](O)[C@@H](O)[C@H](n2cc(Cc3ccccc3)nn2)C1,0
COC(=O)C1=C[C@@H](O)[C@H](O)[C@H](OCc2cccc([N+](=O)[O-])c2)C1,0
COC(=O)C1=C[C@H](N)[C@@H](O)[C@H](OCc2ccc3ccccc3c2)C1,0
COC(=O)C1=C[C@H](N)[C@@H](O)[C@H](OCc2ccc3sccc3c2)C1,0
COC(=O)[C@@H](N)CCB(O)O,0
COC(=O)[C@@H](N)CCB1O[C@@]2(C)CCC3C[C@@]2(O1)C3(C)C,0
COC(=O)[C@H](CCB1O[C@@]2(C)CCC3C[C@@]2(O1)C3(C)C)NC(=O)OCc1ccccc1,0
COC(=O)c1ccc(-c2ccc(O)cc2)cc1,0
COC(=O)c1ccc2c(c1)C(=O)c1cc(O)ccc1C2=O,1
COC(C1=C[N+](CCC2=CC(OCCCCCNC(OC(C)(C)C)=O)=C(OC)C=C32)=C3C=C1C=C4)=C4OC,0
COC(C1=C[N+](CCC2=CC(OCCCN)=C(OC)C=C32)=C3C=C1C=C4)=C4OC,0
COC(C1=C[N+](CCC2=CC(OCCCNC(CCCC[C@H]3[C@]([H])([C@]([H])(CS3)N4)NC4=O)=O)=C(OC)C=C52)=C5C=C1C=C6)=C6OC,0
COC(C1=C[N+](CCC2=CC(OCCCNC(OC(C)(C)C)=O)=C(OC)C=C32)=C3C=C1C=C4)=C4OC,0
COC(C1=C[N+](CCC2=CC(OCO3)=C3C=C42)=C4C=C1C=C5)=C5OCC#C,0
COC(C1=C[N+](CCC2=CC(OCO3)=C3C=C42)=C4C=C1C=C5)=C5OCC#CCC,1
COC(C1=C[N+](CCC2=CC(OCO3)=C3C=C42)=C4C=C1C=C5)=C5OCCC#C,1
COC(C1=C[N+](CCC2=CC(OCO3)=C3C=C42)=C4C=C1C=C5)=C5OCCCCC#N,0
COC(C1=C[N+](CCC2=CC(OCO3)=C3C=C42)=C4C=C1C=C5)=C5OCCCCCC#C,1
COC(C1=C[N+](CCC2=CC(OCO3)=C3C=C42)=C4C=C1C=C5)=C5OCCCCCC#N,1
COC(C1=C[N+](CCC2=CC(OCO3)=C3C=C42)=C4C=C1C=C5)=C5OCCCCCC=C,1
COC(C1=C[N+](CCC2=CC(OCO3)=C3C=C42)=C4C=C1C=C5)=C5OCCCCCCC#C,0
COC(C1=C[N+](CCC2=CC(OCO3)=C3C=C42)=C4C=C1C=C5)=C5OCCCCCCC#N,1
COC(C1=C[N+](CCC2=CC(OCO3)=C3C=C42)=C4C=C1C=C5)=C5OCCCCCCC=C,1
COC(C1=C[N+](CCC2=CC(OCO3)=C3C=C42)=C4C=C1C=C5)=C5OCCOCCOCC#C,0
COC(C1=C[N+](CCC2=CC(OCO3)=C3C=C42)=C4C=C1C=C5)=C5OCCOCCOCCOCC#C,0
COC(C1=C[N+](CCC2=CC(OCO3)=C3C=C42)=C4C=C1C=C5)=C5OCCOCCOCCOCCOCC#C,0
COC(C1=C[N+](CCC2=CC3=C(OCO3)C=C42)=C4C=C1C=C5)=C5OCCCN,0
COC1=C(C2=C(C=C3C4=CC5=C(C=C4CC[N+]3=C2)OCO5)C=C1)OC,0
COC1=C(Cl)C2=C[N+]3=C(C=C2C=C1)C4=CC(OCO5)=C5C=C4CC3,0
COC1=C(Cl)C2=C[N+]3=C(C=C2C=C1OC)C4=CC(OCO5)=C5C=C4CC3,0
COC1=C(NC(C2=C(C)OC(C)=C2)=O)C3=C[N+]4=C(C=C3C=C1)C5=CC(OC)=C(OC)C=C5CC4,0
COC1=C(NC(C2=C(C)ON=C2C)=O)C3=C[N+]4=C(C=C3C=C1)C5=CC(OC)=C(OC)C=C5CC4,0
COC1=C(NC(C2=CC(C3=CC=CC=C3)=NO2)=O)C4=C[N+]5=C(C=C4C=C1)C6=CC(OC)=C(OC)C=C6CC5,0
COC1=C(NC(C2=CC=C(C(C)(C)C)C=C2)=O)C3=C[N+]4=C(C=C3C=C1)C5=CC(OC)=C(OC)C=C5CC4,0
COC1=C(NC(C2=CC=CC(F)=C2)=O)C3=C[N+]4=C(C=C3C=C1)C5=CC(OC)=C(OC)C=C5CC4,0
COC1=C(NC(C2=CC=CC=C2)=O)C3=C[N+]4=C(C=C3C=C1)C5=CC(OC)=C(OC)C=C5CC4,0
COC1=C(NC(C2=CC=CO2)=O)C3=C[N+]4=C(C=C3C=C1)C5=CC(OC)=C(OC)C=C5CC4,0
COC1=C(NC(C2=CN=CC=C2)=O)C3=C[N+]4=C(C=C3C=C1)C5=CC(OC)=C(OC)C=C5CC4,0
COC1=C(NC(C2=NN(C)C(C)=C2)=O)C3=C[N+]4=C(C=C3C=C1)C5=CC(OC)=C(OC)C=C5CC4,0
COC1=C(NCC2=C(OC)C=C(OC)C=C2)C3=C[N+]4=C(C=C3C=C1)C5=CC(OC)=C(OC)C=C5CC4,0
COC1=C(NCC2=CC=C(Br)C=C2)C3=C[N+]4=C(C=C3C=C1)C5=CC(OC)=C(OC)C=C5CC4,0
COC1=C(NCC2=CC=C(C)C=C2)C3=C[N+]4=C(C=C3C=C1)C5=CC(OC)=C(OC)C=C5CC4,0
COC1=C(NCC2=CC=C(F)C=C2)C3=C[N+]4=C(C=C3C=C1)C5=CC(OC)=C(OC)C=C5CC4,0
COC1=C(NCC2=CC=C(OC)C=C2)C3=C[N+]4=C(C=C3C=C1)C5=CC(OC)=C(OC)C=C5CC4,0
COC1=C(NCC2=CC=CC(C#N)=C2)C3=C[N+]4=C(C=C3C=C1)C5=CC(OC)=C(OC)C=C5CC4,0
COC1=C(NCC2=CC=CC(C)=C2)C3=C[N+]4=C(C=C3C=C1)C5=CC(OC)=C(OC)C=C5CC4,0
COC1=C(NCC2=CC=CC=C2)C3=C[N+]4=C(C=C3C=C1)C5=CC(OC)=C(OC)C=C5CC4,0
COC1=C(NCC2=CC=CO2)C3=C[N+]4=C(C=C3C=C1)C5=CC(OC)=C(OC)C=C5CC4,0
COC1=C(NCC2=NC=CC=C2)C3=C[N+]4=C(C=C3C=C1)C5=CC(OC)=C(OC)C=C5CC4,0
COC1=C(NCCCCC#N)C2=C[N+](CCC3=CC(OCO4)=C4C=C53)=C5C=C2C=C1,0
COC1=C(OC(C2=CC=C(C(C)(C)C)C=C2)=O)C3=C[N+]4=C(C=C3C=C1)C5=CC6=C(OCO6)C=C5CC4,0
COC1=C(OC(C2=CN=C(F)C=C2)=O)C3=C[N+]4=C(C=C3C=C1)C5=CC6=C(OCO6)C=C5CC4,0
COC1=C(OC(C2CCCC2)=O)C3=C[N+]4=C(C=C3C=C1)C5=CC6=C(OCO6)C=C5CC4,0
COC1=C(OC(CC2CCCC2)=O)C3=C[N+]4=C(C=C3C=C1)C5=CC6=C(OCO6)C=C5CC4,0
COC1=C(OC(CC2[C@@H]3C[C@@H]4C[C@H]2C[C@H](C3)C4)=O)C=CC(C1=C5)=CC6=[N+]5CCC7=CC(OCO8)=C8C=C76.C,0
COC1=C(OC)C2=C(C=C1)CC3C4=CC5=C(OCO5)C=C4CCN3C2,1
COC1=C(OC)C2=C[N+](CCC3=CC(OC)=C(OCCCCCC#C)C=C43)=C4C=C2C=C1,1
COC1=C(OC)C2=C[N+](CCC3=CC(OC)=C(OCCCCCC#N)C=C43)=C4C=C2C=C1,0
COC1=C(OC)C2=C[N+](CCC3=CC(OCCCCCC#C)=C(OC)C=C43)=C4C=C2C=C1,1
COC1=C(OC)C2=C[N+](CCC3=CC(OCCCCCC#N)=C(OC)C=C43)=C4C=C2C=C1,0
COC1=C(OC)C2=C[N+](CCC3=CC=CC=C3)=CC=C2C=C1,0
COC1=C(OC)C2=C[N+]3=C(C(C/C=C/C)=C2C=C1)C4=CC(OC)=C(OC)C=C4CC3,1
COC1=C(OC)C2=C[N+]3=C(C(C/C=C/C)=C2C=C1)C4=CC5=C(OCO5)C=C4CC3,1
COC1=C(OC)C2=C[N+]3=C(C(C4CCCC=C4)=C2C=C1)C5=CC(OC)=C(OC)C=C5CC3,0
COC1=C(OC)C2=C[N+]3=C(C(C4CCCC=C4)=C2C=C1)C5=CC6=C(OCO6)C=C5CC3,1
COC1=C(OC)C2=C[N+]3=C(C(CC4=CC(C)=CC=C4)=C2C=C1)C5=CC6=C(OCO6)C=C5CC3,1
COC1=C(OC)C2=C[N+]3=C(C(CC4=CC=C(C)C=C4)=C2C=C1)C5=CC(OC)=C(OC)C=C5CC3,1
COC1=C(OC)C2=C[N+]3=C(C(CC4=CC=C(C)C=C4)=C2C=C1)C5=CC6=C(OCO6)C=C5CC3,1
COC1=C(OC)C2=C[N+]3=C(C(CC4=CC=C(OC)C=C4)=C2C=C1)C5=CC(OC)=C(OC)C=C5CC3.[Cl-],1
COC1=C(OC)C2=C[N+]3=C(C(CC4=CC=CC=C4)=C2C=C1)C5=CC(OC)=C(OC)C=C5CC3,1
COC1=C(OC)C2=C[N+]3=C(C(CC=C)=C2C=C1)C4=CC(OC)=C(OC)C=C4CC3,0
COC1=C(OC)C2=C[N+]3=C(C(CC=C)=C2C=C1)C4=CC5=C(OCO5)C=C4CC3,1
COC1=C(OC)C2=C[N+]3=C(C=C2C=C1)C4=CC(OC)=C(OC(CCC)=O)C=C4CC3,0
COC1=C(OC)C2=C[N+]3=C(C=C2C=C1)C4=CC(OC)=C(OC5C=CCCC5)C=C4CC3,0
COC1=C(OC)C2=C[N+]3=C(C=C2C=C1)C4=CC(OC)=C(OCC(Br)=C)C=C4CC3,0
COC1=C(OC)C2=C[N+]3=C(C=C2C=C1)C4=CC(OC)=C(OCC)C=C4CC3,0
COC1=C(OC)C2=C[N+]3=C(C=C2C=C1)C4=CC(OC)=C(OCC5=CC(C)=CC(C)=C5)C=C4CC3,1
COC1=C(OC)C2=C[N+]3=C(C=C2C=C1)C4=CC(OC)=C(OCC5=CC=C(C)C=C5)C=C4CC3,1
COC1=C(OC)C2=C[N+]3=C(C=C2C=C1)C4=CC(OC)=C(OCC5=CC=C(F)C=C5F)C=C4CC3,1
COC1=C(OC)C2=C[N+]3=C(C=C2C=C1)C4=CC(OC)=C(OCC5=CC=C([N+]([O-])=O)C=C5)C=C4CC3,0
COC1=C(OC)C2=C[N+]3=C(C=C2C=C1)C4=CC(OC)=C(OCC5=CC=CC=C5)C=C4CC3,0
COC1=C(OC)C2=C[N+]3=C(C=C2C=C1)C4=CC(OC)=C(OCC5CC5)C=C4CC3,0
COC1=C(OC)C2=C[N+]3=C(C=C2C=C1)C4=CC(OC)=C(OCC5CCC5)C=C4CC3,1
COC1=C(OC)C2=C[N+]3=C(C=C2C=C1)C4=CC(OC)=C(OCC5CCCC5)C=C4CC3,1
COC1=C(OC)C2=C[N+]3=C(C=C2C=C1)C4=CC(OC)=C(OCC=C)C=C4CC3,0
COC1=C(OC)C2=C[N+]3=C(C=C2C=C1)C4=CC(OC)=C(OS(CCCCCCCC)(=O)=O)C=C4CC3,1
COC1=C(OC)C2=C[N+]3=C(C=C2C=C1)C4=CC(OCC)=C(OC)C=C4CC3,0
COC1=C(OC)C2=C[N+]3=C(C=C2C=C1)C4=CC=C(OC)C(OC)=C4CC3,0
COC1=C(OC)C=CC(C1=C2)=CC3=[N+]2CCC4=CC(OC/C=C(C)/C)=C(OC)C=C43,1
COC1=C(OC)C=CC(C1=C2)=CC3=[N+]2CCC4=CC(OC/C=C/C)=C(OC)C=C43,0
COC1=C(OC)C=CC(C1=C2)=CC3=[N+]2CCC4=CC(OCC5CCCCC5)=C(OC)C=C43,1
COC1=C(OC)C=CC(C1=C2)=CC3=[N+]2CCC4=CC(OCCC5(N=N5)CCC#C)=C(OC)C=C43,1
COC1=C(OC)C=CC(C1=C2)=CC3=[N+]2CCC4=CC(OCCCCC#C)=C(OC)C=C43,1
COC1=C(OC/C=C/C)C2=C[N+]3=C(C=C2C=C1)C4=CC(OCO5)=C5C=C4CC3,1
COC1=C(OC/C=C/C)C=CC(C1=C2)=CC3=[N+]2CCC4=CC5=C(OCO5)C=C43,0
COC1=C(OCC#C)C2=C[N+](CCC3=CC(OCO4)=C4C=C53)=C5C=C2C=C1,0
COC1=C(OCCC#C)C2=C[N+](CCC3=CC(OCO4)=C4C=C53)=C5C=C2C=C1,1
COC1=C(OCCC2(N=N2)CCC#C)C3=C[N+]4=C(C=C3C=C1)C5=CC(OC)=C(OC)C=C5CC4,0
COC1=C(OCCC2(N=N2)CCC#C)C=CC(C1=C3)=CC4=[N+]3CCC5=CC6=C(OCO6)C=C54,0
COC1=C(OCCCCC#N)C2=C[N+](CCC3=CC(OCO4)=C4C=C53)=C5C=C2C=C1,0
COC1=C(OCCCCCC#C)C(C[N+]2(CCCCCC#C)CCC3=CC(OCO4)=C4C=C3C2C5)=C5C=C1,1
COC1=C(OCCCCCC#C)C2=C[N+](CCC3=CC(OC)=C(OC)C=C43)=C4C=C2C=C1,0
COC1=C(OCCCCCC#C)C2=C[N+](CCC3=CC(OCO4)=C4C=C53)=C5C=C2C=C1,1
COC1=C(OCCCCCC#N)C(CN2CCC3=CC(OCO4)=C4C=C3C2C5)=C5C=C1,1
COC1=C(OCCCCCC#N)C2=C[N+](CCC3=CC(OC)=C(OC)C=C43)=C4C=C2C=C1,0
COC1=C(OCCCCCC#N)C2=C[N+](CCC3=CC(OCO4)=C4C=C53)=C5C=C2C=C1,1
COC1=C(OCCCCCC=C)C2=C[N+](CCC3=CC(OCO4)=C4C=C53)=C5C=C2C=C1,1
COC1=C(OCCCCCCC#C)C(C=[N+]2CCC3=CC(OCO4)=C4C=C3C2=C5)=C5C=C1,1
COC1=C(OCCCCCCC#C)C2=C[N+](CCC3=CC(OCO4)=C4C=C53)=C5C=C2C=C1,1
COC1=C(OCCCCCCC#N)C2=C[N+](CCC3=CC(OCO4)=C4C=C53)=C5C=C2C=C1,1
COC1=C(OCCCCCCC=C)C2=C[N+](CCC3=CC(OCO4)=C4C=C53)=C5C=C2C=C1,1
COC1=C(OCCCCCN)C2=C[N+](CCC3=CC4=C(OCO4)C=C53)=C5C=C2C=C1,1
COC1=C(OCCCCCNC(CCCC[C@H]2[C@]([H])([C@]([H])(CS2)N3)NC3=O)=O)C4=C[N+](CCC5=CC(OC)=C(OC)C=C65)=C6C=C4C=C1.C,0
COC1=C(OCCCCCNC(OC(C)(C)C)=O)C2=C[N+](CCC3=CC4=C(OCO4)C=C53)=C5C=C2C=C1,0
COC1=C(OCCCN)C2=C[N+](CCC3=CC4=C(OCO4)C=C53)=C5C=C2C=C1,1
COC1=C(OCCCNC(CCCC[C@H]2[C@]([H])([C@]([H])(CS2)N3)NC3=O)=O)C4=C[N+](CCC5=CC(OC)=C(OC)C=C65)=C6C=C4C=C1,0
COC1=C(OCCOCCN(CC#C)CC#C)C2=C[N+](CCC3=CC(OCO4)=C4C=C53)=C5C=C2C=C1,1
COC1=C(OCCOCCN)C2=C[N+](CCC3=CC(OCO4)=C4C=C53)=C5C=C2C=C1,0
COC1=C(OCCOCCN)C2=C[N+](CCC3=CC4=C(OCO4)C=C53)=C5C=C2C=C1,0
COC1=C(OCCOCCNC(CCCC[C@H]2[C@]([H])([C@]([H])(CS2)N3)NC3=O)=O)C4=C[N+](CCC5=CC(OC)=C(OC)C=C65)=C6C=C4C=C1.C,0
COC1=C(OCCOCCNC(OC(C)(C)C)=O)C2=C[N+](CCC3=CC(OCO4)=C4C=C53)=C5C=C2C=C1,0
COC1=C(OCCOCCNCC#C)C2=C[N+](CCC3=CC(OCO4)=C4C=C53)=C5C=C2C=C1,0
COC1=C(OCCOCCOCC#C)C2=C[N+](CCC3=CC(OCO4)=C4C=C53)=C5C=C2C=C1,1
COC1=C(OCCOCCOCCN)C2=C[N+](CCC3=CC4=C(OCO4)C=C53)=C5C=C2C=C1,0
COC1=C(OCCOCCOCCOCC#C)C2=C[N+](CCC3=CC(OCO4)=C4C=C53)=C5C=C2C=C1,0
COC1=C(OCCOCCOCCOCCOCC#C)C2=C[N+](CCC3=CC(OCO4)=C4C=C53)=C5C=C2C=C1,1
COC1=CC(=O)C=C(OC)C1(O)CCC(=O)c1ccc(O)cc1,0
COC1=CC2=C[N+]3=C(C=C2C=C1OC)C4=CC(OC)=C(OCC)C=C4CC3,0
COC1=CC2=C[N+]3=C(C=C2C=C1OC)C4=CC(OCC)=C(OC)C=C4CC3,0
COC1=CC2=C[N+]3=C(C=C2C=C1OC)C4=CC(OCO5)=C5C=C4CC3,0
COC1=CC2=C[N+]3=C(C=C2C=C1OC)C4=CC=C(OC)C(OC)=C4CC3,0
COC1=CC2=C[N+]3=C(C=C2C=C1OCC)C4=CC(OCO5)=C5C=C4CC3,0
COC1=CC=C2C(CCCCCCCCC)=C3C4=CC(OCC)=C(OCC)C=C4CC[N+]3=CC2=C1OCC,1
COC1=CC=C2C(CCCCCCCCC)=C3C4=CC5=C(OCO5)C=C4CC[N+]3=CC2=C1,0
COC1=CC=C2C(CCCCCCCCC)=C3C4=CC5=C(OCO5)C=C4CC[N+]3=CC2=C1OC,1
COCC/N=C(\N)Nc1nc(-c2ccc(CNC(C)=O)o2)cs1,1
COCC/N=C(\N)Nc1nc(-c2cccc(CNC(C)=O)c2)cs1,1
COCC/N=C(\N)Nc1nc(-c2cccc(CNC(C)=O)n2)cs1,0
COCC/N=c1\c(O)c(O)\c1=N/C/C=C\COc1csc(CN2CCCCC2)c1,0
COCCC/N=C(\N)Nc1nc(-c2cccc(CNC(C)=O)c2)cs1,1
COCCNC1=Nc2ccccc2C(c2ccccc2)=NC1c1cccs1,0
COCc1c2ccoc2c(OC)c2oc(=O)ccc12,0
COCc1cc2cc3ccc(=O)oc3cc2o1,0
CON1NC(c2ccccc2O)CC1c1ccc(Cl)cc1,0
CONC(=O)c1cc(-c2c3c(=O)n(C)c(=O)n(CC4CC4)c3nn2Cc2c[nH]c3ccc(C)cc23)n(C)c1,1
CONC(=O)c1cccc(NC(=O)Cc2cccc(Br)c2)c1,0
CONS(=O)(=O)c1cc(-c2c3c(=O)n(C)c(=O)n(CC4CC4)c3nn2Cc2c[nH]c3ccc(Cl)cc23)n(C)c1,0
CONS(=O)(=O)c1cc(-c2c3c(=O)n(C)c(=O)n(CC4CC4)c3nn2Cc2ccnc3ccc(Cl)cc23)n(C)c1,0
CO[C@@H]1C=C2[C@@H]3CC(C)(C)CC[C@]3(C(=O)O)CC[C@@]2(C)[C@]2(C)CC[C@H]3C(C)(C)[C@H](O)CC[C@]3(C)[C@@H]12,0
CO[C@@H]1Cc2c(c(O[C@@H]3O[C@H](C)[C@@H](O)[C@H](O)[C@H]3O)c3ccccc3c2O[C@@H]2O[C@H](CO)[C@@H](O)[C@H](O)[C@H]2O)CO1,0
CO[C@@H]1Cc2c(c(O[C@@H]3O[C@H](CO)[C@@H](O)[C@H](O)[C@H]3O)c3ccccc3c2O[C@@H]2O[C@H](CO)[C@@H](O)[C@H](O)[C@H]2O)CO1,0
CO[C@H]1/C=C/O[C@@]2(C)Oc3c(C)c(O)c4c(=O)c(c5oc6cc(N7CCN(CC(C)C)CC7)cc(O)c6nc-5c4c3C2=O)NC(=O)/C(C)=C\C=C\[C@H](C)[C@H](O)[C@@H](C)[C@@H](O)[C@@H](C)[C@H](OC(C)=O)[C@@H]1C,1
CO[C@H]1/C=C/O[C@@]2(C)Oc3c(C)c(O)c4c(=O)c(c5oc6cc(N7CCN(CCn8c([N+](=O)[O-])cnc8C)CC7)cc(O)c6nc-5c4c3C2=O)NC(=O)/C(C)=C\C=C\[C@H](C)[C@H](O)[C@@H](C)[C@@H](O)[C@@H](C)[C@H](OC(C)=O)[C@@H]1C,1
CO[C@H]1/C=C/O[C@@]2(C)Oc3c(C)c(O)c4c(=O)c(c5oc6cc(N7CCN(c8ccc(OCC9(C)Cn%10cc([N+](=O)[O-])nc%10O9)cc8)CC7)cc(O)c6nc-5c4c3C2=O)NC(=O)/C(C)=C\C=C\[C@H](C)[C@H](O)[C@@H](C)[C@@H](O)[C@@H](C)[C@H](OC(C)=O)[C@@H]1C,1
CO[C@H]1/C=C/O[C@@]2(C)Oc3c(C)c(O)c4c(O)c(c(/C=N/N5CCN(C)CC5)c(O)c4c3C2=O)NC(=O)/C(C)=C\C=C\[C@H](C)[C@H](O)[C@@H](C)[C@@H](O)[C@@H](C)[C@H](OC(C)=O)[C@@H]1C,1
CO[C@H]1/C=C/O[C@@]2(C)Oc3c(C)c(O)c4c(O)c(c(/C=N/N5CCN(CCn6c([N+](=O)[O-])cnc6C)CC5)c(O)c4c3C2=O)NC(=O)/C(C)=C\C=C\[C@H](C)[C@H](O)[C@@H](C)[C@@H](O)[C@@H](C)[C@H](OC(C)=O)[C@@H]1C,1
CO[C@H]1/C=C/O[C@@]2(C)Oc3c(C)c(O)c4c(O)c(c(C(=O)CN5CCN(OCC6(C)Cn7cc([N+](=O)[O-])nc7O6)CC5)c(O)c4c3C2=O)NC(=O)/C(C)=C\C=C\[C@H](C)[C@H](O)[C@@H](C)[C@@H](O)[C@@H](C)[C@H](OC(C)=O)[C@@H]1C,1
CO[C@H]1/C=C/O[C@@]2(C)Oc3c(C)c(O)c4c(O)c(c(N5CCN(C(=O)CO[C@@H]6COc7nc([N+](=O)[O-])cn7C6)CC5)c(O)c4c3C2=O)NC(=O)/C(C)=C\C=C\[C@H](C)[C@H](O)[C@@H](C)[C@@H](O)[C@@H](C)[C@H](OC(C)=O)[C@@H]1C,1
CO[C@H]1/C=C/O[C@@]2(C)Oc3c(C)c(O)c4c(O)c(c(N5CCN(C(=O)c6ccc(OCC7(C)Cn8cc([N+](=O)[O-])nc8O7)cc6)CC5)c(O)c4c3C2=O)NC(=O)/C(C)=C\C=C\[C@H](C)[C@H](O)[C@@H](C)[C@@H](O)[C@@H](C)[C@H](OC(C)=O)[C@@H]1C,1
CO[C@H]1/C=C/O[C@@]2(C)Oc3c(C)c(O)c4c(O)c(c(N5CCN(CC6(C)Cn7cc([N+](=O)[O-])nc7O6)CC5)c(O)c4c3C2=O)NC(=O)/C(C)=C\C=C\[C@H](C)[C@H](O)[C@@H](C)[C@@H](O)[C@@H](C)[C@H](OC(C)=O)[C@@H]1C,1
CO[C@H]1/C=C/O[C@@]2(C)Oc3c(C)c(O)c4c(O)c(c(N5CCN(CCn6c([N+](=O)[O-])cnc6C)CC5)c(O)c4c3C2=O)NC(=O)/C(C)=C\C=C\[C@H](C)[C@H](O)[C@@H](C)[C@@H](O)[C@@H](C)[C@H](OC(C)=O)[C@@H]1C,1
CO[C@H]1/C=C/O[C@@]2(C)Oc3c(C)c(O)c4c(O)c(c(N5CCN(Cc6ccc(CO[C@@H]7COc8nc([N+](=O)[O-])cn8C7)cc6)CC5)c(O)c4c3C2=O)NC(=O)/C(C)=C\C=C\[C@H](C)[C@H](O)[C@@H](C)[C@@H](O)[C@@H](C)[C@H](OC(C)=O)[C@@H]1C,1
CO[C@H]1/C=C/O[C@@]2(C)Oc3c(C)c(O)c4c(O)c(c(N5CCN(Cc6ccc(OCC7Cn8cc([N+](=O)[O-])nc8O7)cc6)CC5)c(O)c4c3C2=O)NC(=O)/C(C)=C\C=C\[C@H](C)[C@H](O)[C@@H](C)[C@@H](O)[C@@H](C)[C@H](OC(C)=O)[C@@H]1C,1
CO[C@H]1/C=C/O[C@@]2(C)Oc3c(C)c(O)c4c(O)c(c(N5CCN(c6ccc(OCC7(C)Cn8cc([N+](=O)[O-])nc8O7)cc6)CC5)c(O)c4c3C2=O)NC(=O)/C(C)=C\C=C\[C@H](C)[C@H](O)[C@@H](C)[C@@H](O)[C@@H](C)[C@H](OC(C)=O)[C@@H]1C,1
CO[C@H]1/C=C/O[C@@]2(C)Oc3c(C)c(O)c4c(O)c(c5c(nc6cc(C)ccn65)c4c3C2=O)NC(=O)/C(C)=C\C=C\[C@H](C)[C@H](O)[C@@H](C)[C@@H](O)[C@@H](C)[C@H](OC(C)=O)[C@@H]1C,1
CO[C@H]1/C=C/O[C@@]2(C)Oc3c(C)c(O)c4c(O)c(c5c(nc6ccc(CCC(=O)N7CCN(CCn8c([N+](=O)[O-])cnc8C)CC7)cn65)c4c3C2=O)NC(=O)/C(C)=C\C=C\[C@H](C)[C@H](O)[C@@H](C)[C@@H](O)[C@@H](C)[C@H](OC(C)=O)[C@@H]1C,1
CO[C@H]1/C=C/O[C@@]2(C)Oc3c(C)c(O)c4c(c3C2=O)C2=NC3(CCN(CC(=O)Nc5ncc([N+](=O)[O-])s5)CC3)NC2=C(NC(=O)/C(C)=C\C=C\[C@H](C)[C@H](O)[C@@H](C)[C@@H](O)[C@@H](C)[C@H](OC(C)=O)[C@@H]1C)C4=O,1
CO[C@H]1/C=C/O[C@@]2(C)Oc3c(C)c(O)c4c(c3C2=O)C2=NC3(CCN(CC(C)C)CC3)NC2=C(NC(=O)/C(C)=C\C=C\[C@H](C)[C@H](O)[C@@H](C)[C@@H](O)[C@@H](C)[C@H](OC(C)=O)[C@@H]1C)C4=O,0
CO[C@H]1/C=C/O[C@@]2(C)Oc3c(C)c(O)c4c(c3C2=O)C2=NC3(CCN(CC5(C)Cn6cc([N+](=O)[O-])nc6O5)CC3)NC2=C(NC(=O)/C(C)=C\C=C\[C@H](C)[C@H](O)[C@@H](C)[C@@H](O)[C@@H](C)[C@H](OC(C)=O)[C@@H]1C)C4=O,1
CO[C@H]1/C=C/O[C@@]2(C)Oc3c(C)c(O)c4c(c3C2=O)C2=NC3(CCN(CC5Cn6cc([N+](=O)[O-])nc6O5)CC3)NC2=C(NC(=O)/C(C)=C\C=C\[C@H](C)[C@H](O)[C@@H](C)[C@@H](O)[C@@H](C)[C@H](OC(C)=O)[C@@H]1C)C4=O,1
CO[C@H]1/C=C/O[C@@]2(C)Oc3c(C)c(O)c4c(c3C2=O)C2=NC3(CCN(CCn5c([N+](=O)[O-])cnc5C)CC3)NC2=C(NC(=O)/C(C)=C\C=C\[C@H](C)[C@H](O)[C@@H](C)[C@@H](O)[C@@H](C)[C@H](OC(C)=O)[C@@H]1C)C4=O,1
CO[C@H]1/C=C/O[C@@]2(C)Oc3c(C)c(O)c4c(c3C2=O)C2=NC3(CCN(Cc5ccc(CO[C@@H]6COc7nc([N+](=O)[O-])cn7C6)cc5)CC3)NC2=C(NC(=O)/C(C)=C\C=C\[C@H](C)[C@H](O)[C@@H](C)[C@@H](O)[C@@H](C)[C@H](OC(C)=O)[C@@H]1C)C4=O,1
CO[C@H]1Cc2c(c(O[C@@H]3O[C@H](C)[C@@H](O)[C@H](O)[C@H]3O)c3ccccc3c2O[C@@H]2O[C@H](CO)[C@@H](O)[C@H](O)[C@H]2O)CO1,0
CO[C@H]1Cc2c(c(O[C@@H]3O[C@H](CO)[C@@H](O)[C@H](O)[C@H]3O)c3ccccc3c2O[C@@H]2O[C@H](CO)[C@@H](O)[C@H](O)[C@H]2O)CO1,0
CO[C@H]1OCc2c(c(O[C@@H]3O[C@H](CO)[C@@H](O)[C@H](O)[C@H]3O)c3ccccc3c2O[C@@H]2O[C@H](C)[C@@H](O)[C@H](O)[C@H]2O)[C@@H]1O,0
COc1c(-c2ccc(O)c(O)c2)oc2cc(O)cc(O)c2c1=O,0
COc1c(N2CCNC(C)C2)c(F)cc2c(=O)c(C(=O)O)cn(C3CC3)c12,1
COc1c(N2CCOC(CN(C)C)C2)c(F)cc2c(=O)c(C(=O)O)cn(C3CC3)c12,0
COc1c(N2CCO[C@@H](CN(C)C)C2)c(F)cc2c(=O)c(C(=O)O)cn(C3CC3)c12,0
COc1c(N2CCO[C@H](CN(C)C)C2)c(F)cc2c(=O)c(C(=O)O)cn(C3CC3)c12,0
COc1c(O)ccc2c1OCC(Cc1ccc(O)cc1)C2,0
COc1c2occc2c(/N=C/c2ccccc2)c2ccc(=O)oc12,0
COc1c2occc2c(Br)c2ccc(=O)oc12,0
COc1c2occc2c(CCl)c2ccc(=O)oc12,0
COc1c2occc2c(CNc2ccc([N+](=O)[O-])cc2)c2ccc(=O)oc12,0
COc1c2occc2c(Cl)c2ccc(=O)oc12,0
COc1c2occc2c(N)c2ccc(=O)oc12,0
COc1c2occc2c(S(=O)(=O)Nc2ccc([N+](=O)[O-])cc2)c2ccc(=O)oc12,0
COc1c2occc2c(S(=O)(=O)OC)c2ccc(=O)oc12,0
COc1c2occc2c(S(=O)(=O)Oc2ccccc2)c2ccc(=O)oc12,0
COc1c2occc2c(S(N)(=O)=O)c2ccc(=O)oc12,0
COc1c2occc2c([N+](=O)[O-])c2ccc(=O)oc12,1
COc1c2occc2cc2ccc(=O)oc12,0
COc1cc(/C=C/C(=O)/C=C(O)/C=C/c2ccc(O)c(OC)c2)ccc1O,0
COc1cc(/C=C/C(=O)O)ccc1OC/C=C(\C)CCC=C(C)C,0
COc1cc(/C=C/C(=O)O)ccc1OCC=C(C)C,1
COc1cc(/C=C2\Oc3cc(O)cc(O)c3C2=O)ccc1OCc1ccccc1,0
COc1cc(C(=O)O)ccc1OC/C=C(\C)CCC=C(C)C,0
COc1cc(C(=O)O)ccc1OCC=C(C)C,0
COc1cc(O)c(C(CCc2ccc(O)cc2OC)c2ccc(O)cc2)cc1CCC(=O)c1ccc(O)cc1,0
COc1cc(O)c2c(=O)c(O)c(-c3ccc(O)c(O)c3)oc2c1,0
COc1cc(O)c2c(c1C)O[C@H](c1ccc(O)cc1)CC2,0
COc1cc(O)cc(O)c1CCC(=O)c1ccc(O)cc1,0
COc1cc(O)cc(OC)c1CCC(=O)c1ccc(O)cc1,0
COc1cc(O)cc2c1C(=O)OC2CCCCCC1CCCC2(CCC(C)O2)O1,1
COc1cc(O)ccc1C(=O)/C=C/c1ccc(O)cc1,0
COc1cc(O)ccc1CCC(=O)c1ccc(O)cc1,0
COc1cc(O)ccc1CCC(c1ccc(O)cc1)c1c(/C=C/c2ccc(O)cc2)cc(O)cc1OC,0
COc1cc(O)ccc1CCC(c1ccc(O)cc1)c1c(O)cc(O)cc1/C=C/c1ccc(O)cc1,0
COc1cc(O)ccc1CCC(c1ccc(O)cc1)c1cc2c(c(C)c1O)O[C@@H](c1ccc(O)cc1)CC2,0
COc1cc(OC)c(C(CCc2ccc(O)cc2OC)c2ccc(O)cc2)cc1CCC(=O)c1ccc(O)cc1,0
COc1cc(OC)c2c(c1)C(CCCCCCC1CCC3(CCC(C)O3)O1)OC2=O,1
COc1cc(OC)c2c(c1)C(CCCCCCCCCC(=O)CCC(C)=O)OC2=O,1
COc1cc(OC)c2c(c1)C(CCCCCCCCCC(CCC(C)=O)OC(C)=O)OC2=O,1
COc1cc(OC)c2c(c1)C(CCCCCCCCCCCCC(C)=O)OC2=O,0
COc1cc(OC)c2c(c1)C(CCCCCCCCCCCCC(C)O)OC2=O,0
COc1cc(OC)c2c(c1)N(CCCCCCCC[C@H]1CCC[C@]3(CC[C@H](C)O3)O1)C(=O)C2,0
COc1cc(OC)c2c(c1)N(CCCCC[C@H]1CCC[C@]3(CC[C@H](C)O3)O1)C(=O)C2,0
COc1cc(OC)c2c(c1)N(CCCC[C@H]1CCC[C@]3(CC[C@H](C)O3)O1)C(=O)C2,0
COc1cc(OC)c2c(c1)[C@@H](CCCCCCCC[C@H]1CCC[C@]3(CC[C@H](C)O3)O1)OC2=O,1
COc1cc(OC)c2c(c1)[C@@H](CCCCCC[C@H]1CC[C@@]3(CC[C@H](C)O3)O1)OC2=O,1
COc1cc(OC)c2c(c1)[C@@H](CCCCCC[C@H]1CC[C@]3(CC[C@H](C)O3)O1)OC2=O,1
COc1cc(OC)c2c(c1)[C@@H](CCCCC[C@H]1CCC[C@]3(CC[C@@H](C)O3)O1)OC2=O,1
COc1cc(OC)c2c(c1)[C@@H](CCCCC[C@H]1CCC[C@]3(CC[C@H](C)O3)O1)OC2=O,1
COc1cc(OC)c2c(c1)[C@@H](CCCC[C@H]1CCC[C@]3(CC[C@H](C)O3)O1)OC2=O,0
COc1cc(OC)c2c(c1)[C@H](CCCCCC[C@H]1CC[C@@]3(CC[C@H](C)O3)O1)OC2=O,0
COc1cc(OC)c2c(c1)[C@H](CCCCCC[C@H]1CC[C@]3(CC[C@H](C)O3)O1)OC2=O,0
COc1cc(OC)c2ccn(CCCC3CCCC4(CCCCO4)O3)c2c1,0
COc1cc(OC)c2ccn(CCCCCCCCC(C)=O)c2c1,0
COc1cc(OC)c2ccn(CCCCCCCCCC(=O)CCC(C)=O)c2c1,0
COc1cc(OC)c2ccn(CCCCCCCCCC(CCC(C)=O)OC(C)=O)c2c1,0
COc1cc(OC)c2ccn(CCCCCCCCCCCCC(C)=O)c2c1,0
COc1cc(OC)c2ccn(CCCCCCCCCCCCC(C)O)c2c1,0
COc1cc(OC)c2ccn(CCCCCCCC[C@H]3CCC[C@]4(CC[C@H](C)O4)O3)c2c1,0
COc1cc(OC)c2ccn(CCCCC[C@H]3CCC[C@]4(CC[C@H](C)O4)O3)c2c1,0
COc1cc(OC)c2ccn(CCCC[C@H]3CCC[C@]4(CC[C@H](C)O4)O3)c2c1,1
COc1cc(OC)cc(C(=O)N/N=C2/C(=O)N(CC=C(C)C)c3ccccc32)c1,1
COc1cc2c(cc(OC)c3cc(C)c(O)cc32)c(C)c1O,0
COc1cc2c(cc1O)C(=O)c1cc(C)ccc1C2=O,0
COc1cc2c(cc1OC)-c1c(oc3c4c(ccc3c1=O)OC(C)(C)C=C4)CO2,1
COc1cc2c(cc1OC)Oc1c(oc3c4c(ccc3c1=O)OC(C)(C)C=C4)CO2,1
COc1cc2c(cc1OC)[C@@H]1C(=O)c3c(O)cc4c(c3O[C@@H]1CO2)C=CC(C)(C)O4,1
COc1cc2c(cc1OC)[C@@H]1C(=O)c3ccc4c(c3O[C@@H]1CO2)C=CC(C)(C)O4,1
COc1cc2c(cc1OC)[C@@H]1C(=O)c3ccc4c(c3O[C@@H]1CO2)[C@H](O)[C@@H](O)C(C)(C)O4,0
COc1cc2c(cc1OC)[C@@H]1C(=O)c3ccc4occc4c3O[C@@H]1CO2,1
COc1cc2c(cc1OC)[C@]1(O)C(=O)c3ccc4c(c3O[C@@H]1CO2)C=CC(C)(C)O4,1
COc1cc2c(cc1OC)[C@]1(O)C(=O)c3ccc4c(c3O[C@@H]1CO2)[C@H](O)[C@@H](O)C(C)(C)O4,0
COc1ccc(-c2coc3cc(OC)c(OC)cc3c2=O)cc1,0
COc1ccc(-c2coc3cc(OC)cc(OC)c3c2=O)cc1,0
COc1ccc(-c2coc3cc(OC)ccc3c2=O)cc1,0
COc1ccc(-c2oc3cc(O)cc(O)c3c(=O)c2O)cc1,0
COc1ccc(-n2nc(C(=O)NC(c3ccccc3)c3ccccc3)cc2C(=O)NCc2ccccc2)cc1,0
COc1ccc(-n2nc(C(=O)NCC(C)C)cc2C(=O)Nc2ccc(C(=O)N3CCCC3)cc2)cc1,0
COc1ccc(-n2nc(C(=O)NCC3CCCO3)cc2C(=O)Nc2ccc(C(=O)N3CCCC3)cc2)cc1,0
COc1ccc(-n2nc(C(=O)NCc3ccccc3)cc2C(=O)Nc2ccc(C(=O)N3CCCC3)cc2)cc1,0
COc1ccc(-n2nc(C(=O)NCc3cccnc3)cc2C(=O)Nc2ccccc2)cc1,1
COc1ccc(-n2nc(C(=O)Nc3ccc(C(=O)N4CCCC4)cc3)cc2C(=O)NCc2ccccc2)cc1,0
COc1ccc(-n2nnc3c4c(cc(F)c32)c(=O)c(C(=O)O)cn4C2CC2)cc1,1
COc1ccc(/C=C/c2cc(O)cc(O)c2)cc1,0
COc1ccc(C(=O)/C=C\O)cc1,0
COc1ccc(C(=O)C/C=N/NC(N)=O)cc1,0
COc1ccc(C(=O)C/C=N/NC(N)=S)cc1,0
COc1ccc(C(=O)C/C=N/O)cc1,0
COc1ccc(C(=O)CC(O)S(=O)(=O)[O-])cc1.[Na+],0
COc1ccc(C(=O)N/N=C2/C(=O)N(CC=C(C)C)c3ccccc32)cc1,0
COc1ccc(C(=O)N/N=C2/C(=O)N(CC=C(C)C)c3ccccc32)cc1F,1
COc1ccc(C(=O)N/N=C2/C(=O)N(CC=C(C)C)c3ccccc32)cc1OC,1
COc1ccc(C(=O)OCCSc2ccc([N+](=O)[O-])c3nonc23)cc1,0
COc1ccc(C(CCc2ccc(O)cc2OC)c2c(O)cc(OC)cc2/C=C/c2ccc(O)cc2)cc1,0
COc1ccc(C(CCc2ccc(O)cc2OC)c2c(OC)cc(/C=C/c3ccc(O)cc3)cc2OC)cc1,0
COc1ccc(C(CCc2ccc(O)cc2OC)c2cc(CCC(=O)c3ccc(O)cc3)c(OC)cc2O)cc1,0
COc1ccc(C)cc1OC,0
COc1ccc(C/N=C(\N)Nc2nc(-c3ccc(CNC(C)=O)o3)cs2)cc1,1
COc1ccc(C2(C)SCc3cc(C)c(C)cc3CS2)cc1,1
COc1ccc(C2=C(O)COC2=O)cc1OC,0
COc1ccc(C2CC(c3ccc(O)cc3)NN2C(C)=O)cc1,1
COc1ccc(C2CC(c3ccc(O)cc3O)NN2C(C)=O)c(O)c1,0
COc1ccc(C2CC(c3ccc(O)cc3O)NN2C(C)=O)cc1,1
COc1ccc(C2CC(c3ccccc3O)NN2C(C)=O)cc1OC,0
COc1ccc(CC(=O)c2ccc(OC)cc2)cc1,0
COc1ccc(CC/N=C(\N)Nc2nc(-c3ccc(CNC(C)=O)o3)cs2)cc1,1
COc1ccc(CC/N=C(\N)Nc2nc(-c3cccc(CNC(C)=O)c3)cs2)cc1,1
COc1ccc(CC/N=C(\N)Nc2nc(-c3cccc(CNC(C)=O)n3)cs2)cc1,1
COc1ccc(CCC(=O)c2ccc(O)cc2)c(OC)c1,0
COc1ccc(CS(=O)(=O)c2ccc(N)c3nonc23)cc1,0
COc1ccc(CSc2cc(Cl)c(N)c3nonc23)cc1,0
COc1ccc(CSc2ccc(N)c3nonc23)cc1,0
COc1ccc(CSc2ccc(S(N)(=O)=O)c3nonc23)cc1,0
COc1ccc(CSc2ccc([N+](=O)[O-])c3nonc23)cc1,1
COc1ccc(C[S+]([O-])c2ccc(N)c3nonc23)cc1,0
COc1ccc(C[S+]([O-])c2ccc([N+](=O)[O-])c3nonc23)cc1,0
COc1ccc(NCc2c3ccoc3c(OC)c3oc(=O)ccc23)cc1,0
COc1ccc(NS(=O)(=O)c2c3ccoc3c(OC)c3oc(=O)ccc23)cc1,0
COc1ccc(Nc2c(F)cc3c(=O)c(C(=O)O)cn(C4CC4)c3c2N)cc1,0
COc1ccc(Sc2ccc([N+](=O)[O-])c3nonc23)cc1,1
COc1ccc([C@@H]2CCc3ccc(O)cc3O2)cc1,0
COc1ccc2c(=O)c(-c3ccc(OC)c(OC)c3)coc2c1,0
COc1ccc2c(=O)cc(-c3ccc(OC)c(OC)c3)oc2c1,0
COc1ccc2c(c1)C(=O)c1cc(CO)ccc1C2=O,0
COc1ccc2c(c1)OC=C(c1ccc(OC)c(OC)c1)[C@@H]2O,0
COc1ccc2c(c1)OC=C(c1ccc(OC)c(OC)c1)[C@H]2O,0
COc1ccc2c(c1)OCC(c1ccc(OC)c(OC)c1)C2=O,0
COc1ccc2c(c1C)O[C@@H](c1ccc(O)cc1)CC2,0
COc1ccc2cc(C(=O)Nc3ccc(C(=O)O)cc3)c(=O)oc2c1,0
COc1ccc2oc(=O)c(C(=O)Nc3ccc(C(=O)O)cc3)cc2c1,0
COc1cccc(/C=C(\C)[N+](=O)[O-])c1,1
COc1cccc(C(=O)N/N=C2/C(=O)N(CC=C(C)C)c3ccccc32)c1,0
COc1cccc(C/N=C(\N)Nc2nc(-c3ccc(CNC(C)=O)o3)cs2)c1,1
COc1cccc(CC/N=C(\N)Nc2nc(-c3ccc(CNC(C)=O)o3)cs2)c1,1
COc1cccc(CC/N=C(\N)Nc2nc(-c3cccc(CNC(C)=O)n3)cs2)c1,1
COc1cccc(NC(=O)OCCSc2cccc(CSc3nc4ccccc4[nH]3)c2C)c1,1
COc1cccc2c1[C@H](O)[C@]13C=C[C@]4(O)CC(C)=CC(=O)[C@@H]4[C@]1(O3)C2=O,0
COc1cccc2c1[C@H](O)[C@]13C=C[C@]4(O)CC(C)=CC(=O)[C@@H]4[C@]1(O3)[C@H]2O,0
COc1ccccc1/N=C(\N)Nc1nc(-c2ccc(CNC(C)=O)o2)cs1,1
COc1ccccc1C(=O)N/N=C1/C(=O)N(CC=C(C)C)c2ccccc21,0
COc1ccccc1C/N=C(\N)Nc1nc(-c2ccc(CNC(C)=O)o2)cs1,1
COc1ccccc1C1CC(c2ccc(O)cc2)NN1C(C)=O,1
COc1ccccc1CC/N=C(\N)Nc1nc(-c2c[nH]c(CNC(C)=O)n2)cs1,0
COc1ccccc1CC/N=C(\N)Nc1nc(-c2cc(-c3ccccc3)c(CNC(C)=O)o2)cs1,0
COc1ccccc1CC/N=C(\N)Nc1nc(-c2cc(C)c(CNC(C)=O)o2)cs1,1
COc1ccccc1CC/N=C(\N)Nc1nc(-c2cc(CNC(C)=O)c(C)o2)cs1,1
COc1ccccc1CC/N=C(\N)Nc1nc(-c2cc(CNC(C)=O)co2)cs1,1
COc1ccccc1CC/N=C(\N)Nc1nc(-c2cc(CNC(C)=O)on2)cs1,0
COc1ccccc1CC/N=C(\N)Nc1nc(-c2ccc(CNC(C)=O)o2)cs1,1
COc1ccccc1CC/N=C(\N)Nc1nc(-c2ccc(CNC(C)=O)s2)cs1,1
COc1ccccc1CC/N=C(\N)Nc1nc(-c2cccc(CNC(C)=O)c2)co1,1
COc1ccccc1CC/N=C(\N)Nc1nc(-c2cccc(CNC(C)=O)c2)cs1,1
COc1ccccc1CC/N=C(\N)Nc1nc(-c2cccc(CNC(C)=O)n2)cs1,1
COc1ccccc1CC/N=C(\N)Nc1nc(-c2csc(CNC(C)=O)n2)cs1,1
COc1ccccc1CC/N=C(\N)Nc1nc(-c2ncc(CNC(C)=O)o2)cs1,1
COc1ccccc1CC/N=C(\N)Nc1nc2c(s1)CCOc1ccc(CNC(C)=O)cc1-2,0
COc1ccccc1OCC/N=C(\N)Nc1nc(-c2ccc(CNC(C)=O)o2)cs1,1
COc1nc2ccc(Br)cc2cc1[C@@H](c1ccccc1)[C@](O)(CCN(C)C)c1cccc2ccccc12,1
CSCC/N=C(\N)Nc1nc(-c2ccc(CNC(C)=O)o2)cs1,1
CSCC/N=C(\N)Nc1nc(-c2cccc(CNC(C)=O)n2)cs1,1
CSc1ccc(C2Oc3ccccc3C=C2[N+](=O)[O-])cc1,1
C[C@@H]1CN(c2c(F)c(N)c3c(=O)c(C(=O)O)cn(C4CC4)c3c2F)C[C@H](C)N1,0
C[C@H]1COc2c(N3CCN(C)CC3)c(F)cc3c(=O)c(C(=O)O)cn1c23,0
C[C@H]1NCc2cc(-c3ccc4c(=O)c(C(=O)O)cn(C5CC5)c4c3OC(F)F)ccc21,1
C[C@H]1O[C@@H](Oc2c3c(c(O[C@@H]4O[C@H](CO)[C@@H](O)[C@H](O)[C@H]4O)c4ccccc24)C=COC3)[C@H](O)[C@@H](O)[C@@H]1O,0
C[C@]1(COc2ccc(N3CCC(Oc4ccc(OC(F)(F)F)cc4)CC3)cc2)Cn2cc([N+](=O)[O-])nc2O1,1
Cc1c(CSc2ccncc2)cccc1SCCOC(=O)Nc1ccccc1,1
Cc1c(CSc2nc3ccccc3[nH]2)cccc1SCC(=O)N1CCCCC1,1
Cc1c(CSc2nc3ccccc3[nH]2)cccc1SCC(=O)NCc1ccccc1,1
Cc1c(CSc2nc3ccccc3[nH]2)cccc1SCC(=O)NCc1cccs1,1
Cc1c(CSc2nc3ccccc3[nH]2)cccc1SCC(=O)O,0
Cc1c(CSc2nc3ccccc3[nH]2)cccc1SCCN,1
Cc1c(CSc2nc3ccccc3[nH]2)cccc1SCCNC(=O)Nc1ccccc1,1
Cc1c(CSc2nc3ccccc3[nH]2)cccc1SCCNC(=O)c1cnccn1,1
Cc1c(CSc2nc3ccccc3[nH]2)cccc1SCCNS(=O)(=O)c1cccc2cccnc12,0
Cc1c(CSc2nc3ccccc3[nH]2)cccc1SCCO,1
Cc1c(CSc2nc3ccccc3[nH]2)cccc1SCCOC(=O)Nc1ccc(F)c(F)c1,1
Cc1c(CSc2nc3ccccc3[nH]2)cccc1SCCOC(=O)Nc1ccc(N(C)C)cc1,1
Cc1c(CSc2nc3ccccc3[nH]2)cccc1SCCOC(=O)Nc1ccccc1,1
Cc1c(CSc2nccs2)cccc1SCCOC(=O)Nc1ccccc1,1
Cc1c(O)ccc2c1O[C@H](c1ccc(O)cc1)CC2,0
Cc1c2ccoc2cc2oc(=O)ccc12,0
Cc1c[nH]nc1-c1c2c(=O)n(C)c(=O)n(CC3CC3)c2nn1Cc1ccnc2ccc(Cl)cc12,0
Cc1cc(=O)oc2cc3occc3cc12,1
Cc1cc(C#N)oc1-c1c2c(=O)n(C)c(=O)n(CC3CC3)c2nn1Cc1ccnc2ccc(Cl)cc12,1
Cc1cc(O[C@H]2O[C@@H](C)[C@H](O)[C@@H](O)[C@H]2O)c2c3c(ccc2c1)C(=O)c1c(O)cccc1[C@@H]3O,0
Cc1ccc(-n2nnc3c4c(cc(F)c32)c(=O)c(C(=O)O)cn4C2CC2)cc1,0
Cc1ccc(C2=C(O)COC2=O)cc1,0
Cc1ccc(CNC(=O)c2cc(C(=O)Nc3ccccc3)n(-c3ccc(Cl)cc3)n2)cc1,0
Cc1ccc(CO)cc1,0
Cc1ccc(COC(=O)c2ccc(-c3ccc(O)cc3)cc2)cc1,0
Cc1ccc(COC(=O)c2ccc(-c3ccc(OC(=O)c4ccc(CN=C(N)N)cc4)cc3)cc2)cc1.Cl,1
Cc1ccc(Nc2c(F)cc3c(=O)c(C(=O)O)cn(C4CC4)c3c2N)cc1,0
Cc1ccc(Sc2ccc([N+](=O)[O-])c3nonc23)cc1,0
Cc1ccc2c(c1)C(=O)c1cc(O)c(O)cc1C2=O,0
Cc1ccc2c(c1)C(=O)c1cc(O)ccc1C2=O,0
Cc1cccc(C2=C(O)COC2=O)c1,1
Cc1ccccc1C1=C(O)COC1=O,1
Cc1coc2cc3oc(=O)ccc3cc12,0
Cc1nc(CC(=O)C(F)(F)F)oc1C,0
Cc1nc(N)sc1-c1c2c(=O)n(C)c(=O)n(CC3CC3)c2nn1Cc1ccnc2ccc(Cl)cc12,0
Cc1nc[nH]c1-c1c2c(=O)n(C)c(=O)n(CC3CC3)c2nn1Cc1ccnc2ccc(Cl)cc12,0
Cc1ncc(N)n1CCO,0
Cc1ncc([N+](=O)[O-])n1CCNCc1no[n+]([O-])c1C,1
Cc1ncc([N+](=O)[O-])n1CCNCc1no[n+]([O-])c1C#N,1
Cc1ncc([N+](=O)[O-])n1CCNCc1no[n+]([O-])c1C(N)=O,1
Cc1ncc([N+](=O)[O-])n1CCNCc1nonc1C#N,1
Cc1ncc([N+](=O)[O-])n1CCNCc1nonc1C(N)=O,1
Cc1ncc([N+](=O)[O-])n1CCO,0
Cc1ncc([N+](=O)[O-])n1CCOc1cc(O)c2c(=O)c(-c3ccc(O)cc3)coc2c1,1
Cc1ncc([N+](=O)[O-])n1CCOc1ccc(C(=O)Cc2ccc([N+](=O)[O-])cc2)c(O)c1O,1
Cc1ncc([N+](=O)[O-])n1CCOc1no[n+]([O-])c1-c1ccccc1,1
Cc1ncc([N+](=O)[O-])n1CCOc1no[n+]([O-])c1S(=O)(=O)c1ccccc1,1
Cc1ncc([N+](=O)[O-])n1CCOc1nonc1-c1ccccc1,1
Cc1ncc([N+](=O)[O-])n1CCOc1nonc1S(=O)(=O)c1ccccc1,1
Cc1nnc(SC2=C(C(=O)O)N3C(=O)C(NC(=O)Cc4ccccc4)[C@H]3SC2)s1,1
Cc1nnc(SC2=C(C(=O)O)N3C(=O)[C@@H](NC(=O)Cc4ccccc4)[C@H]3SC2)s1,1
Cc1nnc(SC2=C(C(=O)O)N3C(=O)[C@@H](NC(=O)Cc4csc(N)n4)[C@H]3SC2)s1,1
Cc1nonc1CNCCn1c([N+](=O)[O-])cnc1C,1
Cc1oc(C#N)cc1-c1c2c(=O)n(C)c(=O)n(CC3CC3)c2nn1Cc1ccnc2ccc(Cl)cc12,1
Cc1oc(S(C)(=O)=O)cc1-c1c2c(=O)n(C)c(=O)n(CC3CC3)c2nn1Cc1ccnc2ccc(Cl)cc12,1
Cc1oc(S(C)(=O)=O)cc1-c1c2c(=O)n(C)c(=O)n(CC3CC3)c2nn1Cc1cn(C)c2ccc(Cl)cc12,1
Cc1sc(N)nc1-c1c2c(=O)n(C)c(=O)n(CC3CC3)c2nn1Cc1ccnc2ccc(Cl)cc12,0
Cl.N=C(N)NCc1ccc(C(=O)Nc2ccccc2)cc1,0
Cl.N=C(N)NCc1ccc(C(=O)O)cc1,0
Cl.N=C(N)NCc1ccc(C(=O)Oc2ccccc2)cc1,0
Clc1cccc(Cl)c1COc1cccc2cnccc12,1
Cn1c(=O)c2c(-c3ccc(S(C)(=O)=O)o3)n(Cc3ccnc4ccc(Cl)cc34)nc2n(CC2CC2)c1=O,0
Cn1c(=O)c2c(-c3oc(S(C)(=O)=O)cc3Cl)n(Cc3ccnc4ccc(Cl)cc34)nc2n(CC2CC2)c1=O,1
Cn1c(C(=O)C(F)(F)F)cnc1-c1ccccc1,0
Cn1cc(C#N)cc1-c1c2c(=O)n(C)c(=O)n(CC3CC3)c2nn1Cc1ccnc2ccc(Cl)cc12,1
Cn1cc(C#N)cc1-c1c2c(=O)n(C3CC3)c(=O)n(CC3CC3)c2nn1Cc1ccnc2ccc(Cl)cc12,1
Cn1cc(C#N)cc1-c1c2c(=O)n(CC#CCN3CCOCC3)c(=O)n(CC3CC3)c2nn1Cc1ccnc2ccc(Cl)cc12,1
Cn1cc(C#N)cc1-c1c2c(=O)n(CC#CCO)c(=O)n(CC3CC3)c2nn1Cc1ccnc2ccc(Cl)cc12,0
Cn1cc(C#N)cc1-c1c2c(=O)n(CC#CCn3cccn3)c(=O)n(CC3CC3)c2nn1Cc1ccnc2ccc(Cl)cc12,0
Cn1cc(C#N)cc1-c1c2c(=O)n(CC#CCn3ccnc3)c(=O)n(CC3CC3)c2nn1Cc1ccnc2ccc(Cl)cc12,1
Cn1cc(C#N)cc1-c1c2c(=O)n(CC#CCn3cncn3)c(=O)n(CC3CC3)c2nn1Cc1ccnc2ccc(Cl)cc12,0
Cn1cc(C#N)cc1-c1c2c(=O)n(CC#N)c(=O)n(CC3CC3)c2nn1Cc1ccnc2ccc(Cl)cc12,0
Cn1cc(C#N)cc1-c1c2c(=O)n(CC3CC3)c(=O)n(CC3CC3)c2nn1Cc1ccnc2ccc(Cl)cc12,1
Cn1cc(C#N)cc1-c1c2c(=O)n(CCO)c(=O)n(CC3CC3)c2nn1Cc1ccnc2ccc(Cl)cc12,0
Cn1cc(C#N)cc1-c1c2c(=O)n(CCn3cccn3)c(=O)n(CC3CC3)c2nn1Cc1ccnc2ccc(Cl)cc12,0
Cn1cc(C#N)cc1-c1c2c(=O)n(CCn3ccnn3)c(=O)n(CC3CC3)c2nn1Cc1ccnc2ccc(Cl)cc12,0
Cn1cc(C#N)nc1-c1c2c(=O)n(C)c(=O)n(CC3CC3)c2nn1Cc1ccnc2ccc(Cl)cc12,1
Cn1cc(C#N)nc1-c1c2c(=O)n(C3CC3)c(=O)n(CC3CC3)c2nn1Cc1ccnc2ccc(Cl)cc12,1
Cn1cc(C#N)nc1-c1c2c(=O)n(CC3CC3)c(=O)n(CC3CC3)c2nn1Cc1ccnc2ccc(Cl)cc12,1
Cn1cc(S(C)(=O)=O)cc1-c1c2c(=O)n(C)c(=O)n(CC3CC3)c2nn1Cc1c[nH]c2ccc(Cl)cc12,1
Cn1cc(S(C)(=O)=O)cc1-c1c2c(=O)n(C)c(=O)n(CC3CC3)c2nn1Cc1ccnc2ccc(Cl)cc12,1
Cn1cc(S(C)(=O)=O)cc1-c1c2c(=O)n(C)c(=O)n(CC3CC3)c2nn1Cc1cn(C)c2ccc(Cl)cc12,1
Cn1cc(S(C)(=O)=O)nc1-c1c2c(=O)n(C)c(=O)n(CC3CC3)c2nn1Cc1c[nH]c2ccc(Cl)cc12,0
Cn1cc(S(C)(=O)=O)nc1-c1c2c(=O)n(C)c(=O)n(CC3CC3)c2nn1Cc1ccnc2ccc(Cl)cc12,1
Cn1cc(S(N)(=O)=O)cc1-c1c2c(=O)n(C)c(=O)n(CC3CC3)c2nn1Cc1ccnc2ccc(Cl)cc12,1
Cn1cc(S(N)(=O)=O)nc1-c1c2c(=O)n(C)c(=O)n(CC3CC3)c2nn1Cc1c[nH]c2ccc(Cl)cc12,1
Cn1cc([S+](C)[O-])cc1-c1c2c(=O)n(C)c(=O)n(CC3CC3)c2nn1Cc1c[nH]c2ccc(Cl)cc12,0
Cn1cc([S+](C)[O-])cc1-c1c2c(=O)n(C)c(=O)n(CC3CC3)c2nn1Cc1ccnc2ccc(Cl)cc12,0
Cn1cncc1-c1c2c(=O)n(C)c(=O)n(CC3CC3)c2nn1Cc1ccnc2ccc(Cl)cc12,1
Cn1cncc1-c1c2c(=O)n(C3CC3)c(=O)n(CC3CC3)c2nn1Cc1ccnc2ccc(Cl)cc12,0
Cn1cncc1-c1c2c(=O)n(CC#CCN3CCOCC3)c(=O)n(CC3CC3)c2nn1Cc1ccnc2ccc(Cl)cc12,0
Cn1cncc1-c1c2c(=O)n(CC#CCO)c(=O)n(CC3CC3)c2nn1Cc1ccnc2ccc(Cl)cc12,0
Cn1cncc1-c1c2c(=O)n(CC3CC3)c(=O)n(CC3CC3)c2nn1Cc1ccnc2ccc(Cl)cc12,1
Cn1cnnc1-c1c2c(=O)n(C)c(=O)n(CC3CC3)c2nn1Cc1ccnc2ccc(Cl)cc12,0
Cn1ncnc1-c1c2c(=O)n(C)c(=O)n(CC3CC3)c2nn1Cc1ccnc2ccc(Cl)cc12,1
N#C/N=[N+](\[O-])c1ccc(C(=O)NCC/N=C(\NC#N)NCCCOc2cccc(CN3CCCCC3)c2)cc1,0
N#C/N=[N+](\[O-])c1ccc(C(=O)NCCCC/N=C(\NC#N)NCCCOc2cccc(CN3CCCCC3)c2)cc1,1
N#C/N=[N+](\[O-])c1ccc(C(=O)NCCCCCC/N=C(\NC#N)NCCCOc2cccc(CN3CCCCC3)c2)cc1,1
N#C/N=[N+](\[O-])c1ccc(C(=O)O)cc1,1
N#CCCNc1c(NC/C=C\COc2csc(CN3CCCCC3)c2)c(=O)c1=O,0
NC(=O)Cc1csc(SC2=C(C(=O)O)N3C(=O)[C@@H](NC(=O)Cc4ccccc4)[C@H]3SC2)n1,1
NC(=O)c1ccc(NC(=O)c2cc(C(=O)NCc3ccccc3)nn2-c2ccc(Cl)cc2)cc1,0
NC(=O)c1cccc(NC(=O)Cc2cccc(Br)c2)c1,0
NC1=C(OC)C=CC(C1=C2)=CC3=[N+]2CCC4=CC(OC)=C(OC)C=C43,0
NC1=Nc2ccccc2C(c2ccccc2)=NC1c1cccs1,0
NC1CCN(c2nc3c(cc2F)c(=O)c(C(=O)O)cn3-c2ccc(F)cc2F)C1,0
NCC1CN(c2c(F)cc3c(=O)c(C(=O)O)cn(C4CC4)c3c2F)CCO1,0
NCCC1CN(c2c(F)cc3c(=O)c(C(=O)O)cn(C4CC4)c3c2F)CCO1,0
NCCCCCOC1=C(OC)C=C2C3=[N+](C=C4C(OC)=C(C=CC4=C3)OC)CCC2=C1,0
NCCc1cc(C(F)(F)F)cc(C(F)(F)F)c1,0
NCCc1ccccc1,0
NCc1ccc(C(=O)O)cc1,0
NS(=O)(=O)c1ccc(SCCO)c2nonc12,0
N[C@@H](CCB(O)O)C(=O)O,0
N[C@@H]1CN(c2c(F)cc3c(=O)c(C(=O)O)cn([C@@H]4C[C@@H]4F)c3c2Cl)CC12CC2,1
Nc1c(NC/C=C\COc2csc(CN3CCCCC3)c2)c(=O)c1=O,0
Nc1c(Nc2ccc(Cl)cc2)c(F)cc2c(=O)c(C(=O)O)cn(C3CC3)c12,1
Nc1c(Nc2ccc(F)cc2)c(F)cc2c(=O)c(C(=O)O)cn(C3CC3)c12,0
Nc1c(Nc2ccccc2)c(F)cc2c(=O)c(C(=O)O)cn(C3CC3)c12,1
Nc1ccc(Cl)c(COc2cccc3cnccc23)c1,1
Nc1ccc(Cl)c(COc2cccc3cnccc23)c1Cl,1
Nc1cccc(COc2cccc3cnccc23)c1,1
Nc1cccc(COc2cccc3cnccc23)c1Cl,1
Nc1nc(-n2c(-c3ccc([N+](=O)[O-])cc3)nc3ccccc3c2=O)nnc1-c1cccc(Cl)c1Cl,0
Nc1nc(-n2c(-c3ccc([N+](=O)[O-])cc3)nc3ccccc3c2=O)nnc1-c1ccccc1,0
O/N=C/Cc1cc(C(F)(F)F)cc(C(F)(F)F)c1,0
O/N=C1\Cc2cc(Cl)cc(Cl)c2OC1c1ccc(F)cc1,0
O=C(/C=C/c1ccc(O)c(O)c1)O[C@@H]1C[C@](O)(C(=O)O)C[C@@H](O)[C@H]1O,0
O=C(CCc1ccc(O)cc1O)c1ccc(O)cc1,0
O=C(Cc1cccc(Br)c1)Nc1cccc(C(=O)NO)c1,0
O=C(Cc1cccc(Br)c1)Nc1cccc(C(=O)O)c1,0
O=C(Cc1ccccc1)C(F)(F)F,0
O=C(Cc1ccccn1)C(F)(F)F,0
O=C(Cc1nc2ccccc2[nH]1)C(F)(F)F,0
O=C(Cc1nc2ccccc2o1)C(F)(F)F,1
O=C(Cc1nc2ccccc2s1)C(F)(F)F,0
O=C(N/N=C/c1cc(Br)c(O)c(Br)c1O)c1cc(C(F)(F)F)cc(C(F)(F)F)c1,0
O=C(N/N=C/c1cc(Br)c(O)c(Br)c1O)c1cc2ccccc2cc1O,0
O=C(N/N=C/c1cc(Br)c(O)c(Br)c1O)c1ccc(-c2ccc(O)cc2)cc1,0
O=C(N/N=C/c1cc(Br)c(O)c(Br)c1O)c1ccc(Br)cc1,0
O=C(N/N=C/c1cc(Br)c(O)c(Br)c1O)c1ccc(Cl)cc1,0
O=C(N/N=C/c1cc(Br)c(O)c(Br)c1O)c1ccc2c(c1)Cc1ccccc1-2,0
O=C(N/N=C/c1cc(Br)c(O)c(Br)c1O)c1ccc2cc(Br)ccc2c1,0
O=C(N/N=C/c1cc(Br)c(O)c(Br)c1O)c1ccc2cc(O)ccc2c1,0
O=C(N/N=C/c1cc(Br)c(O)c(Br)c1O)c1ccc2ccccc2c1,0
O=C(N/N=C/c1cc(Br)c(O)c(Br)c1O)c1ccc2ccccc2c1O,0
O=C(N/N=C/c1cc(Br)c(O)c(Br)c1O)c1cccc(Br)c1,0
O=C(NCc1ccccc1)c1cc(C(=O)Nc2ccccc2)n(-c2ccc(Cl)cc2)n1,1
O=C(NCc1cccnc1)c1cc(C(=O)Nc2ccc(N3CCCCC3)cc2)n(-c2ccc(Cl)cc2)n1,1
O=C(NCc1cccnc1)c1cc(C(=O)Nc2ccccc2)n(-c2ccc(Cl)cc2)n1,1
O=C(N[C@H](CO)[C@H](O)c1ccc([N+](=O)[O-])cc1)C(Cl)Cl,0
O=C(Nc1ccc(Cl)cc1Cl)OCCSc1ccc([N+](=O)[O-])c2nonc12,0
O=C(Nc1ccccc1)OCCSc1ccc([N+](=O)[O-])c2nonc12,0
O=C(Nc1nc(Cl)c([N+](=O)[O-])s1)c1cccc(C(F)(F)F)c1,0
O=C(Nc1nc(Cl)c([N+](=O)[O-])s1)c1ccccc1,0
O=C(Nc1nc(Cl)c([N+](=O)[O-])s1)c1cccs1,0
O=C(Nc1ncc([N+](=O)[O-])s1)c1cccc(C(F)(F)F)c1,1
O=C(Nc1ncc([N+](=O)[O-])s1)c1ccccc1,1
O=C(Nc1ncc([N+](=O)[O-])s1)c1cccs1,1
O=C(Nc1ncc([N+](=O)[O-])s1)c1ccoc1,1
O=C(Nc1sc([N+](=O)[O-])cc1[N+](=O)[O-])c1cccc(C(F)(F)F)c1,1
O=C(Nc1sc([N+](=O)[O-])cc1[N+](=O)[O-])c1ccccc1,1
O=C(Nc1sc([N+](=O)[O-])cc1[N+](=O)[O-])c1cccs1,1
O=C(Nc1sc([N+](=O)[O-])cc1[N+](=O)[O-])c1ccoc1,1
O=C(O)/C=C/c1cc(C(F)(F)F)cc(C(F)(F)F)c1,0
O=C(O)COc1c2occc2cc2ccc(=O)oc12,0
O=C(O)Cc1csc(SC2=C(C(=O)O)N3C(=O)[C@@H](NC(=O)Cc4ccccc4)[C@H]3SC2)n1,1
O=C(O)c1ccc(-c2ccc(O)cc2)cc1,0
O=C(O)c1ccc(NC(=O)c2cc3cc(Br)cc(Br)c3oc2=O)cc1,0
O=C(O)c1ccc(NC(=O)c2cc3cc(Br)cc(Cl)c3oc2=O)cc1,0
O=C(O)c1ccc(NC(=O)c2cc3cc(O)ccc3oc2=O)cc1,0
O=C(O)c1ccc(NC(=O)c2cc3cc([N+](=O)[O-])ccc3oc2=O)cc1,0
O=C(O)c1ccc(NC(=O)c2cc3ccc(O)cc3oc2=O)cc1,0
O=C(O)c1ccc(NC(=O)c2cc3cccc(O)c3oc2=O)cc1,0
O=C(O)c1ccc2c(c1)C(=O)c1ccccc1C2=O,1
O=C(O)c1cn(C2CC2)c2c(cc(F)c3c2nnn3-c2ccc(Cl)cc2)c1=O,0
O=C(O)c1cn(C2CC2)c2c(cc(F)c3nn(CN(N4CCCC4)N4CCCC4)c(=O)n32)c1=O,1
O=C(O)c1cn(C2CC2)c2cc(N3CCN(C(P(=O)(O)O)P(=O)(O)O)CC3)c(F)cc2c1=O,0
O=C(O)c1cn(C2CC2)c2cc(N3CCN(CC(P(=O)(O)O)P(=O)(O)O)CC3)c(F)cc2c1=O,1
O=C(O)c1cn(C2CC2)c2cc(N3CCNCC3)c(F)cc2c1=O,1
O=C(OCCSc1ccc([N+](=O)[O-])c2nonc12)c1ccc(Cl)cc1Cl,0
O=C(c1c[nH]c2ccccc12)C(F)(F)F,0
O=C(c1ccc[nH]1)C(F)(F)F,0
O=C(c1ccccc1)C(F)(F)F,0
O=C(c1cccs1)C(F)(F)F,0
O=C(c1nc2ccccc2o1)C(F)(F)F,0
O=C1/C(=C/c2ccc(F)cc2)Oc2cc(O)cc(O)c21,0
O=C1/C(=C/c2ccccc2)Oc2cc(O)cc(O)c21,0
O=C1C2=C(C(=O)c3ccccc31)C(O)OCC2,1
O=C1C[C@@H](c2ccc(O)c(O)c2)Oc2cc(O)cc(O)c21,0
O=C1OCC(O)=C1c1ccc(Br)cc1,0
O=C1OCC(O)=C1c1ccc(Cl)c(Cl)c1,0
O=C1OCC(O)=C1c1ccc(Cl)cc1,0
O=C1OCC(O)=C1c1ccc(Cl)cc1Cl,0
O=C1OCC(O)=C1c1ccc(F)cc1,0
O=C1OCC(O)=C1c1ccc(OCc2ccccc2)cc1,0
O=C1OCC(O)=C1c1cccc(Br)c1,0
O=C1OCC(O)=C1c1cccc(C(F)(F)F)c1,0
O=C1OCC(O)=C1c1cccc(Cl)c1,0
O=C1OCC(O)=C1c1cccc(F)c1,0
O=C1OCC(O)=C1c1cccc(OCc2ccccc2)c1,0
O=C1OCC(O)=C1c1ccccc1,0
O=C1OCC(O)=C1c1ccccc1Cl,0
O=C1OCC(O)=C1c1ccccc1F,1
O=C1OCC(O)=C1c1ccccc1OCc1ccccc1,0
O=C1c2c(O)cc(O)cc2O[C@H](c2ccc(O)c(O)c2)[C@H]1O,0
O=C1c2ccccc2C(=O)c2cc(CO)ccc21,0
O=C1c2ccccc2C(=O)c2cnccc21,1
O=Cc1cc(=O)oc2cc3occc3cc12,1
O=S(OC1=C(OC)C=CC(C1=C2)=CC3=[N+]2CCC4=CC(OCO5)=C5C=C43)(C6=C(C(F)(F)F)C=CC=C6)=O,0
O=S(OC1=C(OC)C=CC(C1=C2)=CC3=[N+]2CCC4=CC(OCO5)=C5C=C43)(C6=CC(C(F)(F)F)=CC=C6)=O,0
O=S(OC1=C(OC)C=CC(C1=C2)=CC3=[N+]2CCC4=CC(OCO5)=C5C=C43)(C6=CC=C(C(F)(F)F)C=C6)=O,0
O=S(OC1=C(OC)C=CC(C1=C2)=CC3=[N+]2CCC4=CC(OCO5)=C5C=C43)(C6=CC=C([N+]([O-])=O)C=C6)=O,0
O=[N+]([O-])/C=C/c1c(F)c(F)c(F)c(F)c1F,0
O=[N+]([O-])/C=C/c1c(F)cc(Cl)cc1F,1
O=[N+]([O-])/C=C/c1cc(C(F)(F)F)cc(C(F)(F)F)c1,1
O=[N+]([O-])/C=C/c1cc(C(F)(F)F)ccc1F,1
O=[N+]([O-])/C=C/c1cc(Cl)cc(Cl)c1,1
O=[N+]([O-])/C=C/c1ccc(Br)cc1,1
O=[N+]([O-])/C=C/c1ccc(Cl)c(C(F)(F)F)c1,1
O=[N+]([O-])/C=C/c1ccc(F)cc1,1
O=[N+]([O-])/C=C/c1ccc(F)cc1Br,0
O=[N+]([O-])/C=C/c1ccc(I)cc1,1
O=[N+]([O-])/C=C/c1cccc(C(F)(F)F)c1,0
O=[N+]([O-])/C=C/c1ccccc1C(F)(F)F,1
O=[N+]([O-])/C=C/c1ccccc1I,0
O=[N+]([O-])C1=Cc2c(ccc3ccccc23)OC1c1ccc(F)cc1,1
O=[N+]([O-])C1=Cc2cc(Cl)cc(Cl)c2OC1c1ccc(F)cc1,1
O=[N+]([O-])C1=Cc2cc(Cl)cc(Cl)c2OC1c1ccc(I)cc1,1
O=[N+]([O-])C1=Cc2cc(Cl)ccc2OC1c1ccc(Cl)cc1,1
O=[N+]([O-])C1=Cc2cc(Cl)ccc2OC1c1ccc(F)cc1,1
O=[N+]([O-])CCc1cc(C(F)(F)F)cc(C(F)(F)F)c1,0
O=[N+]([O-])CCc1ccccc1,0
O=[N+]([O-])c1ccc(Cl)c(COc2cccc3cnccc23)c1Cl,1
O=[N+]([O-])c1cn2c(n1)OC[C@@H](OCc1ccc(OC(F)(F)F)cc1)C2,1
O=c1c(-c2cc(Br)c(O)c(Br)c2)coc2c(Br)c(O)c(Br)c(O)c12,0
O=c1c(-c2cc(Br)c(O)c(Br)c2)coc2c(Br)c(O)ccc12,0
O=c1c(-c2ccc(O)c(O)c2)coc2cc(O)ccc12,0
O=c1c(NC/C=C\COc2cc(CN3CCCCC3)cs2)c(NCCF)c1=O,1
O=c1c(NC/C=C\COc2csc(CN3CCCCC3)c2)c(NCC(F)(F)C(F)(F)C(F)(F)F)c1=O,0
O=c1c(NC/C=C\COc2csc(CN3CCCCC3)c2)c(NCC(F)(F)C(F)(F)F)c1=O,0
O=c1c(NC/C=C\COc2csc(CN3CCCCC3)c2)c(NCCF)c1=O,1
O=c1c(O)c(-c2ccc(O)c(O)c2)oc2cc(O)cc(O)c12,0
O=c1c(O[C@@H]2O[C@H](CO)[C@@H](O)[C@H](O)[C@H]2O)c(-c2ccc(O)c(O)c2)oc2cc(O)cc(O)c12,0
O=c1cc(-c2ccc(O)cc2)oc2cc(O)cc(O)c12,0
O=c1cc(-c2ccccc2)c2cc3ccoc3cc2o1,0
O=c1cc(C(F)(F)F)c2cc3ccoc3cc2o1,0
O=c1cc(CBr)c2cc3ccoc3cc2o1,1
O=c1cc(CO)c2cc3ccoc3cc2o1,1
O=c1ccc2c([N+](=O)[O-])c3ccoc3c(O)c2o1,0
O=c1ccc2cc3cc(Br)oc3cc2o1,0
O=c1ccc2cc3cc(CCl)oc3cc2o1,0
O=c1ccc2cc3cc(Cl)oc3cc2o1,0
O=c1ccc2cc3cc([N+](=O)[O-])oc3cc2o1,1
O=c1ccc2cc3ccoc3c(O)c2o1,0
O=c1ccc2cc3ccoc3cc2o1,0
O=c1ccoc2ccccc12,0
OC1CN(C2=Nc3ccccc3C(c3ccccc3)=NC2c2cccs2)C1,1
OC[C@H]1O[C@@H](Oc2c3c(c(O[C@@H]4O[C@H](CO)[C@@H](O)[C@H](O)[C@H]4O)c4ccccc24)CC(O)OC3)[C@H](O)[C@@H](O)[C@@H]1O,0
OC[C@H]1O[C@@H](Oc2c3c(c(O[C@@H]4O[C@H](CO)[C@@H](O)[C@H](O)[C@H]4O)c4ccccc24)COC=C3)[C@H](O)[C@@H](O)[C@@H]1O,0
ONCCc1ccccc1,0
Oc1ccc(/C=C/c2cc(O)cc(O)c2)cc1,0
Oc1cccc2cnccc12,0
c1cc(OCc2cccc3nonc23)c2ccncc2c1,1
c1ccc(C2=NC(c3cccs3)C(N3CCCC3)=Nc3ccccc32)cc1,0
c1ccc(C2=NC(c3cccs3)C(NC3CC3)=Nc3ccccc32)cc1,0
c1ccc(COc2cccc3cnccc23)cc1,1
