smiles,pert_iname,broad_id,activity,Binding Energy (kcal/mol)
C[C@@H](N)C(=O)N[C@H](Cc1ccc2ccccc2c1)C(=O)N[C@@H](C)C(=O)N[C@@H](Cc1c[nH]c2ccccc12)C(=O)N[C@H](Cc1ccccc1)C(=O)N[C@@H](CCCCN)C(N)=O,pralmorelin,BRD-K00004629-001-01-9,0.92729425,-14.96
COc1ccc2cc(ccc2c1)S(=O)(=O)N[C@H](CC(=O)N[C@H](Cc1ccc(CN2[C@@H](C)CCC[C@H]2C)cc1)C(=O)N(C)C(C)C)c1ccc2OCOc2c1,SSR240612,BRD-K00003186-003-01-9,0.9764732,-14.62
C[C@H](NC(=O)[C@@H](Cc1c(C)[nH]c2ccccc12)NC(=O)[C@@H](N)Cc1cnc[nH]1)C(=O)N[C@@H](Cc1c[nH]c2ccccc12)C(=O)N[C@H](Cc1ccccc1)C(=O)N[C@@H](CCCCN)C(N)=O,examorelin,BRD-K35304636-001-01-0,0.94913423,-14.09
C[C@H](NC(=O)[C@@H](Cc1c[nH]c2ccccc12)NC(=O)[C@@H](N)Cc1cnc[nH]1)C(=O)N[C@@H](Cc1c[nH]c2ccccc12)C(=O)N[C@H](Cc1ccccc1)C(=O)N[C@@H](CCCCN)C(N)=O,U-75799E,BRD-K77070363-001-01-5,0.95031077,-13.83
[H]C(=[C@@]=C1C(C)(C)C[C@@H](C[C@@]1(C)O)OC(C)=O)C(\C)=C\C=C\C(\C)=C\C=C\C=C(/C)\C=C\C=C(/C)C(=O)C[C@]12O[C@@]1(C)C[C@H](O)CC2(C)C,fucoxanthin,BRD-K00003355-001-01-9,0.9691767,-13.41
CC(C)=CCC[C@@]1(C)Oc2c(CC=C(C)C)c3O[C@@]45[C@H]6C[C@@H](C=C4C(=O)c3c(O)c2C=C1)C(=O)[C@]5(C\C=C(\C)C(O)=O)OC6(C)C,gambogic-acid,BRD-K08542803-001-01-5,0.9218475,-13.18
CCc1cc(Nc2nccc(n2)-c2c(nc3ccccn23)-c2ccc(OC)c(c2)C(=O)Nc2c(F)cccc2F)c(OC)cc1N1CCC(CC1)N1CCN(CC1)S(C)(=O)=O,GSK1904529A,BRD-K04833372-001-06-2,0.96300286,-13.09
[H][C@]1(CCCN=C(N)N)NC(=O)[C@H](CCCCNC(C)C)NC(=O)[C@@H](Cc2ccc(O)cc2)NC(=O)[C@H](Cc2ccccc2)NC(=O)CC[C@@H](NC(=O)CNC(=O)[C@H](Cc2ccc3ccccc3c2)NC1=O)C(=O)N[C@@H](CCCCNC(C)C)C(N)=O,LY2510924,BRD-K00003131-001-01-9,0.9167849,-13
CCOc1ccc(cn1)-c1ccc(Cn2c(CC(C)(C)C(O)=O)c(SC(C)(C)C)c3cc(OCc4ccc(C)cn4)ccc23)cc1,GSK2190915,BRD-K15691453-236-01-6,0.95874494,-12.49
CC(C)[C@@]1(NC(=O)[C@@H]2C[C@H]3[C@@H](Cc4c[nH]c5cccc3c45)N(C)C2)O[C@@]2(O)[C@@H]3CCCN3C(=O)[C@H](Cc3ccccc3)N2C1=O,dihydroergocristine,BRD-K97440753-066-18-1,0.97855526,-12.22
CN[C@H]1[C@H](O)[C@@H](O)[C@H](CO)O[C@H]1O[C@H]1[C@H](O[C@@H]2[C@@H](O)[C@H](O)[C@@H](NC(N)=N)[C@H](O)[C@H]2NC(N)=N)O[C@@H](C)[C@]1(O)CO.CN[C@H]1[C@H](O)[C@@H](O)[C@H](CO)O[C@H]1O[C@H]1[C@H](O[C@@H]2[C@@H](O)[C@H](O)[C@@H](NC(N)=N)[C@H](O)[C@H]2NC(N)=N)O[C@@H](C)[C@]1(O)CO,dihydrostreptomycin,BRD-M15413738-326-05-0,0.92957735,-12.14
CC[C@@]1(O)C[C@@H](O[C@H]2C[C@@H]([C@@H](O[C@H]3C[C@@H](O)[C@@H](O[C@H]4CCC(=O)[C@@H](C)O4)[C@@H](C)O3)[C@@H](C)O2)N(C)C)c2c(O)c3C(=O)c4c(O)cccc4C(=O)c3cc2[C@@H]1C(=O)OC,aclarubicin,BRD-A80805100-001-01-9,0.9433442,-12.06
CC[C@@]1(O)C[C@H](O[C@H]2C[C@@H]([C@H](O[C@H]3C[C@H](O)[C@H](O[C@H]4CCC(=O)[C@H](C)O4)[C@H](C)O3)[C@H](C)O2)N(C)C)c2c(O)c3C(=O)c4c(O)cccc4C(=O)c3cc2[C@H]1C(=O)OC,aclarubicin,BRD-K31965398-001-03-9,0.9233015,-12.06
CO[C@H]1[C@H](O)CC(=O)O[C@H](C)C\C=C\C=C\[C@H](O[C@H]2CC[C@@H]([C@@H](C)O2)N(C)C)[C@H](C)C[C@H](CC=O)[C@@H]1O[C@@H]1O[C@H](C)[C@@H](O[C@H]2C[C@@](C)(O)[C@@H](O)[C@H](C)O2)[C@@H]([C@H]1O)N(C)C,spiramycin,BRD-K00003542-001-01-9,0.9825295,-11.86
CO[C@H]1[C@H](O)CC(=O)O[C@H](C)C\C=C\C=C\[C@H](O[C@H]2CC[C@@H]([C@@H](C)O2)N(C)C)[C@H](C)C[C@H](CC=O)[C@@H]1OC1O[C@H](C)[C@@H](O[C@H]2C[C@@](C)(O)[C@@H](O)[C@H](C)O2)[C@@H]([C@H]1O)N(C)C,spiramycin,BRD-A67305656-001-02-3,0.9876857,-11.86
[H]\C1=C([H])/C(F)(F)c2nc3ccccc3nc2O[C@@]2([H])CN(C(=O)[C@@]([H])(NC(=O)O[C@]3([H])CCC[C@@]3([H])OC1)C(C)(C)C)[C@@]([H])(C2)C(=O)N[C@@]1(C[C@@]1([H])C(F)F)C(=O)NS(=O)(=O)C1(C)CC1,glecaprevir,BRD-K00003260-001-01-9,0.9506283,-11.73
Cc1cc(=O)c(c[nH]1)C(=O)N[C@@H](C(=O)N[C@H]1[C@H]2SCC(CSc3nnnn3C)=C(N2C1=O)C(O)=O)c1ccc(O)cc1,cefpiramide,BRD-K92872987-001-01-1,0.9936799,-11.68
CO[C@@H]1C[C@H](C[C@@H](C)[C@@H]2CC(=O)[C@H](C)\C=C(C)\[C@@H](O)[C@@H](OC)C(=O)[C@H](C)C[C@H](C)\C=C\C=C\C=C(C)\[C@H](C[C@@H]3CC[C@@H](C)[C@@](O)(O3)C(=O)C(=O)N3CCCC[C@H]3C(=O)O2)OC)CC[C@H]1OP(C)(C)=O,deforolimus,BRD-K62304154-001-03-4,0.9945868,-11.57
CC[C@H]1OC(=O)[C@@](C)(F)C(=O)[C@H](C)[C@@H](O[C@@H]2O[C@H](C)C[C@@H]([C@H]2O)N(C)C)[C@@](C)(C[C@@H](C)C(=O)[C@H](C)[C@H]2N(CCCCn3cc(nn3)-c3cccc(N)c3)C(=O)O[C@]12C)OC,solithromycin,BRD-K32256160-001-01-9,0.9742842,-11.51
CN1C[C@@H](C[C@H]2[C@H]1Cc1c[nH]c3cccc2c13)C(=O)N[C@]1(C)O[C@@]2(O)[C@@H]3CCCN3C(=O)[C@H](Cc3ccccc3)N2C1=O,dihydroergotamine,BRD-K72166146-066-04-7,0.9649917,-11.49
Cc1c(cccc1-n1c(=O)n(C)c2c(F)cccc2c1=O)-c1c(F)cc(C(N)=O)c2[nH]c3C[C@H](CCc3c12)C(C)(C)O,BMS-986142,BRD-K00004591-001-01-9,0.94359154,-11.23
[H][C@@]1(C[C@@](C)(O)[C@@H](O)[C@H](C)O1)O[C@@H]1[C@@H](C)O[C@@]([H])(O[C@H]2[C@@H](CC=O)C[C@@H](C)[C@@H](O[C@@]3([H])CC[C@@H]([C@@H](C)O3)N(C)C)\C=C\C=C\C[C@@H](C)OC(=O)C[C@@]([H])(OC(C)=O)[C@@H]2OC)[C@H](O)[C@H]1N(C)C,acetylspiramycin,BRD-K00004968-001-01-9,0.9744101,-11.18
Cc1ccc(NC(=O)Nc2cc(ccc2F)C(F)(F)F)cc1Nc1ccc2\C(=C\c3ccc[nH]3)C(=O)Nc2c1,GNF-5837,BRD-K19975102-001-01-2,0.99016845,-11.06
CO[C@@H]1C[C@H](C[C@@H](C)[C@@H]2CC(=O)[C@H](C)\C=C(C)\[C@@H](O)[C@@H](OC)C(=O)[C@H](C)C[C@H](C)\C=C\C=C\C=C(C)\[C@H](C[C@H]3CC[C@@H](C)[C@@](O)(O3)C(=O)C(=O)N3CCCC[C@H]3C(=O)O2)OC)CC[C@@H]1OC(=O)C(C)(CO)CO,temsirolimus,BRD-K42898655-001-02-9,0.9850321,-11.06
[H][C@@]12OC\C3=C/C=C/[C@H](C)[C@]([H])(O[C@H]4C[C@H](OC)[C@@]([H])(O[C@H]5C[C@@H](OC)[C@H](NC)[C@@H](C)O5)[C@H](C)O4)\C(C)=C\C[C@@H]4C[C@@H](C[C@]5(O4)O[C@H](C(C)C)[C@@H](C)C=C5)OC(=O)[C@H](C=C(C)[C@H]1O)[C@@]23O,emamectin,BRD-K00003516-057-01-9,0.92652774,-11.04
C[C@H](NC(=O)C(C)(F)F)[C@H](Oc1ccc2n(ncc2c1)-c1cccc(c1)C(=O)N[C@@H]1CCOC1)c1ccc2OCCOc2c1,AZD7594,BRD-K00003100-001-01-9,0.9015059,-11.03
CC(C)N(C[C@H]1O[C@H]([C@H](O)[C@@H]1O)n1cnc2c(N)ncnc12)[C@@H]1C[C@H](CCc2nc3ccc(cc3[nH]2)C(C)(C)C)C1,EPZ-5676,BRD-K26531771-001-01-4,0.9946418,-10.92
[H][C@@]12CC[C@H]([C@H](C)CCCC(C)(C)O)[C@@]1(C)CCC\C2=C/C=C1/C[C@@H](O)[C@@H](OCCCO)[C@H](O)C1=C,eldecalcitol,BRD-K00003316-001-01-9,0.99008065,-10.91
CCC(=O)O[C@H]1[C@H](C)O[C@H](C[C@@]1(C)OC(C)=O)O[C@@H]1[C@@H](C)O[C@@H](O[C@H]2[C@@H](CC=O)C[C@@H](C)[C@@H](OC(C)=O)\C=C\C=C\C[C@@H](C)OC(=O)C[C@@H](OC(=O)CC)[C@@H]2OC)[C@H](O)[C@H]1N(C)C,miocamycin,BRD-K30764557-001-01-5,0.93658376,-10.82
CCN1CCN(C(=O)N[C@@H](C(=O)N[C@H]2[C@H]3SCC(CSc4nnnn4C)=C(N3C2=O)C(O)=O)c2ccc(O)cc2)C(=O)C1=O,cefoperazone,BRD-K02292852-001-02-1,0.9325,-10.79
CCc1c(C)c2=Cc3c(C=C)c(C)c4C=c5c(C)c(CCC(O)=O)c6=C7C(C(O)=O)C(=O)c8c(C)c9C=c1n2[Cu](n34)(n9c78)n56,chlorophyllin,,0.9549438,-10.72
CCC1OC(=O)[C@H](C)C(=O)[C@H](C)[C@@H](OC2O[C@H](C)C[C@@H]([C@H]2O)N(C)C)[C@@](C)(C[C@@H](C)C(=O)[C@@H](C)[C@@H]2N(CCCCn3cnc(c3)-c3cccnc3)C(=O)O[C@]12C)OC,telithromycin,BRD-A94008949-001-01-9,0.9703882,-10.71
COc1cccc2C(=O)c3c(O)c4C[C@](O)(C[C@H](O[C@H]5C[C@H](N)[C@@H](O)[C@H](C)O5)c4c(O)c3C(=O)c12)C(=O)CO,epirubicin,BRD-K04548931-003-08-2,0.9220416,-10.7
COc1cc(Nc2ncc(F)c(Nc3ccc4OC(C)(C)C(=O)N(COP(O)(O)=O)c4n3)n2)cc(OC)c1OC,fostamatinib,BRD-K85178109-001-02-3,0.9899114,-10.66
CCC(C)C(N)C1=NC(CS1)C(=O)N[C@@H](CC(C)C)C(=O)N[C@H](CCC(O)=O)C(=O)N[C@@H]([C@@H](C)CC)C(=O)N[C@H]1CCCCNC(=O)[C@H](CC(N)=O)NC(=O)[C@@H](CC(O)=O)NC(=O)[C@H](Cc2cnc[nH]2)NC(=O)[C@@H](Cc2ccccc2)NC(=O)[C@@H](NC(=O)[C@@H](CCCN)NC1=O)[C@@H](C)CC,bacitracin,BRD-A23712469-001-08-7,0.91568077,-10.62
CC[C@H](C)[C@H](N)C1=N[C@@H](CS1)C(=O)N[C@@H](CC(C)C)C(=O)N[C@H](CCC(O)=O)C(=O)N[C@@H]([C@@H](C)CC)C(=O)N[C@H]1CCCCNC(=O)[C@H](CC(N)=O)NC(=O)[C@@H](CC(O)=O)NC(=O)[C@H](Cc2cnc[nH]2)NC(=O)[C@@H](Cc2ccccc2)NC(=O)[C@@H](NC(=O)[C@@H](CCCN)NC1=O)[C@@H](C)CC,bacitracin,BRD-K14079729-001-01-1,0.9980263,-10.62
CC[C@@H]1OC(=O)C[C@@H](O)[C@H](C)[C@@H](O[C@@H]2O[C@H](C)[C@@H](O)[C@@H]([C@H]2O)N(C)C)[C@@H](CCN2C[C@@H](C)C[C@@H](C)C2)C[C@@H](C)C(=O)\C=C\C(C)=C/[C@@H]1CO[C@@H]1O[C@H](C)[C@@H](O)[C@@H](OC)[C@H]1OC,tilmicosin,BRD-K26634012-001-03-1,0.9467008,-10.6
CC[C@H]1OC(=O)C[C@@H](O)[C@H](C)[C@@H](O[C@@H]2O[C@H](C)[C@@H](O)[C@@H]([C@H]2O)N(C)C)[C@@H](CCN2C[C@@H](C)C[C@@H](C)C2)C[C@@H](C)C(=O)\C=C\C(\C)=C\[C@@H]1CO[C@@H]1O[C@H](C)[C@@H](O)[C@@H](OC)[C@H]1OC,tilmicosin,BRD-K36796419-011-03-9,0.97467303,-10.6
CC(C)(C)c1nc(c(s1)-c1ccnc(N)n1)-c1cccc(NS(=O)(=O)c2c(F)cccc2F)c1F,dabrafenib,BRD-K09951645-001-06-8,0.9670979,-10.59
Cc1c-2c(CSCc3cc(CSc4cc(OCCCc5c(C(O)=O)n(C)c6c-2c(Cl)ccc56)c2ccccc2c4)n(C)n3)nn1C,AZD5991,BRD-K00005264-001-02-9,0.982621,-10.55
CC(C)CCC[C@@H](C)[C@H]1CC[C@H]2\C(CCC[C@]12C)=C\C=C1\C[C@@H](O)C[C@H](O)C1=C,alfacalcidol,BRD-K49522529-001-01-1,0.9131006,-10.44
CCO\N=C(\C(=O)N[C@H]1[C@H]2SCC(Sc3nc(cs3)-c3cc[n+](C)cc3)=C(N2C1=O)C(O)=O)c1nc(=NP(O)(O)=O)s[nH]1,ceftaroline-fosamil,BRD-K37252028-349-01-8,0.9852958,-10.42
C[C@H](CCCC(C)(C)O)[C@H]1CC[C@H]2\C(CCC[C@]12C)=C\C=C1\C[C@@H](O)C[C@H](O)C1=C,calcitriol,BRD-K27316855-001-13-3,0.9219733,-10.42
C[C@@H]1O[C@H](C[C@H](N)[C@@H]1O)O[C@H]1C[C@@](O)(Cc2c(O)c3C(=O)c4ccccc4C(=O)c3c(O)c12)C(C)=O,idarubicin,BRD-K69650333-003-13-2,0.94095665,-10.4
OC(=O)c1ccc2C3=NN([C@@H](C4CCCC4)C3CCc2c1)c1ccc(C#N)c(Cl)c1,PF-03882845,BRD-K51041191-001-01-4,0.9961836,-10.36
[H][C@]1(O[C@@H]2[C@@H](N)C[C@@H](NCC)[C@H](O[C@@]3([H])OC[C@](C)(O)[C@H](NC)[C@H]3O)[C@H]2O)OC(CN)=CC[C@H]1N,netilmicin,BRD-K00003604-315-01-9,0.9158422,-10.28
S=C(NCc1ccc2OCOc2c1)N1CCN(CC1)c1ncnc2c3ccccc3oc12,amuvatinib,BRD-K66538826-001-01-5,0.9438986,-10.24
Cc1ccc(C(=O)Nc2ccc(Oc3cc4cnn(C)c4cc3-c3cn[nH]c3)c(F)c2)c(=O)n1-c1ccc(F)cc1,LY2801653,BRD-K18961567-001-01-1,0.976253,-10.2
NC[C@@H]1O[C@H](O[C@@H]2[C@@H](CO)O[C@@H](O[C@@H]3[C@@H](O)[C@H](N)C[C@H](N)[C@H]3O[C@H]3O[C@H](CN)[C@@H](O)[C@H](O)[C@H]3N)[C@@H]2O)[C@H](N)[C@@H](O)[C@@H]1O,neomycin,BRD-K71013094-001-02-5,0.9293872,-10.2
CCOC(=O)C1=C(C)NC(=C([C@@H]1C#Cc1ccccc1)C(=O)OCc1ccc(cc1)[N+]([O-])=O)c1ccccc1,MRS-1334,BRD-A06784547-001-02-6,0.92671156,-10.18
[H][C@@]12CC[C@@]([H])(C1)N1C(=O)c3c(O)c(=O)c(cn3C[C@@]1([H])O2)C(=O)NCc1c(F)cc(F)cc1F,bictegravir,BRD-K00003247-001-01-9,0.9967398,-10.16
NC[C@@H]1O[C@H](O[C@@H]2[C@@H](CO)O[C@@H](O[C@@H]3[C@@H](O)[C@H](N)C[C@H](N)[C@H]3O[C@H]3O[C@H](CO)[C@@H](O)[C@H](O)[C@H]3N)[C@@H]2O)[C@H](N)[C@@H](O)[C@@H]1O,paromomycin,BRD-K36524108-065-03-2,0.92649865,-10.15
CN(C)C(=O)Oc1cccc(NC(=O)C2(CN)CCN(CC2)c2ncnc3[nH]cc(C)c23)c1,LX7101,BRD-K21038058-001-01-9,0.9572119,-10.11
[H][C@]1(O)C[C@@]([H])(O[C@]1([H])CO[P@](=O)(O[C@]1([H])[C@@]([H])(CO)O[C@@]([H])(n2ccc(=O)[nH]c2=O)[C@]1([H])OC)SCOC(=O)OC(C)C)n1cnc2c(N)ncnc12,inarigivir-soproxil,BRD-K00004751-001-01-9,0.9901889,-10.02
CO[C@@H]1C[C@H](C[C@@H](C)[C@@H]2CC(=O)[C@H](C)\C=C(C)\[C@@H](O)[C@@H](OC)C(=O)[C@H](C)C[C@H](C)\C=C\C=C\C=C(C)\[C@H](C[C@@H]3CC[C@@H](C)[C@@](O)(O3)C(=O)C(=O)N3CCCC[C@H]3C(=O)O2)OC)CC[C@H]1OCCO,everolimus,BRD-K13514097-001-04-6,0.9656255,-10.01
COC(=O)[C@H](Cc1cccc(c1)C(N)=N)[C@@H](C)NC(=O)c1ccc(cc1)-c1cc[n+]([O-])cc1,otamixaban,BRD-K80082640-001-01-0,0.94722,-10
CCCS(=O)(=O)Nc1ccc(F)c(C(=O)c2c[nH]c3ncc(cc23)-c2ccc(Cl)cc2)c1F,vemurafenib,BRD-K56343971-001-10-6,0.9806923,-9.99
Oc1ccc2C[C@H]3N(CC4CC4)CC[C@@]45[C@@H](Oc1c24)c1oc2ccccc2c1C[C@@]35O,naltriben,BRD-K81275354-066-07-9,0.94813377,-9.91
CCOC(=O)CCC(=O)O[C@H]1[C@H](O[C@@H]2[C@@H](C)[C@H](O[C@H]3C[C@@](C)(OC)[C@@H](O)[C@H](C)O3)[C@@H](C)C(=O)O[C@H](CC)[C@@](C)(O)[C@H](O)[C@@H](C)C(=O)[C@H](C)C[C@@]2(C)O)O[C@H](C)C[C@@H]1N(C)C,erythromycin-ethylsuccinate,BRD-K51677086-001-12-0,0.96693814,-9.89
CCCc1c(OC[C@@H](O)COc2ccc3c(oc(cc3=O)C(O)=O)c2CCC)ccc(C(C)=O)c1O,FPL-55712,BRD-A96456596-001-02-2,0.9514267,-9.88
CC[C@H]1OC(=O)[C@H](C)[C@@H](O[C@H]2C[C@@](C)(OC)[C@@H](O)[C@H](C)O2)[C@H](C)[C@@H](O[C@@H]2O[C@H](C)C[C@@H]([C@H]2OC(=O)CC)N(C)C)[C@](C)(O)C[C@@H](C)C(=O)[C@H](C)[C@@H](O)[C@]1(C)O,erythromycin-estolate,BRD-K39746403-084-04-9,0.9556424,-9.88
CC[C@@H]1\C=C(C)\C[C@H](C)C[C@H](OC)[C@H]2O[C@](O)([C@H](C)C[C@@H]2OC)C(=O)C(=O)N2CCCC[C@H]2C(=O)O[C@@H]([C@H](C)[C@@H](O)CC1=O)C(\C)=C\[C@@H]1CC[C@H](Cl)[C@@H](C1)OC,pimecrolimus,BRD-K92107055-001-01-9,0.97062296,-9.8
[H][C@@]12C[C@@]3([H])[C@H](C(=O)c4c(O)ccc(Cl)c4[C@@]3(C)O)C(=O)[C@]1(O)C(=O)[C@H](C(N)=O)C(=O)[C@H]2N(C)C,chlortetracycline,BRD-K00003353-003-01-9,0.9622628,-9.78
COc1ccc2nc3CCCCC[C@@H]4C[C@H]4OC(=O)N[C@H](C(=O)N4C[C@@H](C[C@H]4C(=O)N[C@@]4(C[C@H]4C=C)C(=O)NS(=O)(=O)C4CC4)Oc3nc2c1)C(C)(C)C,grazoprevir,BRD-K24943235-001-01-3,0.9946248,-9.77
Nc1[nH]ncc1-c1cc(Cl)ccc1Oc1cc(F)c(cc1Cl)S(=O)(=O)Nc1cscn1,PF-05089771,BRD-K00003145-001-01-9,0.9622129,-9.76
[O-][N+](=O)c1cc(C(=O)NCC=C)c2[nH]c(Nc3ccc(Cl)c(Cl)c3)nc(=O)c2c1,AZ-10417808,BRD-K36258877-001-03-1,0.9854534,-9.76
NC[C@H]1O[C@H](O[C@@H]2[C@@H](N)C[C@@H](N)[C@H](O)[C@H]2O[C@@H]2O[C@H](CO)[C@@H](O)[C@H]2O)[C@H](N)[C@@H](O)[C@@H]1O,ribostamycin,BRD-K55188888-065-01-2,0.94227636,-9.75
[O-][N+](=O)c1cccc(c1)S(=O)(=O)n1cccc1\C=C(/C#N)S(=O)(=O)c1ccc(F)cc1,AMZ30,BRD-K00256256-001-06-1,0.9472669,-9.75
Cc1ccccc1\N=N\c1ccc(\N=N\c2c(O)ccc3ccccc23)c(C)c1,sudan-IV,BRD-K00004524-001-01-9,0.93997043,-9.71
CO\N=C1\C[C@]2(C[C@@H]3C[C@@H](C\C=C(C)\C[C@@H](C)\C=C\C=C4/CO[C@@H]5[C@H](O)C(C)=C[C@@H](C(=O)O3)[C@]45O)O2)O[C@@H]([C@H]1C)C(\C)=C\C(C)C,moxidectin,BRD-K61988078-001-01-2,0.95326155,-9.66
[H][C@@]1(C[C@@](C)(O)[C@@H](OC(=O)CC(C)C)[C@H](C)O1)O[C@@H]1[C@@H](C)O[C@@]([H])(O[C@H]2[C@@H](CC=O)C[C@@H](C)[C@@H](O)\C=C\C=C\C[C@@H](C)OC(=O)C[C@@]([H])(OC(C)=O)[C@@H]2OC)[C@H](O)[C@H]1N(C)C,josamycin,BRD-K00003705-001-01-9,0.95640206,-9.63
CO[C@H]1[C@@H](CC(=O)O[C@H](C)C\C=C\C=C\[C@H](O)[C@H](C)C[C@H](CC=O)[C@@H]1O[C@@H]1O[C@H](C)[C@@H](O[C@H]2C[C@@](C)(OC(=O)CC(C)C)[C@@H](O)[C@H](C)O2)[C@@H]([C@H]1O)N(C)C)OC(C)=O,josamycin,BRD-K25837718-001-03-8,0.9813673,-9.63
NC(=N)Nc1ccc2[nH]c3[C@@H]4Oc5c6c(C[C@H]7N(CC8CC8)CC[C@@]46[C@@]7(O)Cc3c2c1)ccc5O,GNTI,BRD-K64748124-300-01-7,0.98039484,-9.62
CO[C@H]1\C=C\O[C@@]2(C)Oc3c(C2=O)c2c(O)c(\C=N\N=C\N4CCCCC4)c(NC(=O)\C(C)=C/C=C/[C@H](C)[C@H](O)[C@@H](C)[C@@H](O)[C@@H](C)[C@H](OC(C)=O)[C@@H]1C)c(O)c2c(O)c3C,FCE-22250,BRD-K00004537-001-01-9,0.96777153,-9.6
COc1ccc(NS(=O)(=O)c2ccc(cc2)N=Nc2ccc(O)c(c2)C(O)=O)nn1,salazodine,BRD-K15045219-001-01-8,0.9929871,-9.59
COc1ccc(NS(=O)(=O)c2ccc(cc2)\N=N\c2ccc(O)c(c2)C(O)=O)nn1,salazodine,,0.99185354,-9.59
CC(C)(O)c1coc(c1)S(=O)(=O)NC(=O)Nc1c2CCCc2cc2CCCc12,MCC950,BRD-K55418700-001-02-2,0.93094814,-9.59
N[C@@H]1CCCCN(C1)c1c(F)cc2c(c1Cl)n(cc(C(O)=O)c2=O)C1CC1,besifloxacin,BRD-K10196357-003-02-0,0.9910802,-9.57
Oc1ccccc1C(=O)\C=C\N1C[C@H]2C[C@@H]1CN2c1ccccn1,PFI-3,BRD-K61524559-001-01-3,0.9028022,-9.56
Cc1noc(NS(=O)(=O)c2ccsc2C(=O)Cc2cc3OCOc3cc2C)c1Cl,sitaxentan,BRD-K63806092-236-02-6,0.94064826,-9.54
CCc1c(C)c2cc3[nH]c(cc4nc([C@@H](CCC(O)=O)[C@@H]4C)c(CC(=O)N[C@@H](CC(O)=O)C(O)=O)c4nc(cc1[nH]2)c(C)c4C(O)=O)c(C)c3C=C.[NaH].[NaH].[NaH].[NaH],talaporfin,BRD-K00004965-342-03-9,0.9899408,-9.53
CCc1c(C)c2cc3[nH]c(cc4nc([C@@H](CCC(O)=O)[C@@H]4C)c(CC(=O)N[C@@H](CC(O)=O)C(O)=O)c4nc(cc1[nH]2)c(C)c4C(O)=O)c(C)c3C=C,talaporfin,BRD-K00004965-342-01-9,0.9811477,-9.53
CO[C@H]1C[C@H](C)Cc2c(O)c(NC(=O)\C(C)=C\C=C/[C@H](OC)[C@@H](OC(N)=O)\C(C)=C\[C@H](C)[C@H]1O)cc(O)c2NCC=C,retaspimycin,BRD-K67935717-003-01-0,0.9805031,-9.52
CN(C1CCN(CC1)c1nnc(-c2ccnn2C)c2ccccc12)C(=O)c1ccc(F)cc1C(F)(F)F,taladegib,BRD-K50498985-001-03-3,0.93297917,-9.44
COC(=O)[C@]12OC[C@@]34[C@H]1[C@@H](OC(=O)\C=C(/C)C(C)C)C(=O)O[C@@H]3C[C@H]1[C@@H](C)C(=O)C(=O)C[C@]1(C)[C@H]4[C@@H](O)[C@@H]2O,bruceantin,BRD-A36057565-001-01-0,0.90046066,-9.38
CCCS(=O)(=O)Nc1ccc(F)c(C(=O)c2c[nH]c3ncc(Cl)cc23)c1F,PLX4720,BRD-K16478699-001-09-2,0.9529499,-9.37
CO\N=C(/C(=O)N[C@H]1[C@H]2SCC(CSc3nc(C)c(CC(O)=O)s3)=C(N2C1=O)C(O)=O)c1csc(N)n1,cefodizime,BRD-K22641081-001-01-0,0.96869385,-9.37
CO[C@H]1\C=C\O[C@@]2(C)Oc3c(C2=O)c2c(O)cc(NC(=O)\C(C)=C/C=C/[C@H](C)[C@H](O)[C@@H](C)[C@@H](O)[C@@H](C)[C@H](OC(C)=O)[C@@H]1C)c(O)c2c(O)c3C,rifamycin,BRD-K38512030-001-01-7,0.9764316,-9.35
CN(\N=C\c1cnc2ccc(Br)cn12)S(=O)(=O)c1cc(ccc1C)[N+]([O-])=O,PIK-75,BRD-K49371609-003-03-8,0.94798464,-9.34
C[C@@H]1[C@H]2[C@H](O)[C@H]3[C@H](N(C)C)C(O)=C(C(N)=O)C(=O)[C@@]3(O)C(O)=C2C(=O)c2c(O)cccc12,doxycycline,BRD-K01825679-003-04-9,0.9844462,-9.34
CC(C)[C@@H]1N(C)C(=O)[C@@H](Cc2ccccc2)NC(=O)[C@H](CC(O)=O)NC(=O)CNC(=O)[C@H](CCCNC(N)=N)NC1=O,cilengitide,BRD-K57252450-001-02-5,0.9133585,-9.34
COc1ccc(cn1)-c1ccc2ncc3n(C)c(=O)n(-c4ccc(N5CCNCC5)c(c4)C(F)(F)F)c3c2c1,BGT226,BRD-K29415052-050-04-8,0.9386652,-9.33
[H][C@]12SCC(\C=C3/CCN([C@@H]4CCNC4)C3=O)=C(N1C(=O)[C@H]2NC(=O)C(=N/O)\c1nsc(N)n1)C(O)=O,ceftobiprole,BRD-K00003117-001-01-9,0.9018908,-9.33
CC[C@H]1OC(=O)[C@H](C)[C@@H](O[C@H]2C[C@@](C)(OC)[C@@H](O)[C@H](C)O2)[C@H](C)[C@@H](O[C@@H]2O[C@H](C)C[C@@H]([C@H]2O)N(C)C)[C@@](C)(C[C@@H](C)C(=O)[C@H](C)[C@@H](O)[C@]1(C)O)OC,clarithromycin,BRD-K49668410-001-16-2,0.9945799,-9.32
CO[C@H]1\C=C\O[C@@]2(C)Oc3c(C2=O)c2C4=NC5(CCN(CC(C)C)CC5)NC4=C(NC(=O)\C(C)=C/C=C/[C@H](C)[C@H](O)[C@@H](C)[C@@H](O)[C@@H](C)[C@H](OC(C)=O)[C@@H]1C)C(=O)c2c(O)c3C,rifabutin,BRD-K31484631-001-12-9,0.96505016,-9.3
CO[C@H]1\C=C\O[C@@]2(C)Oc3c(C2=O)c2c(c(O)c3C)c(O)c(NC(=O)\C(C)=C\C=C\[C@H](C)[C@H](O)[C@@H](C)[C@@H](O)[C@@H](C)[C@H](OC(C)=O)[C@@H]1C)c1=NC3(CCN(CC(C)C)CC3)N=c21,rifabutin,BRD-K30563334-001-02-9,0.99828905,-9.3
C[C@@H](Cn1ccc(n1)c2ccc(c(c2)Cl)C#N)NC(=O)c3cc([nH]n3)C(C)O,darolutamide,BRD-A44971162-001-03-9,0.9403352,-9.3
C[C@@H](Cn1ccc(n1)-c1ccc(C#N)c(Cl)c1)NC(=O)c1cc(n[nH]1)[C@@H](C)O,darolutamide,BRD-A44971162-001-01-9,0.98697937,-9.3
CO[C@H]1\C=C\O[C@@]2(C)Oc3c(C2=O)c2c(O)c(\C=N\N4CCN(CC4)C4CCCC4)c(NC(=O)\C(C)=C/C=C/[C@H](C)[C@H](O)[C@@H](C)[C@@H](O)[C@@H](C)[C@H](OC(C)=O)[C@@H]1C)c(O)c2c(O)c3C,rifapentine,BRD-K28346421-001-06-8,0.9598516,-9.29
CS(=O)(=O)c1ccc(nc1)-c1nnc(\C=C\c2nnc(o2)-c2ccc(cc2)C#N)n1-c1ccccc1Cl,G007-LK,BRD-K12198961-001-01-8,0.98219943,-9.29
Nc1nccc(Oc2ccc(NC(=O)c3cn(COP(O)(O)=O)cc(-c4ccc(F)cc4)c3=O)cc2F)c1Cl,BMS-817378,BRD-K81026553-234-01-8,0.98100257,-9.28
[H][C@]12SCC(C[N+]3(CCNC(=O)c4ccc(O)c(O)c4Cl)CCCC3)=C(N1C(=O)[C@H]2NC(=O)C(=N/OC(C)(C)C(O)=O)\c1csc(N)n1)C(O)=O,cefiderocol,BRD-K00003257-001-01-9,0.99969864,-9.27
C[C@@H]1Cc2c([nH]c3ccccc23)[C@H](N1CC(C)(C)F)c1c(F)cc(\C=C\C(O)=O)cc1F,AZD9496,BRD-K73235735-001-02-7,0.9657287,-9.26
C1CN(CCN1)c1ccc(cc1)-c1cnc2c(cnn2c1)-c1cccc2ncccc12,LDN-212854,BRD-K59831625-001-01-6,0.9688729,-9.26
CC(=O)O[C@@H]1C[C@H]2C(C)(C)C(=O)C=C[C@]2(C)[C@H]2CC[C@@]3(C)[C@@H](OC(=O)[C@H]4O[C@@]34[C@]12C)c1ccoc1,gedunin,BRD-K02703275-001-07-5,0.9391524,-9.24
[O-][n+]1cccc(c1)-c1nc2c(Cl)cccc2cc1[C@@H](Nc1ncnc2cccnc12)C(F)(F)F,seletalisib,BRD-K00003228-001-01-9,0.97968936,-9.23
CO[C@@H]1C[C@H](C[C@@H](C)[C@@H]2CC(=O)[C@H](C)\C=C(C)\[C@@H](O)[C@@H](OC)C(=O)[C@H](C)C[C@H](C)\C=C\C=C\C=C(C)\[C@H](C[C@@H]3CC[C@@H](C)[C@@](O)(O3)C(=O)C(=O)N3CCCC[C@H]3C(=O)O2)OC)CC[C@@H]1n1cnnn1,zotarolimus,BRD-K46843573-001-01-9,0.9585135,-9.22
O[C@@H](C(=O)N[C@H]1[C@H]2SCC(CSc3nnnn3CS(O)(=O)=O)=C(N2C1=O)C(O)=O)c1ccccc1,cefonicid,BRD-K34058848-304-01-5,0.93656087,-9.2
C1CN(CCN1)c1ccc(cc1)-c1cnc2c(cnn2c1)-c1ccnc2ccccc12,LDN193189,BRD-K04853698-376-01-4,0.95455086,-9.18
C[C@@H]1O[C@@H](OC[C@H]2O[C@@H](Oc3c(oc4cc(O)cc(O)c4c3=O)-c3ccc(O)c(O)c3)[C@H](O)[C@@H](O)[C@@H]2O)[C@H](O)[C@H](O)[C@H]1O,rutin,BRD-K20482099-001-09-4,0.954056,-9.17
CN(C)[C@H]1[C@@H]2C[C@H]3C(=C(O)[C@]2(O)C(O)=C(C(=O)NCN2CCCC2)C1=O)C(=O)c1c(O)cccc1[C@@]3(C)O,rolitetracycline,BRD-A62336573-001-02-3,0.9642559,-9.17
CO[C@H]1CN(C[C@@H]1COc1nc(Nc2cnn(C)c2)nc2[nH]cc(Cl)c12)C(=O)C=C,PF-06459988,BRD-K00003311-001-01-9,0.9105869,-9.17
CC(C)Oc1ccc(cc1)-c1cnc2c(cnn2c1)-c1ccnc2ccccc12,DMH1,BRD-K39381259-001-01-0,0.93911415,-9.17
CC1(C)CC[C@@]2(CC[C@]3(C)[C@@H]([C@@H]2C1)C(=O)C=C1[C@@]2(C)C=C(C#N)C(=O)C(C)(C)[C@@H]2CC[C@@]31C)C(O)=O,bardoxolone,BRD-K20545304-001-01-6,0.9325314,-9.15
CN1c2ccccc2C(=N[C@H](NC(=O)[C@H](CCC(F)(F)F)[C@H](CCC(F)(F)F)C(N)=O)C1=O)c1ccccc1,BMS-906024,BRD-K29343434-001-02-9,0.94221807,-9.15
CC(C)(O)CC[C@@H](O)[C@](C)(O)[C@@H]1CC[C@@]2(O)C3=CC(=O)[C@@H]4C[C@@H](O)[C@@H](O)C[C@]4(C)[C@@H]3CC[C@]12C,20-hydroxyecdysone,BRD-K28343777-001-01-6,0.9937569,-9.14
CC[N+](C)(CC)CCC[n+]1c(-c2ccccc2)c2cc(N)ccc2c2ccc(N)cc12,propidium-iodide,BRD-K14821965-302-05-2,0.922796,-9.13
NCc1ccccc1CC(=O)N[C@H]1[C@H]2SCC(CSc3nnnn3CC(O)=O)=C(N2C1=O)C(O)=O,ceforanide,BRD-K37848908-001-05-6,0.9859351,-9.13
CO[C@H]1\C=C\O[C@@]2(C)Oc3c(C2=O)c2c(O)c(C=NN4CCN(C)CC4)c(NC(=O)\C(C)=C/C=C/C(C)[C@H](O)[C@@H](C)[C@@H](O)[C@@H](C)[C@@H](OC(C)=O)[C@@H]1C)c(O)c2c(O)c3C,rifampin,BRD-A23603052-001-03-2,0.9992593,-9.11
CCCCCCCCCC[C@@H](O)[C@H]1C=C[C@H]2[C@@H](N1Nc1ccc(cc1)[N+]([O-])=O)C(=O)N(C2=O)c1ccccc1,A12B4C3,BRD-A30000356-001-01-9,0.9271924,-9.11
C[C@H]1CO[C@@H]2Cn3cc(C(=O)NCc4ccc(F)cc4F)c(=O)c(O)c3C(=O)N12,cabotegravir,BRD-K76819217-001-01-4,0.97842807,-9.11
CO[C@H]1\C=C\O[C@@]2(C)Oc3c(C2=O)c2c(O)c(\C=N\N4CCN(C)CC4)c(NC(=O)\C(C)=C/C=C/[C@H](C)[C@H](O)[C@@H](C)[C@@H](O)[C@@H](C)[C@H](OC(C)=O)[C@@H]1C)c(O)c2c(O)c3C,rifampin,BRD-K01507359-001-22-9,0.9880838,-9.11
C[C@@H]1CCO[C@H]2Cn3cc(C(=O)NCc4ccc(F)cc4F)c(=O)c(O)c3C(=O)N12,dolutegravir,BRD-K67463151-001-02-9,0.95890826,-9.1
CC(F)(F)C(=O)N[C@]12CCC(C)(C)C[C@H]1[C@H]1C(=O)C=C3[C@@]4(C)C=C(C#N)C(=O)C(C)(C)[C@@H]4CC[C@@]3(C)[C@]1(C)CC2,RTA-408,BRD-K56211775-001-01-2,0.9655255,-9.1
OC[C@H]1CN(C(=O)O1)c1ccc(OCC2(O)CCN(CC2)c2cc3n(cc(C(O)=O)c(=O)c3cc2F)C2CC2)c(F)c1,cadazolid,BRD-K00003370-001-01-9,0.9992072,-9.09
CN(C)[C@H]1[C@@H]2C[C@H]3C(C(=O)c4c(O)cccc4[C@@]3(C)O)C(=O)[C@]2(O)C(=O)C(C(=O)NCNCCCC[C@H](N)C(O)=O)C1=O,lymecycline,BRD-A15750551-001-01-1,0.9677829,-9.07
CN(C)[C@H]1[C@@H]2C[C@H]3[C@@H](C(=O)c4c(O)cccc4[C@@]3(C)O)C(=O)[C@]2(O)C(=O)[C@H](C(=O)NCNCCCC[C@H](N)C(O)=O)C1=O,lymecycline,BRD-K00004536-001-01-9,0.96980065,-9.07
COCC1=C(N2[C@H](SC1)[C@H](NC(=O)C(=N/OC)\c1csc(N)n1)C2=O)C(=O)O[C@@H](C)OC(=O)OC(C)C,cefpodoxime,BRD-A34205213-001-03-9,0.9969875,-9.05
OC(=O)C(Cc1ccccc1[N+]([O-])=O)=NNc1nc(cs1)-c1ccc(Cl)c(Cl)c1,4EGI-1,BRD-K00004308-001-01-9,0.9089431,-9.04
CO[C@@H]1[C@H](O[P@](S)(=O)OC[C@H]2O[C@H](C[C@@H]2O)n2cnc3c(N)ncnc23)[C@@H](CO)O[C@H]1n1ccc(=O)[nH]c1=O,inarigivir,BRD-K00003532-001-01-9,0.93008626,-9.03
O=C([C@@H]1C[C@H]1c1ccccc1)N1[C@H]2CCCC[C@H]2C[C@H]1C(=O)N1CCSC1,S-17092,BRD-K00004618-001-01-9,0.9143163,-9.03
