smiles,pert_iname,broad_id,activity,nearest_neighbor_similarity,Binding Energy (kcal/mol)
CC1(C)CCC(CN2CCN(CC2)c2ccc(C(=O)NS(=O)(=O)c3ccc(NCC4CCOCC4)c(c3)[N+]([O-])=O)c(Oc3cnc4[nH]ccc4c3)c2)=C(C1)c1ccc(Cl)cc1,venetoclax,BRD-K62391742-001-03-0,0.8946244,0.2085561497326202,-14.47
CC1(C)CCC(=C(CN2CCN(CC2)c2ccc(cc2)C(=O)NS(=O)(=O)c2ccc(N[C@H](CCN3CCOCC3)CSc3ccccc3)c(c2)S(=O)(=O)C(F)(F)F)C1)c1ccc(Cl)cc1,navitoclax,BRD-K82746043-001-15-1,0.993919,0.1804511278195488,-14.4
[H]C(=[C@@]=C1C(C)(C)C[C@@H](C[C@@]1(C)O)OC(C)=O)C(\C)=C\C=C\C(\C)=C\C=C\C=C(/C)\C=C\C=C(/C)C(=O)C[C@]12O[C@@]1(C)C[C@H](O)CC2(C)C,fucoxanthin,BRD-K00003355-001-01-9,0.89361966,0.159090909090909,-13.41
CN(C)CC[C@H](CSc1ccccc1)Nc1ccc(cc1[N+]([O-])=O)S(=O)(=O)NC(=O)c1ccc(cc1)N1CCN(Cc2ccccc2-c2ccc(Cl)cc2)CC1,ABT-737,BRD-K56301217-001-01-7,0.94866693,0.2323232323232323,-12.89
CC(C)N1CCN(Cc2cnc(o2)-c2cc(cc3[nH]ncc23)-c2cccc3[nH]ccc23)CC1,nemiralisib,BRD-K00003285-001-01-9,0.9145853,0.1744186046511627,-12.66
C[C@@H](NC(=O)[C@@H](NC(=O)[C@H](CCCc1ccc(c(C)c1)-c1ccccc1)CC(=O)NO)C(C)(C)C)c1ccccc1,UK-356618,BRD-K57011718-001-01-5,0.9595132,0.2234042553191489,-12.52
CCCCn1c(CN(Cc2ccc3OCOc3c2)Cc2ccc3OCOc3c2)c(nc1-c1ccccc1)-c1ccccc1,NDT-9513727,BRD-K17539220-001-01-5,0.8929601,0.2631578947368421,-12.23
C\C(\C=C\C=C(/C)\C=C\C1=C(C)C(=O)[C@@H](O)CC1(C)C)=C/C=C/C=C(\C)/C=C/C=C(\C)/C=C/C1=C(C)C(=O)[C@@H](O)CC1(C)C,astaxanthin,BRD-K51832961-001-01-4,0.91790724,0.1363636363636363,-12.23
CC(C)[C@@]1(NC(=O)[C@@H]2C[C@H]3[C@@H](Cc4c[nH]c5cccc3c45)N(C)C2)O[C@@]2(O)[C@@H]3CCCN3C(=O)[C@H](Cc3ccccc3)N2C1=O,dihydroergocristine,BRD-K97440753-066-18-1,0.8913132,0.1869158878504673,-12.22
CN(c1cccc(Cl)c1)S(=O)(=O)c1ccc2NC(=O)\C(=C/c3[nH]c(C)c(C(=O)N4CCN(C)CC4)c3C)c2c1,SU11274,BRD-K02965346-001-06-7,0.9892222,0.188034188034188,-12.04
CONC(=O)Nc1ccc(cc1)-c1sc2n(Cc3c(F)cccc3F)c(=O)n(-c3ccccc3)c(=O)c2c1CN(C)Cc1ccccc1,sufugolix,BRD-K00004582-001-01-9,0.9330033,0.233009708737864,-11.86
Cc1cc(C)c(N(Cc2ccccc2)S(=O)(=O)c2ccc(OCCNC(=O)c3cc4ccccc4o3)cc2)c(c1)C(=O)NO,WAY-170523,BRD-K36198571-001-02-0,0.9840833,0.2947368421052632,-11.66
CN1CCN(C)C(=O)[C@@H]1c1ccc(Nc2nc(cn(C)c2=O)-c2cccc(NC(=O)c3cc4CCCCc4s3)c2C)cc1,GDC-0834,BRD-A30984645-001-01-5,0.89844304,0.1801801801801802,-11.64
CO[C@@H]1C[C@H](C[C@@H](C)[C@@H]2CC(=O)[C@H](C)\C=C(C)\[C@@H](O)[C@@H](OC)C(=O)[C@H](C)C[C@H](C)\C=C\C=C\C=C(C)\[C@H](C[C@@H]3CC[C@@H](C)[C@@](O)(O3)C(=O)C(=O)N3CCCC[C@H]3C(=O)O2)OC)CC[C@H]1OP(C)(C)=O,deforolimus,BRD-K62304154-001-03-4,0.986117,0.1578947368421053,-11.57
CCOC(=O)N1CCN(CC1)C(=O)[C@H](Cc1cccc(c1)C(=N)NO)NS(=O)(=O)c1c(cc(cc1C(C)C)C(C)C)C(C)C,upamostat,BRD-K00003218-001-01-9,0.9982092,0.2093023255813954,-11.55
CN1C[C@@H](C[C@H]2[C@H]1Cc1c[nH]c3cccc2c13)C(=O)N[C@]1(C)O[C@@]2(O)[C@@H]3CCCN3C(=O)[C@H](Cc3ccccc3)N2C1=O,dihydroergotamine,BRD-K72166146-066-04-7,0.88470423,0.1886792452830188,-11.49
CN1C[C@@H](C=C2[C@H]1Cc1c[nH]c3cccc2c13)C(=O)N[C@]1(C)O[C@@]2(O)[C@@H]3CCCN3C(=O)[C@H](Cc3ccccc3)N2C1=O,ergotamine,BRD-K15380626-046-02-9,0.92269963,0.1851851851851852,-11.47
C[C@@H](Oc1cc(sc1C(N)=O)-n1cnc2ccc(CN3CCN(C)CC3)cc12)c1ccccc1C(F)(F)F,GSK461364,BRD-K92428232-001-10-6,0.965535,0.1826923076923077,-11.46
CC1=C(C)C(=O)C(CCCCCCCCCC[P+](c2ccccc2)(c2ccccc2)c2ccccc2)=CC1=O,visomitin,BRD-K00003375-004-01-9,0.9665778,0.1999999999999999,-11.42
COC(=O)[C@H](CC(C)C)NC(=O)c1ccc(NC[C@@H](N)CS)cc1-c1cccc2ccccc12,GGTI-298,BRD-K19669037-001-01-1,0.9914304,0.275,-11.4
CN1CCN(CC1)c1ccc(Nc2nc(Oc3cccc(NC(=O)C=C)c3)c3sccc3n2)cc1,olmutinib,BRD-K60421517-001-01-4,0.9189986,0.2272727272727273,-11.39
CCC[C@@]1(CCc2ccccc2)CC(=O)[C@@H]([C@H](CC)c2cccc(NS(=O)(=O)c3ccc(cn3)C(F)(F)F)c2)C(=O)O1,tipranavir,BRD-A10039652-001-01-2,0.99453485,0.1720430107526881,-11.31
OCCN1CCN(CC1)c1ccc(Nc2ncc3cccc(-c4cccc(NC(=O)C=C)c4)c3n2)c(F)c1F,CK-101,BRD-K00005246-001-01-9,0.8681532,0.2105263157894736,-11.3
COc1ccc(Br)cc1S(=O)(=O)NC(=O)\C=C\c1ccccc1Cc1ccc2ccccc2c1,L-798106,BRD-K43905307-001-01-2,0.89136124,0.282051282051282,-11.27
[H][C@@]12C[C@@](O)(NC(=O)O1)[C@]([H])(OC)\C=C\C=C(C)\Cc1cc(OC)c(Cl)c(c1)N(C)C(=O)C[C@]([H])(OC(=O)[C@H](C)N(C)C(=O)CCS)[C@]1(C)O[C@H]1[C@@H]2C,mertansine,BRD-K00003293-001-01-9,0.99823225,0.1796407185628742,-11.26
CCC(=O)NC[C@H](Cc1ccc(OCCc2nc(oc2C)-c2ccccc2)cc1)N\C(C)=C/C(=O)c1ccc(cc1)C(F)(F)F,GW-6471,BRD-K20828910-001-01-2,0.97255564,0.2452830188679244,-11.22
C\C(\C=C\C=C(/C)\C=C\C1=C(C)CCCC1(C)C)=C/C=C/C=C(\C)/C=C/C=C(\C)/C=C/C1=C(C)CCCC1(C)C,beta-carotene,BRD-K74225533-001-08-8,0.9914387,0.1184210526315789,-11.19
CCC[C@@H](NC(=O)N1[C@@H](Oc2ccc(cc2)C(=O)N2CCN(C)CC2)C(CC)(CC)C1=O)c1ccc2OCOc2c1,DMP-777,BRD-K54936858-001-01-6,0.99801743,0.2282608695652174,-11.09
COC1=C(OC)C(=O)C(CCCCCCCCCC[P+](c2ccccc2)(c2ccccc2)c2ccccc2)=C(C)C1=O,mitoquinone,BRD-K00003362-066-01-9,0.8896267,0.1999999999999999,-11.07
CO[C@@H]1C[C@H](C[C@@H](C)[C@@H]2CC(=O)[C@H](C)\C=C(C)\[C@@H](O)[C@@H](OC)C(=O)[C@H](C)C[C@H](C)\C=C\C=C\C=C(C)\[C@H](C[C@@H]3CC[C@@H](C)[C@@](O)(O3)C(=O)C(=O)N3CCCC[C@H]3C(=O)O2)OC)CC[C@H]1OC(=O)C(C)(CO)CO,temsirolimus,BRD-K08177763-001-05-9,0.9878872,0.1666666666666666,-11.06
CC(C)C[C@@H]1N2C(=O)[C@](NC(=O)[C@H]3CN(C)[C@@H]4Cc5c(Br)[nH]c6cccc(C4=C3)c56)(O[C@@]2(O)[C@@H]2CCCN2C1=O)C(C)C,bromocriptine,BRD-K14496212-066-02-2,0.9233934,0.1496062992125983,-11.05
ONC(=O)CCCCCCNC(=O)c1cnc(nc1)N(c1ccccc1)c1ccccc1,ACY-1215,BRD-K82928847-001-04-7,0.8799248,0.2461538461538461,-11.03
Brc1ccc(\C=C\CNCCNS(=O)(=O)c2cccc3cnccc23)cc1,H-89,BRD-K27737647-300-03-0,0.89549935,0.28125,-11.0
Cc1oc(nc1CCOc1ccc(C[C@@H]2SC(=O)NC2=O)c2sccc12)-c1ccccc1,edaglitazone,BRD-K00004306-001-01-9,0.9878685,0.2127659574468084,-10.99
COc1cccc2C(=O)c3c(O)c4C[C@](O)(C[C@H](O[C@H]5C[C@H](N)[C@H](O)[C@H](C)O5)c4c(O)c3C(=O)c12)C(\CO)=N\NC(=O)CCCCCN1C(=O)C=CC1=O,aldoxorubicin,BRD-K68928792-001-01-6,0.94132185,0.1999999999999999,-10.95
Cc1oc(nc1CCC(=O)c1ccc(CC2SC(=O)NC2=O)cc1)-c1ccccc1,darglitazone,BRD-K82908348-001-01-9,0.98014414,0.2045454545454545,-10.93
CC[C@H]1\C=C(C)\[C@@H](O)C\C=C\C=C(CO[C@@H]2O[C@H](C)[C@@H](OC(=O)c3c(O)c(Cl)c(O)c(Cl)c3CC)[C@H](O)[C@@H]2OC)\C(=O)O[C@@H](C\C=C(/C)\C=C(C)\[C@@H]1O[C@@H]1OC(C)(C)[C@@H](OC(=O)C(C)C)[C@H](O)[C@@H]1O)[C@@H](C)O,fidaxomicin,BRD-K00003591-001-01-9,0.97241306,0.1753246753246753,-10.92
CN1CCN(CC1)C(C)(C)C#Cc1cc2ncnc(Nc3ccc(F)c(Cl)c3)c2cc1NC(=O)C=C,AV-412,BRD-K23190681-001-01-1,0.90385044,0.2142857142857143,-10.91
CCc1c2Cn3c(cc4c(COC(=O)[C@]4(O)CC)c3=O)-c2nc2ccc(OC(=O)N3CCC(CC3)N3CCCCC3)cc12,irinotecan,BRD-K08547377-001-04-4,0.98589647,0.1875,-10.89
CCC(=O)O[C@H]1[C@H](C)O[C@H](C[C@@]1(C)OC(C)=O)O[C@@H]1[C@@H](C)O[C@@H](O[C@H]2[C@@H](CC=O)C[C@@H](C)[C@@H](OC(C)=O)\C=C\C=C\C[C@@H](C)OC(=O)C[C@@H](OC(=O)CC)[C@@H]2OC)[C@H](O)[C@H]1N(C)C,miocamycin,BRD-K30764557-001-01-5,0.9994648,0.2945736434108527,-10.82
Clc1cccc(N2CCN(CCCCNC(=O)c3ccc-4c(Cc5ccccc-45)c3)CC2)c1Cl,NGB-2904,BRD-K05181084-003-03-7,0.8829756,0.2531645569620253,-10.8
CN1CCN(CC1)c1ccc(Nc2ncc(Cl)c(Sc3cccc(NC(=O)C=C)c3)n2)cc1,WZ8040,BRD-K81728688-001-04-4,0.8743472,0.2736842105263157,-10.78
CCN1CCN(CC1)c1ccc(cn1)C(C)(C)NC(=O)c1cc2[nH]c3ccccc3c(=O)c2cc1F,BMS-566419,BRD-K56932272-001-01-1,0.96867406,0.25,-10.78
Clc1cc(Cl)cc(COC(=O)N2CCN(CCC(=O)c3ccc4[nH]c(=O)oc4c3)CC2)c1,PF-8380,BRD-K50865540-001-01-5,0.9979612,0.2278481012658227,-10.76
CCOC(=O)N[C@@H]1CC[C@@H]2[C@H](C[C@@H]3[C@@H]([C@@H](C)OC3=O)[C@H]2\C=C\c2ccc(cn2)-c2cccc(F)c2)C1,vorapaxar,BRD-K93442924-001-03-4,0.92792034,0.1808510638297872,-10.67
COc1cc(Nc2ncc(F)c(Nc3ccc4OC(C)(C)C(=O)N(COP(O)(O)=O)c4n3)n2)cc(OC)c1OC,fostamatinib,BRD-K85178109-001-02-3,0.980642,0.2115384615384615,-10.66
COc1ccc(NS(=O)(=O)c2sc3ccc(Cl)cc3c2C)cc1N1CCNCC1,SB-271046,BRD-K82467063-001-02-7,0.9013839,0.1999999999999999,-10.63
CC[C@@]1(O)C(=O)OCc2c1cc1-c3nc4ccccc4c(CCNC(C)C)c3Cn1c2=O,belotecan,BRD-K00003160-003-01-9,0.9845821,0.1826923076923077,-10.62
O=c1ccc2ccc(OCCCCN3CCN(CC3)c3cccc4sccc34)cc2[nH]1,brexpiprazole,BRD-K00911143-001-01-9,0.8651104,0.1829268292682927,-10.61
Cn1c2cnc3ccc(cc3c2n(-c2ccc(cc2)C(C)(C)C#N)c1=O)-c1cnc2ccccc2c1,NVP-BEZ235,BRD-K12184916-001-15-4,0.9289592,0.233009708737864,-10.6
CC[C@@H]1OC(=O)C[C@@H](O)[C@H](C)[C@@H](O[C@@H]2O[C@H](C)[C@@H](O)[C@@H]([C@H]2O)N(C)C)[C@@H](CCN2C[C@@H](C)C[C@@H](C)C2)C[C@@H](C)C(=O)\C=C\C(C)=C/[C@@H]1CO[C@@H]1O[C@H](C)[C@@H](O)[C@@H](OC)[C@H]1OC,tilmicosin,BRD-K26634012-001-03-1,0.97006494,0.2384615384615385,-10.6
C[C@@H](C[C@@H](C)[C@H]1OC(=O)CC(=O)CCCC(=O)C[C@@H](O)C[C@@H](O)C[C@@H](O)CC(=O)C[C@@H](O)[C@@H]([C@@H](O)C[C@@H](O[C@@H]2O[C@H](C)[C@H](O)[C@@H](O)[C@@H]2N)\C=C\C=C\C=C\C=C\C=C\C=C\C=C\[C@@H]1C)C(O)=O)[C@@H](O)CC(=O)c1ccc(N)cc1,candicidin,BRD-A37348498-015-01-4,0.9881917,0.21875,-10.59
FC(F)(F)c1ccc(cc1)C#Cc1ccc(s1)-c1c(CNS(=O)(=O)N2CCCC2)c(nn1-c1ccc(Cl)cc1Cl)C(=O)NN1CCCCC1,DBPR-211,BRD-K00004704-001-01-9,0.88973486,0.208695652173913,-10.54
Clc1cc2NC(=O)Cc2cc1CCN1CCN(CC1)c1nsc2ccccc12,ziprasidone,BRD-K29582115-001-04-9,0.8831979,0.173469387755102,-10.52
CN(C)C(=O)n1cc(C(=O)c2ccc(Cn3c(C)nc4cnccc34)c(F)c2)c2c(cccc12)C#C,ABT-491,BRD-K97233161-003-01-5,0.98568517,0.1941747572815534,-10.51
[H][C@@]1(OC(=O)\C(OC)=C\C(\C)=C/[C@@H](C)[C@@H](O)[C@@H](C)C\C(C)=C\C=C\[C@@H]1OC)[C@@H](C)[C@@H](O)[C@H](C)[C@@]1(O)C[C@@H](O)[C@H](C)[C@H](O1)C(C)C,bafilomycin-a1,BRD-K00010387-001-01-9,0.95623505,0.2074074074074073,-10.51
Cc1c(C)c2O[C@@](C)(COc3ccc(C[C@H]4SC(=O)NC4=O)cc3)CCc2c(C)c1O,troglitazone,BRD-A13084692-001-17-3,0.8865331,0.2158273381294964,-10.46
Cc1c(cc(C(=O)NCc2ccc(cn2)S(C)(=O)=O)c(=O)n1-c1cccc(c1)C(F)(F)F)-c1ccnn1C,AZD9668,BRD-K31476763-001-01-5,0.9329709,0.2988505747126436,-10.41
CC(C)(C#N)c1ccc(cc1)N1C(=O)OCc2cnc3ccc(cc3c12)-c1cnc2ccccc2c1,ETP-46464,BRD-K24556407-001-01-5,0.9924269,0.2129629629629629,-10.4
Fc1cc2CN(CCn3cc(C4=C(C(=O)NC4=O)c4cnc5ccccn45)c(c1)c23)C(=O)N1CCCCC1,LY2090314,BRD-K78055238-001-01-8,0.88207465,0.1764705882352941,-10.39
ONC(=O)c1cnc(nc1)N1CCN(CC1)S(=O)(=O)c1ccc2ccccc2c1,R306465,BRD-K86687746-001-01-3,0.8654871,0.2753623188405797,-10.38
CNC(=O)c1ccccc1Sc1ccc2c(\C=C\c3ccccn3)[nH]nc2c1,axitinib,BRD-K29905972-001-06-3,0.95507413,0.2337662337662337,-10.35
CN1CCN(CCCNC(=O)C[C@@H]2N=C(c3c(C)c(C)sc3-n3c(C)nnc23)c2ccc(Cl)cc2)CC1,TEN-010,BRD-K00005242-001-01-9,0.9227909,0.1770833333333333,-10.32
CN(Cc1cc(ccc1-c1ccccc1S(=O)(=O)Nc1noc(C)c1C)-c1ncco1)C(=O)CC(C)(C)C,BMS-207940,BRD-K00004634-001-01-9,0.94288224,0.1958762886597937,-10.32
Cc1c(nc2c3cccnc3ccn12)[C@@H]1C[C@H]1c1nc2c(C)ncc(C)n2n1,PDE10-IN-1,BRD-K38145871-001-01-8,0.9107238,0.1714285714285713,-10.3
C[C@H]1CCC[C@@]2(C)O[C@H]2C[C@H](OC(=O)C[C@H](O)C(C)(C)C(=O)[C@H](C)[C@H]1O)C(\C)=C\c1csc(C)n1,epothilone-B,BRD-K48935217-001-03-9,0.97836435,0.17,-10.27
S=C(NCc1ccc2OCOc2c1)N1CCN(CC1)c1ncnc2c3ccccc3oc12,amuvatinib,BRD-K66538826-001-01-5,0.90767133,0.2592592592592593,-10.24
CCn1cc(-c2cccc(c2)C(F)(F)F)c2sc(cc2c1=O)C(=N)NC1CCS(=O)(=O)CC1,I-BRD9,BRD-K04972057-001-01-1,0.95917714,0.2325581395348837,-10.23
C[C@@H](CN1CCN(CC1)S(=O)(=O)c1ccc(Cl)c(Cl)c1)Nc1ncnc2c(C)csc12,LPA2-antagonist-1,BRD-K32322923-001-01-7,0.8924866,0.1666666666666666,-10.21
CC(C)c1nccc(C)c1-n1c2nc(c(F)cc2c(nc1=O)N1CCN(C[C@@H]1C)C(=O)C=C)-c1c(O)cccc1F,AMG-510,BRD-K00010385-001-01-9,0.976768,0.1886792452830188,-10.16
CN(Cc1oc2ccccc2c1C)C(=O)\C=C\c1cnc2NC(=O)CCc2c1,AFN-1252,BRD-K23791635-001-01-3,0.8663152,0.1973684210526315,-10.14
Cc1cccc(Oc2nc3c(C)cccn3c(=O)c2\C=C(/C#N)c2nc3ccccc3s2)c1,CCG-63802,BRD-K26970495-001-01-9,0.93365175,0.1869158878504673,-10.12
CC(C)(O)C(=O)N1CCN(CC1)c1ccc(c(c1)C1=C(C(=O)NC1=O)c1c[nH]c2ccccc12)C(F)(F)F,TCS-21311,BRD-K49461364-001-01-0,0.90764123,0.2345679012345679,-10.11
CCN(CCCOc1ccc2c(Nc3cc(CC(=O)Nc4cccc(F)c4)n[nH]3)ncnc2c1)CCOP(O)(O)=O,barasertib,BRD-K31928526-001-02-1,0.9983344,0.2857142857142857,-10.09
CCc1ccc(OCc2ccccc2C(=O)Nc2ccc3nc(C)cc(N)c3c2)cc1,JTC-801,BRD-K17705806-003-03-6,0.8772073,0.2962962962962963,-10.09
CN(C(=O)C(C)(C)C1=CC(=CC(=C1)C(F)(F)F)C(F)(F)F)C1=CN=C(C=C1C1=CC=CC=C1C)N1CC[N+](C)(COP(O)([O-])=O)CC1,netupitant,BRD-K00083081-001-01-9,0.9518901,0.1979166666666666,-10.05
C[C@@H](C(=O)Nc1cc(C)ccn1)c1cccc(c1)C(=O)c1ccccc1,piketoprofen,BRD-A85548292-001-01-8,0.9541267,0.265625,-10.03
CO[C@@H]1C[C@H](C[C@@H](C)[C@@H]2CC(=O)[C@H](C)\C=C(C)\[C@@H](O)[C@@H](OC)C(=O)[C@H](C)C[C@H](C)\C=C\C=C\C=C(C)\[C@H](C[C@@H]3CC[C@@H](C)[C@@](O)(O3)C(=O)C(=O)N3CCCC[C@H]3C(=O)O2)OC)CC[C@H]1OCCO,everolimus,BRD-K13514097-001-04-6,0.99015665,0.1610738255033557,-10.01
COc1cnc(-n2cnc(C)n2)c2n(COP(O)(O)=O)cc(C(=O)C(=O)N3CCN(CC3)C(=O)c3ccccc3)c12,fostemsavir,BRD-K00003191-001-01-9,0.9998129,0.2038834951456311,-10.0
Cc1cncc(CN2CCC(CC2)=C2c3ccc(Cl)cc3CCc3cccnc23)c1,rupatadine,BRD-K98004573-051-02-8,0.9479181,0.2391304347826086,-10.0
CCCS(=O)(=O)Nc1ccc(F)c(C(=O)c2c[nH]c3ncc(cc23)-c2ccc(Cl)cc2)c1F,vemurafenib,BRD-K56343971-001-10-6,0.9779369,0.1978021978021977,-9.99
C[C@H]1CN([C@H](C)CN1Cc1ccc(F)cc1)C(=O)c1cc2c(cn(C)c2cc1Cl)C(=O)C(=O)N(C)C,talmapimod,BRD-K17555800-001-01-9,0.97578984,0.1956521739130434,-9.97
CN(C)Cc1c(oc2ccccc12)C(=O)NCCOc1ccc(cc1)C(=O)NO,PCI-24781,BRD-K12867552-001-04-7,0.8927267,0.2705882352941177,-9.96
CC[C@H](C)C(=O)O[C@H]1CCC=C2C=C[C@H](C)[C@H](CC[C@@H]3C[C@@H](O)CC(=O)O3)[C@@H]12,mevastatin,BRD-K94441233-001-12-2,0.93077916,0.2233009708737864,-9.94
Cc1cccc(COc2cccc(\C=C3/C(=O)NN(C3=O)c3ccccc3)c2)c1,Y16,BRD-K81865756-001-01-7,0.8859903,0.2837837837837837,-9.93
CCc1c2Cn3c(cc4c(COC(=O)[C@]4(O)CC)c3=O)-c2nc2ccc(O)cc12,SN-38,BRD-K89561498-001-01-7,0.9922643,0.1797752808988764,-9.92
CC(C)[C@@H]1NC(=O)[C@@H](NC(=O)c2ccc(C)c3oc4c(C)c(=O)c(N)c(C(=O)N[C@H]5[C@@H](C)OC(=O)[C@H](C(C)C)N(C)C(=O)CN(C)C(=O)[C@@H]6CCCN6C(=O)[C@@H](NC5=O)C(C)C)c4nc23)[C@@H](C)OC(=O)[C@H](C(C)C)N(C)C(=O)CN(C)C(=O)[C@@H]2CCCN2C1=O,actinomycin-d,BRD-K16547679-001-01-5,0.95687354,0.1603053435114504,-9.9
Cc1cc(OCCCS(C)(=O)=O)cc(C)c1-c1cccc(COc2ccc3[C@H](CC(O)=O)COc3c2)c1,TAK-875,BRD-K58501140-001-02-9,0.86558884,0.2413793103448276,-9.84
CC(C)n1c2c(cnc3cc(F)c(cc23)-c2ccc(OCCCN3CCCCC3)nc2)n(C)c1=O,AZD1390,BRD-K00003509-001-01-9,0.9056565,0.1929824561403509,-9.83
CC[C@@]1(O)C(=O)OCc2c1cc1-c3nc4cc(F)c(C)c5CC[C@H](N)c(c3Cn1c2=O)c45,exatecan-mesylate,BRD-K92150287-066-01-2,0.9962322,0.1651376146788991,-9.82
CC[C@@H]1\C=C(C)\C[C@H](C)C[C@H](OC)[C@H]2O[C@](O)([C@H](C)C[C@@H]2OC)C(=O)C(=O)N2CCCC[C@H]2C(=O)O[C@@H]([C@H](C)[C@@H](O)CC1=O)C(\C)=C\[C@@H]1CC[C@H](Cl)[C@@H](C1)OC,pimecrolimus,BRD-K92107055-001-01-9,0.9979507,0.1764705882352941,-9.8
C[C@H](NC(=O)C(C)(C)Oc1ccc(cn1)C(F)(F)F)[C@@H](Cc1ccc(Cl)cc1)c1cccc(c1)C#N,taranabant,BRD-K35169477-001-01-9,0.86885613,0.2298850574712644,-9.79
CC[C@H](C)C(=O)O[C@H]1C[C@@H](C)C=C2C=C[C@H](C)[C@H](CC[C@@H]3C[C@@H](O)CC(=O)O3)[C@@H]12,lovastatin,BRD-K09416995-001-38-1,0.94181,0.1792452830188678,-9.77
[H][C@@]12Cc3c(cc(NC(=O)CNC(C)(C)C)c(O)c3C(=O)[C@@H]1C(=O)[C@]1(O)C(=O)[C@H](C(N)=O)C(=O)[C@@H](N(C)C)[C@]1([H])C2)N(C)C,tigecycline,BRD-K00003349-001-01-9,0.89481515,0.233009708737864,-9.77
COc1ccccc1[C@H](Cn1c2sc(c(C)c2c(=O)n(c1=O)C(C)(C)C(O)=O)-c1ncco1)OC1CCOCC1,firsocostat,BRD-K00003236-001-01-9,0.9723474,0.1864406779661016,-9.76
CC(C)(F)C[C@H](N[C@@H](c1ccc(cc1)-c1ccc(cc1)S(C)(=O)=O)C(F)(F)F)C(=O)NC1(CC1)C#N,odanacatib,BRD-K22822991-001-02-3,0.8884494,0.1686746987951807,-9.75
[O-][N+](=O)c1cccc(c1)S(=O)(=O)n1cccc1\C=C(/C#N)S(=O)(=O)c1ccc(F)cc1,AMZ30,BRD-K00256256-001-06-1,0.98118556,0.2295081967213115,-9.75
CN1CCN(CC1)c1ccc(OC(F)(F)F)c(Nc2ncc3CCc4c(nn(CCO)c4-c3n2)C(N)=O)c1,NMS-1286937,BRD-K83699324-001-01-1,0.95599353,0.2123893805309734,-9.74
CC\C=C/C\C=C/C\C=C/C\C=C/C\C=C/CCCC(=O)NCCNC(=O)c1cccnc1,nicodicosapent,BRD-K00003262-001-01-9,0.96645176,0.2463768115942028,-9.72
COc1cc(cc(OC)c1O)[C@H]1[C@@H]2C(COC2=O)C(O[C@@H]2O[C@@H]3CO[C@H](OC3[C@H](O)[C@H]2O)c2cccs2)c2cc3OCOc3cc12,teniposide,BRD-A35588707-001-05-5,0.95110816,0.2199999999999999,-9.71
[H][C@@]12Cc3c(cc(CNCC(C)(C)C)c(O)c3C(=O)[C@H]1C(=O)[C@]1(O)C(=O)[C@@H](C(N)=O)C(=O)[C@@H](N(C)C)[C@]1([H])C2)N(C)C,omadacycline,BRD-K00003569-003-01-9,0.91232795,0.2376237623762376,-9.71
O=C(NCCCCC1CCN(CC1)C(=O)c1ccccc1)\C=C\c1cccnc1,FK-866,BRD-K58550667-001-08-7,0.8869237,0.2298850574712644,-9.7
[H][C@@]1(C[C@@](C)(O)[C@@H](OC(=O)CC(C)C)[C@H](C)O1)O[C@@H]1[C@@H](C)O[C@@]([H])(O[C@H]2[C@@H](CC=O)C[C@@H](C)[C@@H](O)\C=C\C=C\C[C@@H](C)OC(=O)C[C@@]([H])(OC(C)=O)[C@@H]2OC)[C@H](O)[C@H]1N(C)C,josamycin,BRD-K00003705-001-01-9,0.99829865,0.2878787878787878,-9.63
C[C@H](F)[C@H]1COC(=O)N1c1ccnc(N[C@@H](C)c2cc(C)c(cn2)-c2ccnc(c2)C(F)(F)F)n1,IDH-305,BRD-K00003457-001-01-9,0.9884288,0.1683168316831683,-9.62
O=C1N=C(NCc2cccs2)S\C1=C/c1ccc2ncccc2c1,Ro-3306,BRD-K78373679-001-03-7,0.8658835,0.2386363636363636,-9.6
C[C@H]1CCC[C@H]2O[C@H]2C[C@H](OC(=O)C[C@H](O)C(C)(C)C(=O)[C@H](C)[C@H]1O)C(\C)=C\c1csc(C)n1,epothilone-A,BRD-K71823332-001-03-7,0.9789194,0.173469387755102,-9.59
Clc1ccc2c(NCCNc3ccnc4cc(Cl)ccc34)ccnc2c1,NSC-5844,BRD-K73799155-001-01-5,0.93168765,0.2207792207792207,-9.59
Cc1cccn2c1nc(Oc1ccc(F)cc1)c(\C=C(/C#N)c1nc3ccccc3s1)c2=O,CCG-63808,BRD-K68474505-001-01-9,0.9476225,0.1779661016949152,-9.57
CO[C@H]1C[C@H](C)Cc2c(O)c(NC(=O)\C(C)=C\C=C/[C@H](OC)[C@@H](OC(N)=O)\C(C)=C\[C@H](C)[C@H]1O)cc(O)c2NCC=C,retaspimycin,BRD-K67935717-003-01-0,0.98104495,0.25,-9.52
CO[C@H]1C[C@H](C)CC2=C(NCCN(C)C)C(=O)C=C(NC(=O)\C(C)=C\C=C/[C@H](OC)[C@@H](OC(N)=O)\C(C)=C\[C@H](C)[C@H]1O)C2=O,alvespimycin,BRD-K83988098-001-02-0,0.9832724,0.2279411764705882,-9.52
CO[C@H]1C[C@H](O[C@H]2CC[C@@]3(C)[C@H](CC[C@@H]4[C@@H]3CC[C@]3(C)[C@H]([C@H](C[C@]43O)OC(C)=O)C3=CC(=O)OC3)C2)O[C@@H](C)[C@@H]1O,oleandrin,BRD-K98006098-001-01-6,0.9313611,0.1935483870967742,-9.48
[O-][N+](=O)c1cc(\C=C2/CCN(C\C(=C/c3ccc(F)c(c3)[N+]([O-])=O)C2=O)C(=O)C=C)ccc1F,VLX1570,BRD-K00003343-001-01-9,0.9675606,0.2241379310344827,-9.47
Cc1cc(\C=C\C#N)cc(C)c1Nc1ccnc(Nc2ccc(cc2)C#N)n1,rilpivirine,BRD-K06240250-001-01-6,0.9050776,0.1566265060240963,-9.46
CO[C@@H]1[C@@H](OC(N)=O)[C@@H](O)[C@H](Oc2ccc3c(O)c(NC(=O)c4ccc(O)c(CC=C(C)C)c4)c(=O)oc3c2C)OC1(C)C,novobiocin,BRD-K85307935-236-08-7,0.9502699,0.2476190476190476,-9.45
CCC(=O)OCC(=O)[C@@]1(OC(=O)CC)[C@H](C)C[C@H]2[C@H]3[C@H](Cl)CC4=CC(=O)C=C[C@]4(C)[C@H]3[C@@H](O)C[C@]12C,alclometasone-dipropionate,BRD-A17407635-001-04-0,0.9023787,0.1512605042016807,-9.4
C[C@H]1CCC\C(C)=C/C[C@H](OC(=O)C[C@H](O)C(C)(C)C(=O)[C@H](C)[C@H]1O)C(\C)=C\c1csc(C)n1,epothilone-D,BRD-K52762805-001-01-2,0.9804274,0.173469387755102,-9.38
Cc1nc2cnc3ccc(cc3c2n1-c1ccc(cc1)C(C)(C)C#N)C#Cc1cccnc1,BAG-956,BRD-K00652956-001-01-5,0.96576357,0.2065217391304348,-9.37
CCCS(=O)(=O)Nc1ccc(F)c(C(=O)c2c[nH]c3ncc(Cl)cc23)c1F,PLX4720,BRD-K16478699-001-09-2,0.94558823,0.2093023255813954,-9.37
COc1cc(cc(OC)c1OP(O)(O)=O)[C@H]1[C@@H]2[C@H](COC2=O)[C@H](O[C@@H]2O[C@@H]3CO[C@@H](C)O[C@H]3[C@H](O)[C@H]2O)c2cc3OCOc3cc12,etoposide-phosphate,BRD-K72533376-001-01-2,0.99933624,0.2315789473684211,-9.37
CC(C)n1nc(C)nc1-c1cn2CCOc3cc(ccc3-c2n1)-c1cnn(c1)C(C)(C)C(N)=O,taselisib,BRD-K44844162-001-01-6,0.8940288,0.1610169491525424,-9.36
CS(=O)(=O)c1ccc(C(=O)Nc2ccc(Cl)c(c2)-c2ccccn2)c(Cl)c1,vismodegib,BRD-K44827188-001-04-5,0.9546733,0.2794117647058823,-9.33
CCC(C)(C)C(=O)O[C@H]1C[C@@H](C)C=C2C=C[C@H](C)[C@H](CC[C@@H]3C[C@@H](O)CC(=O)O3)[C@@H]12,simvastatin,BRD-K22134346-001-21-5,0.95442593,0.1809523809523809,-9.31
FC(F)(F)c1ccc(\C=C\c2nc(COc3ccc(CCCCn4ccnn4)cc3)co2)cc1,mubritinib,BRD-K19061412-001-02-4,0.86588967,0.1808510638297872,-9.3
Cc1ccccc1\N=N\c1ccc(NC(=O)c2ccnn2C)c(C)c1,CH223191,BRD-K22314899-001-02-4,0.9276005,0.2142857142857143,-9.3
CS(=O)(=O)c1ccc(nc1)-c1nnc(\C=C\c2nnc(o2)-c2ccc(cc2)C#N)n1-c1ccccc1Cl,G007-LK,BRD-K12198961-001-01-8,0.95527565,0.1752577319587629,-9.29
Nc1nccc(Oc2ccc(NC(=O)c3cn(COP(O)(O)=O)cc(-c4ccc(F)cc4)c3=O)cc2F)c1Cl,BMS-817378,BRD-K81026553-234-01-8,0.9998287,0.2307692307692307,-9.28
CO[C@H]1[C@@H](O)[C@@H](C)O[C@@H](O[C@H]2CC[C@@]3(C=O)[C@H](CC[C@@H]4[C@@H]3CC[C@]3(C)[C@H](CC[C@]43O)C3=CC(=O)OC3)C2)[C@@H]1O,peruvoside,BRD-A72716251-001-01-5,0.90973455,0.2100840336134454,-9.26
Nc1nc(NCCNc2ncc(c(n2)-c2ccc(Cl)cc2Cl)-n2ccnc2)ccc1[N+]([O-])=O,CHIR-98014,BRD-K42973005-001-04-0,0.91282165,0.2528735632183908,-9.24
CC(=O)O[C@@H]1C[C@H]2C(C)(C)C(=O)C=C[C@]2(C)[C@H]2CC[C@@]3(C)[C@@H](OC(=O)[C@H]4O[C@@]34[C@]12C)c1ccoc1,gedunin,BRD-K02703275-001-07-5,0.92132676,0.1818181818181817,-9.24
CO[C@@H]1C[C@H](C[C@@H](C)[C@@H]2CC(=O)[C@H](C)\C=C(C)\[C@@H](O)[C@@H](OC)C(=O)[C@H](C)C[C@H](C)\C=C\C=C\C=C(C)\[C@H](C[C@@H]3CC[C@@H](C)[C@@](O)(O3)C(=O)C(=O)N3CCCC[C@H]3C(=O)O2)OC)CC[C@@H]1n1cnnn1,zotarolimus,BRD-K46843573-001-01-9,0.9889208,0.1658031088082902,-9.22
CNC(=O)[C@H](Cc1ccccc1)NC(=O)[C@H](CC(C)C)[C@H](CSc1cccs1)C(=O)NO,batimastat,BRD-K82818427-001-02-2,0.9025772,0.2409638554216867,-9.22
[H][C@@]12CC[C@](O)(C(=O)COP(O)(O)=O)[C@@]1(C)C[C@H](O)[C@@]1([H])[C@@]2([H])CCC2=CC(=O)C=C[C@]12C,prednisolone-sodium-phosphate,BRD-K00003654-304-01-9,0.9603127,0.1568627450980392,-9.22
CC(C)Cn1c2sc(Cc3c(C)n[nH]c3C)c(C(=O)N3C[C@H](O)CO3)c2c(=O)n(C)c1=O,AR-C155858,BRD-K42325600-001-01-8,0.9430267,0.2291666666666666,-9.2
Fc1ccc(CNC(=O)N2CCN3[C@@H](C2)C(OC3=O)(c2ccccc2)c2ccccc2)cc1,SHA-68,BRD-A63344375-001-01-8,0.93311465,0.2125,-9.19
COc1c(C)c2COC(=O)c2c(O)c1C\C=C(/C)CCC(=O)OCCN1CCOCC1,mycophenolate-mofetil,BRD-K92428153-001-04-4,0.95180684,0.2083333333333333,-9.18
C[C@@H](O)[C@H]1[C@H]2[C@@H](C)C(S[C@@H]3CN[C@@H](C3)C(=O)Nc3cccc(c3)C(O)=O)=C(N2C1=O)C(O)=O,ertapenem,BRD-A40472231-304-01-7,0.9980648,0.2467532467532467,-9.18
COCCNc1cc(NC(=O)N2CCCc3cc(CN4CCN(C)CC4=O)c(C=O)nc23)ncc1C#N,roblitinib,BRD-K00003424-001-01-9,0.99399966,0.188034188034188,-9.17
C[C@]12CC[C@H]3[C@@H](CCc4cc(OC(=O)N(CCCl)CCCl)ccc34)[C@@H]1CC[C@@H]2OP(O)(O)=O,estramustine-phosphate,BRD-K00077635-304-01-2,0.9971426,0.1938775510204081,-9.17
Cc1ccc(NS(=O)(=O)c2cccc(c2)C#N)c2[nH]cc(C#N)c12,E7820,BRD-K00003172-001-01-9,0.9017955,0.1558441558441559,-9.17
CC(=O)OCC1=C2N3[C@H](SC1)[C@H](NC(=O)CCC[C@H](N)C(=O)O[Zn]OC2=O)C3=O,cephalosporin-c-zn,BRD-K00025564-001-01-9,0.9699542,0.188235294117647,-9.17
COc1cc(cc(OC)c1O)[C@H]1[C@@H]2[C@H](COC2=O)[C@H](O[C@@H]2O[C@@H]3CO[C@@H](C)O[C@H]3[C@H](O)[C@H]2O)c2cc3OCOc3cc12,etoposide,BRD-K37798499-001-18-1,0.9452673,0.2307692307692307,-9.15
COC(=O)[C@@H]1C[C@H](OC(C)=O)C(=O)[C@H]2[C@@]1(C)CC[C@H]1C(=O)O[C@@H](C[C@]21C)c1ccoc1,salvinorin-A,BRD-K19284129-001-02-6,0.97916234,0.1769911504424779,-9.14
Cc1cccc(n1)-c1nn2CCCc2c1-c1ccnc2ccc(cc12)C(N)=O,LY2157299,BRD-K78118466-001-03-3,0.9474777,0.2307692307692307,-9.12
[H][C@]12[C@@H](CCN1C(=O)c1coc(CC(=O)C[C@H](O)\C=C(/C)\C=C/CNC(=O)\C=C\[C@@H](C)[C@@H](OC2=O)C(C)C)n1)S(=O)(=O)CCN(CC)CC,dalfopristin,BRD-K00003321-001-01-9,0.9996042,0.1999999999999999,-9.12
Cc1cc(on1)C(=CNc1ccc(Cl)cc1)C(=O)Nc1ccc(Cl)cc1,CCMI,BRD-K16338837-001-01-8,0.8719822,0.2741935483870967,-9.07
C[C@H](Nc1ccc2-c3nc(cn3CCOc2c1)N1[C@@H](COC1=O)C(F)F)C(N)=O,GDC-0077,BRD-K00003420-001-01-9,0.9509858,0.1770833333333333,-9.03
Cc1cc(ccn1)-c1nc(co1)C(=O)Nc1cn(nc1C(N)=O)C1CCOCC1,AS-2444697,BRD-K73565918-003-01-4,0.96439016,0.1980198019801979,-9.03
CO[C@@H]1[C@H](O[P@](S)(=O)OC[C@H]2O[C@H](C[C@@H]2O)n2cnc3c(N)ncnc23)[C@@H](CO)O[C@H]1n1ccc(=O)[nH]c1=O,inarigivir,BRD-K00003532-001-01-9,0.9827038,0.1502890173410405,-9.03
Nc1ncn([C@H]2C[C@H](OP(O)(=O)OC[C@H]3O[C@H](C[C@@H]3O)n3cnc4c3[nH]c(N)nc4=O)[C@@H](CO)O2)c(=O)n1,guadecitabine,BRD-K00003187-236-01-9,0.969011,0.1508379888268156,-8.99
Cc1ccc(cc1NC(=O)c1ccc(OCc2ccccn2)cc1)-c1ncc[nH]1,AZ-12080282,BRD-K05973499-300-01-0,0.8695532,0.2602739726027397,-8.98
[H][C@]12CCC[C@H](N1C(=O)[C@H](CCS2)NC(=O)[C@@H](S)Cc1ccccc1)C(O)=O,omapatrilat,BRD-K00003265-001-01-9,0.93521386,0.2631578947368421,-8.97
COc1ccc(cc1)S(=O)(=O)N(C(C)=O)c1ccccc1\C=C\c1cc[n+]([O-])cc1,HMN-214,BRD-K70511574-001-06-9,0.88676345,0.25,-8.96
COc1cc2ncnc(Nc3cccc(c3)C#C)c2cc1OCCCCCCC(=O)NO,CUDC-101,BRD-K41278234-001-03-0,0.887088,0.2560975609756097,-8.95
CC(C)n1c2sc(Cc3c(C)[nH]nc3C(F)(F)F)c(C(=O)N3C[C@](C)(O)CO3)c2c(=O)n(C)c1=O,AZD3965,BRD-K25210703-001-01-9,0.9173015,0.1582278481012657,-8.94
Clc1ccc(Nc2nnc(Cc3ccncc3)c3ccccc23)cc1,vatalanib,BRD-K70163715-036-01-6,0.8836063,0.2638888888888888,-8.93
C[C@H](NC(=O)C(=C\c1cccc(Br)n1)\C#N)c1ccccc1,WP1066,BRD-K05445342-001-02-0,0.86508405,0.2195121951219512,-8.92
CCCC(=O)Nc1ncnc2n(cnc12)[C@@H]1O[C@@H]2CO[P@](O)(=O)O[C@H]2[C@H]1OC(=O)CCC,bucladesine,BRD-A94624445-236-17-0,0.95943415,0.1860465116279069,-8.92
Clc1ccc(OCCCCCCN\C(NC#N)=N\c2ccncc2)cc1,GMX1778,BRD-K69832040-001-01-9,0.9554818,0.2903225806451612,-8.91
Clc1ccc(cc1)[C@@H](C#N)c1c(Cl)cc(cc1Cl)-n1ncc(=O)[nH]c1=O,diclazuril,BRD-A06426627-001-03-5,0.9461373,0.1875,-8.9
Cc1cnc(c(C)c1)-c1cc(ncc1Cl)N1CCN(CC1)C(=O)CCS(C)(=O)=O,PF-5274857,BRD-K40302533-001-02-9,0.94895935,0.1714285714285713,-8.89
O=C(C(N1C2=O)=C(SC3CN(C4=NCCS4)C3)[C@H](C)[C@]1([H])[C@@]2([H])[C@H](O)C)O,tebipenem,BRD-K00073049-001-02-9,0.93371546,0.1956521739130434,-8.88
[H][C@]12[C@H](C)O[C@H](C)CN1c1c(CC22C(=O)NC(=O)NC2=O)cc2c(noc2c1F)N1[C@@H](C)COC1=O,zoliflodacin,BRD-K00003264-001-01-9,0.8964585,0.2234042553191489,-8.87
CC(C)(C)CC(=O)Nc1c(F)cc(cc1F)C(=O)\N=c1/sccn1COP(O)(O)=O,Lu-AA-47070,BRD-K83970940-001-01-0,0.9878907,0.2077922077922077,-8.83
COc1cc(OC)c(\C=C\S(=O)(=O)Cc2ccc(OC)c(OP(O)(O)=O)c2)c(OC)c1,briciclib,BRD-K05531427-001-01-7,0.9980278,0.2424242424242424,-8.82
CC[C@@]1(O)C(=O)OCc2c1cc1-c3nc4cccc([N+]([O-])=O)c4cc3Cn1c2=O,rubitecan,BRD-K79821389-001-03-5,0.9765396,0.1999999999999999,-8.8
CC1(C)SCCN([C@H]1C(=O)NO)S(=O)(=O)c1ccc(Oc2ccncc2)cc1,prinomastat,BRD-K00003122-001-01-9,0.9598435,0.1875,-8.79
[H][C@]1(C)OC(=O)[C@H](CC(C)C)N(C)C(=O)[C@@H](Cc2ccc(cc2)N2CCOCC2)OC(=O)[C@H](CC(C)C)N(C)C(=O)[C@@H](C)OC(=O)[C@@H](CC(C)C)N(C)C(=O)[C@@H](Cc2ccc(cc2)N2CCOCC2)OC(=O)[C@H](CC(C)C)N(C)C1=O,emodepside,BRD-K00003414-001-01-9,0.92236507,0.173469387755102,-8.78
CCC(=O)OCC(=O)[C@@]1(OC(=O)CC)[C@@H](C)C[C@H]2[C@@H]3CCC4=CC(=O)C=C[C@]4(C)[C@@]3(Cl)[C@@H](O)C[C@]12C,beclomethasone-dipropionate,BRD-K97810537-001-12-8,0.8808967,0.1507936507936508,-8.76
CC(C)Oc1ccc(cc1)S(=O)(=O)N1CCN(CC1)c1ccc(-c2ncco2)c(OCC(O)=O)c1,asapiprant,BRD-K00003230-001-01-9,0.9730509,0.21875,-8.74
CC[C@@]1(O)C(=O)OCc2c1cc1-c3nc4ccc(O)c(CN(C)C)c4cc3Cn1c2=O,topotecan,BRD-K55696337-003-20-2,0.9949504,0.1624999999999999,-8.73
CCCCCC[C@@H]1[C@@H](OC(=O)CC(C)C)[C@H](C)OC(=O)[C@@H](NC(=O)c2cccc(NC=O)c2O)[C@@H](C)OC1=O,antimycin-A,BRD-K90152265-001-01-3,0.97667503,0.1809523809523809,-8.73
CC(C)CN(C[C@@H](OP(O)(O)=O)[C@H](Cc1ccccc1)NC(=O)O[C@H]1CCOC1)S(=O)(=O)c1ccc(N)cc1,fosamprenavir,BRD-K59110290-238-01-7,0.9739092,0.1666666666666666,-8.69
CCC[C@@H]1C[C@H](N(C)C1)C(=O)N[C@H]([C@H](C)Cl)[C@H]1O[C@H](SC)[C@H](OP(O)(O)=O)[C@@H](O)[C@H]1O,clindamycin-phosphate,BRD-K27771035-001-02-5,0.996964,0.1555555555555555,-8.69
O=C1NC(=O)\C(S1)=C\c1ccc2nccc(-c3ccncc3)c2c1,GSK1059615,BRD-K06750613-001-04-0,0.9721802,0.2075471698113207,-8.64
CN(C)c1ccc2[n+](C)c(\C=C\c3cc(C)n(c3C)-c3ccccc3)ccc2c1,pyrvinium-pamoate,BRD-K39479472-096-04-7,0.8708351,0.1612903225806451,-8.62
CC(C)(C)c1ccc(\C=C\C(=O)Nc2ccc3OCCOc3c2)cc1,AMG-9810,BRD-K01995783-001-01-6,0.93379325,0.2835820895522388,-8.6
CC[C@@]1(O)C(=O)OCc2c1cc1-c3nc4ccccc4cc3Cn1c2=O,camptothecin,BRD-K37890730-001-15-1,0.9762845,0.1911764705882352,-8.6
CC(C)c1ccccc1S(=O)(=O)c1cc(N)c2ncccc2c1[N+]([O-])=O,PD-160170,BRD-K12079898-001-02-6,0.9036627,0.2125,-8.59
COC1CC(CC(C)C2CC(=O)C(C)\C=C(C)\C(O)C(OC)C(=O)C(C)CC(C)\C=C\C=C\C=C(C)\C(CC3CCC(C)C(O)(O3)C(=O)C(=O)N3CCCCC3C(=O)O2)OC)CCC1O,sirolimus,BRD-A79768653-001-12-0,0.98609877,0.1630434782608695,-8.59
CCOC(=O)c1c2-c3ccccc3C(=O)c3cccc([nH]c1=O)c23,NQDI-1,BRD-K61918008-001-07-1,0.86755264,0.2745098039215686,-8.56
OCCONC(=O)c1cc(CN2OCCCC2=O)c(F)c(F)c1Nc1ccc(I)cc1F,Ro-4987655,BRD-K64538373-001-01-4,0.91405994,0.2043010752688172,-8.56
CC[C@@H]1\C=C(C)\C[C@H](C)C[C@H](OC)[C@H]2O[C@](O)([C@H](C)C[C@@H]2OC)C(=O)C(=O)N2CCCC[C@H]2C(=O)O[C@@H]([C@H](C)[C@@H](O)CC1=O)C(\C)=C\[C@@H]1CC[C@@H](O)[C@@H](C1)OC,ascomycin,BRD-K88882192-001-03-3,0.9899885,0.1804511278195488,-8.55
C\C(\C=C\C=C(/C)\C=C\C1=C(C)CCCC1(C)C)=C/C=O,retinaldehyde,BRD-K79884267-001-01-4,0.96326715,0.1363636363636363,-8.54
[O-][N+](=O)c1cnc(Sc2n[nH]c(=O)n2-c2ccc3OCCOc3c2)s1,BI-78D3,BRD-K73982490-001-01-1,0.8711325,0.2638888888888888,-8.52
CS(=O)(=O)c1ccc(Oc2cc(F)cc(c2)C#N)c2CC(F)(F)[C@@H](O)c12,PT-2385,BRD-K20850787-001-01-6,0.8999933,0.1546391752577319,-8.52
[H][C@@]12COCCN1C(=O)c1c(OCOC(=O)OC)c(=O)ccn1N2[C@H]1c2ccc(F)c(F)c2CSc2ccccc12,baloxavir-marboxil,BRD-K00003495-001-01-9,0.9422312,0.175438596491228,-8.51
CO[C@]1(NC(=O)C2SC(S2)=C(C(N)=O)C(O)=O)[C@H]2SCC(CSc3nnnn3C)=C(N2C1=O)C(O)=O,cefotetan,BRD-A78723049-001-01-2,0.9998418,0.219047619047619,-8.5
Fc1ccc(cc1)[C@@H](C#N)c1c(Cl)cc(cc1Cl)-n1ncc(=O)[nH]c1=O,letrazuril,BRD-K00003474-001-01-9,0.89329815,0.1780821917808219,-8.5
C[C@@H](O)[C@@H]1[C@H]2SC([C@H]3CCCO3)=C(N2C1=O)C(=O)OCc1oc(=O)oc1C,faropenem-medoxomil,BRD-K59045783-001-01-1,0.9745966,0.173469387755102,-8.48
CCOP(=O)(Cc1ccc(cc1)C(=O)Nc1ccc(Br)cc1C#N)OCC,ibrolipim,BRD-K62490786-001-01-1,0.8868472,0.2878787878787878,-8.48
CC1(C)SCCN([C@H]1C(=O)NO)S(=O)(=O)c1ccc(OCC#CCO)cc1,apratastat,BRD-K06883221-001-01-9,0.8859149,0.1899999999999999,-8.45
COCCN1CCC(CC1)(C(=O)NO)S(=O)(=O)c1ccc(Oc2ccc(OC(F)(F)F)cc2)cc1,SD-2590,BRD-K51102532-003-01-8,0.97053736,0.2421052631578947,-8.42
CCOCOC[C@H](C[C@H](C)C(=O)NO)NC(=O)c1ccc(Oc2ccccc2)cc1,ONO-4817,BRD-K58894520-001-01-1,0.9169914,0.2428571428571428,-8.38
Ic1ccc(CCNC(=N)SCCCc2cnc[nH]2)cc1,iodophenpropit,BRD-K51918615-303-02-9,0.9158927,0.2151898734177215,-8.37
CC[C@@]1(O)C(=O)OCc2c1cc1-c3nc4ccc(O)cc4cc3Cn1c2=O,10-hydroxycamptothecin,BRD-K63784565-001-05-4,0.9888768,0.2142857142857143,-8.35
CS(=O)(=O)CCCn1c(Cn2c3cnccc3n(CC(F)(F)F)c2=O)cc2cc(Cl)ccc12,JNJ-678,BRD-K00004600-001-01-9,0.9075445,0.2626262626262626,-8.34
Brc1cccc(Nc2ncnc3ccc(NC(=O)C=C)cc23)c1,PD-168393,BRD-K17702546-001-03-2,0.8739711,0.2878787878787878,-8.33
CC[C@@]1(O)C(=O)OCc2c1cc1-c3nc4cccc(N)c4cc3Cn1c2=O,9-aminocamptothecin,BRD-K09291936-001-13-3,0.978985,0.1891891891891891,-8.29
COC[C@H]1OC(=O)c2coc3c2[C@@]1(C)C1=C([C@@H]2CCC(=O)[C@@]2(C)C[C@H]1OC(C)=O)C3=O,wortmannin,BRD-K87343924-001-12-3,0.9915373,0.183673469387755,-8.24
CC1(C)O[C@H]2CC(=O)OC[C@@]22[C@H]1CC(=O)[C@]1(C)[C@@H]2CC[C@@]2(C)[C@@H](OC(=O)[C@H]3O[C@@]123)c1ccoc1,limonin,BRD-K05906022-001-05-1,0.8916632,0.15625,-8.21
CC(=O)N1CCC[C@H]1C(=O)N[C@@H](Cc1cnc[nH]1)C(=O)N[C@@H](CO)C(=O)N[C@@H](CS)C(=O)N[C@@H](CC(N)=O)C(N)=O,ATN-161,BRD-K00521308-019-01-9,0.9890445,0.1739130434782608,-8.21
CN(C)CCOc1ccc(cc1)C(=C(\CCCl)c1ccccc1)\c1ccccc1,toremifene,BRD-K51350053-048-15-7,0.9272456,0.2459016393442623,-8.19
Cc1cc2nc3c(nc(=O)[nH]c3=O)n(C[C@H](O)[C@H](O)[C@H](O)CO[P@@](O)(=O)O[P@@](O)(=O)OC[C@H]3O[C@H]([C@H](O)[C@@H]3O)n3cnc4c(N)ncnc34)c2cc1C,flavin-adenine-dinucleotide,BRD-K01666925-304-01-9,0.9597662,0.1384615384615384,-8.17
CC(=O)c1cc(c(Sc2cccc(Cl)c2Cl)s1)[N+]([O-])=O,P5091,BRD-K13606314-001-01-3,0.9632932,0.2903225806451612,-8.14
CC(C)[C@H]1NC(=O)[C@@H](NC(=O)c2ccc(C)c3oc4c(C)c(=O)c(N)c(C(=O)N[C@H]5[C@@H](C)OC(=O)[C@H](C(C)C)N(C)C(=O)CN(C)C(=O)[C@@H]6CCCN6C(=O)[C@H](NC5=O)C(C)C)c4nc23)[C@@H](C)OC(=O)[C@H](C(C)C)N(C)C(=O)CN(C)C(=O)[C@@H]2CCCN2C1=O,dactinomycin,BRD-K70578146-001-06-7,0.95687354,0.1603053435114504,-8.13
[H][C@]12CO[P@](S)(=O)O[C@@]3([H])[C@@H](O)[C@@H](O[C@]3([H])CO[P@](S)(=O)O[C@@]([H])([C@@H](O1)n1cnc3c(N)ncnc13)[C@]2([H])O)n1cnc2c(N)ncnc12,MIW-815,BRD-K00003146-318-01-9,0.878421,0.1326530612244898,-8.11
CO[C@H]1C[C@H](C)CC2=C(NCC=C)C(=O)C=C(NC(=O)\C(C)=C\C=C/[C@H](OC)[C@@H](OC(N)=O)\C(C)=C\[C@H](C)[C@H]1O)C2=O,tanespimycin,BRD-K81473043-001-14-6,0.985401,0.2335766423357664,-8.08
CO[C@@H]1C[C@@H](CC[C@H]1O)\C=C(/C)[C@H]1OC(=O)[C@@H]2CCCCN2C(=O)C(=O)[C@]2(O)O[C@@H]([C@H](C[C@H]2C)OC)[C@H](C[C@@H](C)C\C(C)=C\[C@@H](CC=C)C(=O)C[C@H](O)[C@H]1C)OC,tacrolimus,BRD-K69608737-001-08-6,0.9921625,0.1678832116788321,-8.08
C(Nc1ccccn1)c1ccc(CNc2ccccn2)cc1,WZ811,BRD-K25359048-001-02-6,0.88985175,0.2222222222222222,-8.07
C[C@@]12C[C@H](O)[C@H]3[C@@H](CCC4=CC(=O)CC[C@@]34C)[C@@H]1CC[C@]2(O)C(=O)COP(O)(O)=O,hydrocortisone-phosphate,BRD-K01824977-304-04-9,0.9265505,0.1584158415841584,-8.01
NC(=O)C1=CN(C=CC1)[C@@H]1O[C@H](COP(O)(=O)OP(O)(=O)OC[C@H]2O[C@H]([C@H](O)[C@@H]2O)n2cnc3c(N)ncnc23)[C@@H](O)[C@H]1O,coenzyme-I,BRD-K01825730-304-01-9,0.9883286,0.1441441441441441,-8.0
CC(C)=CCC\C(C)=C\C=C\C(\C)=C\C=C\C(\C)=C\C=C\C=C(/C)\C=C\C=C(/C)\C=C\C=C(/C)CCC=C(C)C,lycopene,BRD-K37083340-001-02-3,0.98028976,0.2333333333333332,-8.0
CSCCNc1nc(SCCC(F)(F)F)nc2n(cnc12)[C@@H]1O[C@H](COP(O)(=O)OP(O)(=O)C(Cl)(Cl)P(O)(O)=O)[C@@H](O)[C@H]1O,cangrelor,BRD-K00004669-001-01-9,0.9894902,0.1391304347826086,-7.99
CO[C@]12[C@H]3N[C@H]3CN1C1=C([C@H]2COC(N)=O)C(=O)C(N)=C(C)C1=O,mitomycin-C,BRD-K59670716-001-20-9,0.9261036,0.144578313253012,-7.97
C[C@@H](O)[C@@H]1[C@H]2[C@@H](C)C(S[C@@H]3CN[C@@H](C3)C(=O)N(C)C)=C(N2C1=O)C(O)=O,meropenem,BRD-K01612348-001-11-4,0.99894065,0.1770833333333333,-7.96
CC(C)C(=O)OC[C@]1(O[C@H]([C@H](OC(=O)C(C)C)[C@@H]1OC(=O)C(C)C)n1ccc(N)nc1=O)N=[N+]=[N-],balapiravir,BRD-K47976015-001-01-2,1.0,0.1818181818181817,-7.95
Cc1ccc(cn1)-c1ncc(Cl)cc1-c1ccc(cc1)S(C)(=O)=O,etoricoxib,BRD-K54770957-001-04-3,0.9123813,0.1888888888888888,-7.92
NC(=O)c1ccc[n+](c1)[C@@H]1O[C@H](COP(O)(=O)OP(O)(=O)OC[C@H]2O[C@H]([C@H](O)[C@@H]2O)n2cnc3c(N)ncnc23)[C@@H](O)[C@H]1O,nadide,BRD-K01824972-001-04-9,0.99288785,0.1546391752577319,-7.83
CC(O)(CS(=O)(=O)c1ccc(F)cc1)C(=O)Nc1ccc(C#N)c(c1)C(F)(F)F,bicalutamide,BRD-A29485665-001-11-0,0.8804971,0.2191780821917808,-7.82
Cc1ncc(CNC(=O)N(CCCl)N=O)c(N)n1,nimustine,BRD-K00075575-003-02-9,0.9856122,0.1976744186046511,-7.82
OCCOc1ccc(cc1)C(=C(\CCCl)c1ccccc1)\c1ccccc1,ospemifene,BRD-K44184170-001-01-7,0.92382145,0.2413793103448276,-7.8
CCOC(=O)c1ccc(cc1)N1NC(=O)\C(=C\c2ccc(o2)[N+]([O-])=O)C1=O,PYR-41,BRD-K66101666-001-01-5,0.9819317,0.2857142857142857,-7.8
CN1CCC(CC1)=C1c2ncc(C=O)n2CCc2ccccc12,alcaftadine,BRD-K55991142-001-01-6,0.94534284,0.2068965517241379,-7.7
[H][C@]1(COC(=O)[C@]([H])(C(C)C)N(C)C(=O)[C@]2([H])N(C)C(=O)[C@H](C)NC(=O)[C@@]([H])(COC(=O)[C@]([H])(C(C)C)N(C)C(=O)[C@]([H])(CS[C@]2([H])SC)N(C)C(=O)[C@H](C)NC1=O)NC(=O)c1cnc2ccccc2n1)NC(=O)c1cnc2ccccc2n1,echinomycin,BRD-K00010937-001-01-9,0.96270716,0.1999999999999999,-7.69
CO[C@H]1C[C@H](C)CC2=C(OC)C(=O)C=C(NC(=O)\C(C)=C\C=C\[C@H](OC)[C@@H](OC(N)=O)\C(C)=C\[C@H](C)[C@H]1O)C2=O,geldanamycin,BRD-K43570081-001-02-4,0.9764695,0.2519685039370078,-7.59
C[C@H]1C[C@H]2[C@@H]3CCC4=CC(=O)C=C[C@]4(C)[C@@]3(F)[C@@H](O)C[C@]2(C)[C@@]1(O)C(=O)COP(O)(O)=O,betamethasone-phosphate,BRD-K00005349-304-01-9,0.9955494,0.1634615384615384,-7.59
Clc1ccc(CNC(=N)SCCCc2cnc[nH]2)cc1,clobenpropit,BRD-K71430621-303-02-3,0.89676607,0.2394366197183098,-7.59
C\C(N(Cc1cnc(C)nc1N)C=O)=C(/CCOP(O)(O)=O)SC(=O)c1ccccc1,benfotiamine,BRD-K05319475-001-04-2,0.99742985,0.2073170731707316,-7.57
C[C@H]1O[C@@H](O[C@@H]2C[C@@H]3O[C@@](O)(C[C@H](O)[C@H]3C(O)=O)C[C@@H](O)C[C@H]3O[C@@H]3\C=C\C(=O)O[C@H](C)C\C=C\C=C\C=C\C=C\2)[C@@H](O)[C@@H](N)[C@@H]1O,natamycin,BRD-K90563805-001-02-6,0.9887495,0.2434782608695652,-7.54
[O-][N+](=O)c1ccc(\C=C\C=N\N2CC(=O)NC2=O)o1,furagin,BRD-K00003314-001-01-9,0.9983562,0.2413793103448276,-7.54
[O-][N+](=O)c1ccc(\C=N\N2C[C@@H](CN3CCOCC3)OC2=O)o1,furaltadone,BRD-K01824979-001-02-9,0.9950302,0.2539682539682539,-7.51
C[C@@H](O)[C@@H]1[C@H]2SC(S[C@H]3CC[S@@](=O)C3)=C(N2C1=O)C(O)=O,sulopenem,BRD-K00004713-001-01-9,0.9928813,0.2235294117647058,-7.49
Cn1nc(N)c2cn([C@@H]3O[C@H](COP(O)(O)=O)[C@@H](O)[C@H]3O)c3ncnc1c23,triciribine-phosphate,BRD-K00004666-001-01-9,0.88509977,0.1504424778761062,-7.48
CO[C@]1(NC(=O)Cc2cccs2)[C@H]2SCC(COC(N)=O)=C(N2C1=O)C(O)=O,cefoxitin,BRD-K70976396-236-25-2,0.9998306,0.2736842105263157,-7.45
Brc1ccc2[nH]c-3c(CC(=O)Nc4cccnc-34)c2c1,1-azakenpaullone,BRD-K03273112-001-01-8,0.9097927,0.160919540229885,-7.42
Clc1ccc(Cn2cc(C=O)c3ccccc23)cc1,oncrasin-1,BRD-K43449605-001-01-0,0.930517,0.234375,-7.42
Cc1nc(COP(O)(O)=O)cc2CN(CC(O)=O)CCN(CC(O)=O)Cc3cc(COP(O)(O)=O)nc(C)c3O[Mn]Oc12,mangafodipir,BRD-K57365211-314-01-4,0.9582809,0.1978021978021977,-7.38
Clc1ccc([C@@H]2CS\C(S2)=C(\C#N)n2ccnc2)c(Cl)c1,luliconazole,BRD-K71058253-001-01-9,0.8833578,0.2222222222222222,-7.38
CNc1cc2c(Nc3cccc(Br)c3)ncnc2cn1,PD-158780,BRD-K48735772-001-01-4,0.89705163,0.2539682539682539,-7.37
C[C@@H](O)[C@@H]1[C@H]2[C@@H](C)C(SC3Cn4cnc[n+]4C3)=C(N2C1=O)C(O)=O,biapenem,BRD-A80321291-001-01-6,0.99213725,0.1935483870967742,-7.34
CO[C@]1(NC(=O)CSCC#N)[C@H]2SCC(CSc3nnnn3C)=C(N2C1=O)C(O)=O,cefmetazole,BRD-K48470486-236-10-8,0.9965165,0.2254901960784313,-7.3
CCOC(=O)c1ncn-2c1CN(C)C(=O)c1cc(ccc-21)N=[N+]=[N-],Ro-15-4513,BRD-K82823076-001-02-6,1.0,0.2111111111111111,-7.28
C[C@@H](O)[C@@H]1[C@H]2CC(S[C@H]3CCN(C3)C(N)=C)=C(N2C1=O)C(O)=O,panipenem,BRD-K00004671-001-01-9,0.99238616,0.2222222222222222,-7.24
Nc1nc(=O)c2nc(Br)n([C@@H]3O[C@@H]4CO[P@](O)(=O)O[C@H]4[C@H]3O)c2[nH]1,8-bromo-cGMP,BRD-A00077618-236-07-6,0.91433156,0.1232876712328767,-7.24
COCCn1c(C)[n+](Cc2cnccn2)c2c1C(=O)c1ccccc1C2=O,YM-155,BRD-K76703230-004-03-3,0.92237484,0.2909090909090909,-7.23
CC(=O)c1cc(c(Sc2ccc(F)cc2F)s1)[N+]([O-])=O,P22077,BRD-K97714174-001-01-3,0.91963404,0.2741935483870967,-7.15
CO[C@]1(NC(=O)CSC[C@@H](N)C(O)=O)[C@H]2SCC(CSc3nnnn3C)=C(N2C1=O)C(O)=O,cefminox,BRD-K77073709-435-01-2,0.9978452,0.2222222222222222,-7.12
CC(=O)NC[C@H]1CN(C(=O)O1)c1ccc(N2CCN(CC2)C(=O)CO)c(F)c1,eperezolid,BRD-K47554101-001-01-2,0.98283625,0.2272727272727273,-7.11
CO[C@]1(NC(=O)[C@@H](C(O)=O)c2ccc(O)cc2)[C@H]2OCC(CSc3nnnn3C)=C(N2C1=O)C(O)=O,moxalactam,BRD-A08899266-001-06-9,0.9817942,0.2164948453608247,-7.11
C[C@@H](O)[C@@H]1[C@H]2[C@@H](C)C(S[C@@H]3CN[C@H](CNS(N)(=O)=O)C3)=C(N2C1=O)C(O)=O,doripenem,BRD-K45319714-002-01-9,0.99924815,0.1899999999999999,-7.06
CC(C)(C)C(=O)OCOC(=O)[C@H]1N2[C@@H](CC2=O)S(=O)(=O)C1(C)C,sulbactam-pivoxil,BRD-A63431791-001-01-9,0.983652,0.1621621621621621,-7.03
Cc1cn([C@H]2C[C@H](N=[N+]=[N-])[C@@H](CO)O2)c(=O)[nH]c1=O,zidovudine,BRD-K72903603-001-24-4,1.0,0.15625,-7.03
Cn1c(COP(=O)(NCCBr)NCCBr)cnc1[N+]([O-])=O,TH-302,BRD-K20958582-001-01-4,0.8955633,0.25,-7.01
CC1CS(=O)(=O)CCN1N=Cc1ccc(o1)[N+]([O-])=O,nifurtimox,BRD-A00100033-001-08-9,0.9890777,0.2333333333333332,-7.0
[H][C@@]12CC(=O)N1[C@@H](C(O)=O)[C@](C)(Cn1cc[n+](C)n1)S2(=O)=O,AAI101,BRD-K00003450-001-01-9,0.9907799,0.2133333333333333,-6.95
C[C@H]1[C@H](NC(=O)C(=N/OC(C)(C)C(O)=O)\c2csc(N)n2)C(=O)N1S(O)(=O)=O,aztreonam,BRD-K62607865-001-09-7,0.99241793,0.2580645161290322,-6.86
Cn1nnc(n1)-c1ccc(cn1)-c1ccc(cc1F)N1C[C@H](COP(O)(O)=O)OC1=O,tedizolid-phosphate,BRD-K89121095-001-01-7,0.99874103,0.1999999999999999,-6.8
Cc1ccc(cc1)S(=O)(=O)c1ccc(o1)[N+]([O-])=O,NSC-697923,BRD-K20605374-001-05-4,0.98306876,0.276595744680851,-6.79
C\C(\C=C\C=C(/C)C(O)=O)=C/C=C/C=C(\C)/C=C/C=C(\C)C(O)=O,transcrocetinate,BRD-K00003217-304-01-9,0.8744604,0.1568627450980392,-6.76
Cc1cc2nc3c(nc(=O)[nH]c3=O)n(C)c2cc1C=O,Ro-08-2750,BRD-K00486786-001-02-2,0.9734365,0.1833333333333333,-6.76
C[C@@H](O)[C@@H]1[C@H]2CC(SCCNC=N)=C(N2C1=O)C(O)=O,imipenem,BRD-K23200955-002-01-5,0.9977754,0.2530120481927711,-6.71
C[C@@H](O)[C@H]1[C@H]2SC([C@H]3CCCO3)=C(N2C1=O)C(O)=O,faropenem,BRD-A49622760-001-01-9,0.95953435,0.2195121951219512,-6.69
Nc1ccn([C@@H]2O[C@@](CO)(N=[N+]=[N-])[C@@H](O)[C@H]2O)c(=O)n1,R-1479,BRD-K28442028-001-01-3,0.99999964,0.1547619047619047,-6.49
CSC[C@H]1CN(\N=C\c2ccc(o2)[N+]([O-])=O)C(=O)O1,inimur,BRD-A71407503-001-01-8,0.98921186,0.2622950819672131,-6.47
[O-][N+](=O)c1cc2[nH]c(=O)c(=O)[nH]c2cc1C#N,CNQX,BRD-K19438463-001-05-5,0.9458615,0.2093023255813954,-6.43
C[C@]1(Cn2ccnn2)[C@@H](N2[C@@H](CC2=O)S1(=O)=O)C(O)=O,tazobactam,BRD-A18611368-001-02-9,0.9906198,0.2162162162162162,-6.42
Nc1ncnc2n([C@@H]3O[C@@H]4CO[P@](O)(=O)O[C@H]4[C@H]3O)c(Br)nc12,8-bromo-cAMP,BRD-A09554849-236-07-6,0.86671877,0.1237113402061855,-6.38
CC(=O)OCC1=C(N2[C@H](SC1)[C@H](N)C2=O)C(O)=O,7-aminocephalosporanic-acid,BRD-K65377893-001-07-4,0.95058125,0.2933333333333333,-6.33
Cc1cc2nc3c(nc(=O)[nH]c3=O)n(C[C@H](O)[C@H](O)[C@H](O)COP(O)(O)=O)c2cc1C,riboflavin-5-phosphate-sodium,BRD-K09229706-236-01-8,0.9492183,0.1649484536082474,-6.32
CC\C(=C(\CC)c1ccc(OP(O)(O)=O)cc1)c1ccc(OP(O)(O)=O)cc1,fosfestrol,BRD-K20801936-001-01-9,0.99727076,0.2363636363636363,-6.26
[O-][N+](=O)c1ccc(\C=N\N2CC(=O)NC2=O)o1,nitrofurantoin,BRD-K76927775-001-10-0,0.99589664,0.2592592592592593,-6.24
Nc1ncnc2n(cnc12)[C@@H]1O[C@H](COP(O)(=O)OP(O)(=O)OP(O)(=O)OP(O)(=O)OC[C@H]2O[C@H]([C@H](O)[C@@H]2O)n2cnc3c(N)ncnc23)[C@@H](O)[C@H]1O,diadenosine-tetraphosphate,BRD-A52394261-419-01-7,0.87204206,0.1237113402061855,-6.16
O[C@@H]1[C@@H](COP(O)(=O)OP(O)(=O)OP(O)(=O)OP(O)(=O)OC[C@H]2O[C@H]([C@H](O)[C@@H]2O)n2ccc(=O)[nH]c2=O)O[C@H]([C@@H]1O)n1ccc(=O)[nH]c1=O,diquafosol,BRD-K00003514-342-01-9,0.991443,0.1413043478260869,-6.07
Cc1ncc(COP(O)(O)=O)c(C=O)c1O,MC-1,BRD-K50712474-001-02-7,0.9865123,0.1830985915492957,-5.93
Oc1ccc(N=O)c2cccnc12,NSC-3852,BRD-K13169950-001-14-4,0.9632839,0.1739130434782608,-5.88
O[C@H]1[C@@H](COP(O)(O)=O)O[C@@H]([C@@H]1O)n1cnc2c1[nH]cnc2=O,polyinosine,BRD-A67531813-001-01-6,0.8728386,0.1489361702127659,-5.76
Nc1ccn([C@@H]2O[C@@](CO)(N=[N+]=[N-])[C@@H](O)[C@@H]2O)c(=O)n1,Ro-9187,BRD-K57284066-001-01-6,0.99999964,0.1547619047619047,-5.57
NC(=O)N\N=C\c1ccc(o1)[N+]([O-])=O,nitrofurazone,BRD-K79092138-001-10-2,0.96459484,0.2549019607843137,-5.49
[O-][N+](=O)c1ccc(\C=N\N2CCOC2=O)o1,furazolidone,BRD-K11756522-001-09-9,0.99432003,0.2592592592592593,-5.47
NC(=O)OC[C@@H]1[C@H](NC(=O)C(=N/OCC(O)=O)\c2csc(N)n2)C(=O)N1S(O)(=O)=O,carumonam,BRD-K71026158-304-01-0,0.9975858,0.2448979591836735,-5.46
CC1(C)C(N2[C@@H](CC2=O)S1(=O)=O)C(O)=O,sulbactam,BRD-A12490291-001-01-2,0.95875883,0.2542372881355932,-5.36
COP(=O)(OC)O[C@@H](c1ccc(Cl)cc1)P(=O)(OC)OC,mifobate,BRD-K00004244-001-01-9,0.98325384,0.2068965517241379,-5.32
C[C@H]1O[C@@H](O[C@@H]2C[C@@H]3O[C@@](O)(C[C@H](O)[C@H]3C(O)=O)C[C@@H](O)C[C@@H](O)[C@H](O)CC[C@@H](O)C[C@@H](O)CC(=O)O[C@@H](C)[C@H](C)[C@H](O)[C@@H](C)\C=C\C=C\C=C\C=C\C=C\C=C\C=C\2)[C@@H](O)[C@@H](N)[C@@H]1O,amphotericin-b,BRD-K27352494-001-03-6,0.99074525,0.2288135593220338,-5.21
O[C@H]1[C@@H](COP(O)(=O)OP(O)(=O)OP(O)(O)=O)O[C@H]([C@@H]1O)n1ccc(=O)[nH]c1=O,INS316,BRD-A29125379-314-01-7,0.9599441,0.1401869158878504,-4.95
CSCC[C@H](NC=O)C(=O)N[C@@H](CC(O)=O)C(=O)NCC(=O)N[C@@H](CS)C(=O)N[C@@H](CCC(O)=O)C(=O)N[C@@H](CC(C)C)C(O)=O,foxy-5,BRD-K13005598-001-02-3,0.9223107,0.2317073170731707,-4.89
CC(C)(COP(O)(=O)OP(O)(=O)OC[C@H]1O[C@H]([C@H](O)[C@@H]1OP(O)(O)=O)n1cnc2c(N)ncnc12)[C@@H](O)C(=O)NCCC(=O)NCCS,coenzyme-A,BRD-A67956599-001-02-9,0.9999999,0.1595744680851063,-4.84
OC\C=C1/O[C@@H]2CC(=O)N2[C@H]1C(O)=O,clavulanate,BRD-K94250879-001-01-9,0.95471877,0.1549295774647887,-4.67
COc1cc(C=O)c(cc1OC)[N+]([O-])=O,DMNB,BRD-K03564313-001-03-3,0.9200864,0.2826086956521739,-4.64
C[n+]1ccccc1CN=O,pralidoxime-chloride,BRD-K24221957-003-01-6,0.9436304,0.1842105263157895,-4.44
C[C@H]1OC(OC2CC3O[C@@](O)(CC(O)C3C(O)=O)CC(O)C(O)CCC(O)CC(O)CC(O)CC(=O)O[C@@H](C)C(C)[C@H](O)[C@@H](C)\C=C\C=C\CC\C=C\C=C\C=C\C=C\2)[C@@H](O)[C@@H](N)[C@@H]1O,nystatin,BRD-A78080706-001-04-5,0.983741,0.2542372881355932,-4.21
COP(=O)(OC)OC=C(Cl)Cl,dichlorvos,BRD-K23779958-001-05-8,0.9013198,0.1304347826086956,-3.98
O[C@H](COP(O)(O)=O)[C@@H](O)[C@H](O)[C@@H](O)C=O,barium-6-O-phosphonato-D-glucose,BRD-K67760597-240-01-5,0.9365657,0.1232876712328767,-3.03
CCC(C)C1NC2C=Cc3c(cc(nc3C2O)C(=O)OC(C)C2NC(=O)c3csc(n3)C(NC(=O)C3CSC(=N3)\C(NC(=O)C(NC(=O)c3csc(n3)C3(CCC(=NC3c3csc2n3)c2nc(cs2)C(=O)NC(=C)C(=O)NC(=C)C(N)=O)NC(=O)C(C)NC(=O)C(=C)NC(=O)C(C)NC1=O)C(C)O)=C/C)C(C)(O)C(C)O)C(C)O,thiostrepton,BRD-A20697603-001-07-2,0.9060682,0.1333333333333333,1.18
