smiles,Sample,pert_iname,activity,nearest_neighbor_similarity
[H][C@@]1(C[C@@](C)(O)[C@@H](OC(=O)CC(C)C)[C@H](C)O1)O[C@@H]1[C@@H](C)O[C@@]([H])(O[C@H]2[C@@H](CC=O)C[C@@H](C)[C@@H](O)\C=C\C=C\C[C@@H](C)OC(=O)C[C@@]([H])(OC(C)=O)[C@@H]2OC)[C@H](O)[C@H]1N(C)C,BRD-K00003705-001-01-9,josamycin,0.99829865,0.28787878787878785
C[C@@H](O)[C@H]1[C@H]2[C@@H](C)C(S[C@@H]3CN[C@@H](C3)C(=O)Nc3cccc(c3)C(O)=O)=C(N2C1=O)C(O)=O,BRD-A40472231-304-01-7,ertapenem,0.9980648,0.24675324675324672
NC(=O)OC[C@@H]1[C@H](NC(=O)C(=N/OCC(O)=O)\c2csc(N)n2)C(=O)N1S(O)(=O)=O,BRD-K71026158-304-01-0,carumonam,0.9975858,0.24489795918367352
CO[C@]12[C@H]3N[C@H]3CN1C1=C([C@H]2COC(N)=O)C(=O)C(N)=C(C)C1=O,BRD-K59670716-001-20-9,mitomycin-C,0.9261036,0.14457831325301207
C[C@@H](O)[C@@H]1[C@H]2[C@@H](C)C(SC3Cn4cnc[n+]4C3)=C(N2C1=O)C(O)=O,BRD-A80321291-001-06-5,biapenem,0.99213725,0.19354838709677424
CCC(=O)O[C@H]1[C@H](C)O[C@H](C[C@@]1(C)OC(C)=O)O[C@@H]1[C@@H](C)O[C@@H](O[C@H]2[C@@H](CC=O)C[C@@H](C)[C@@H](OC(C)=O)\C=C\C=C\C[C@@H](C)OC(=O)C[C@@H](OC(=O)CC)[C@@H]2OC)[C@H](O)[C@H]1N(C)C,BRD-K30764557-001-01-5,miocamycin,0.9994648,0.2945736434108527
[H][C@@]12CC(=O)N1[C@@H](C(O)=O)[C@](C)(Cn1cc[n+](C)n1)S2(=O)=O,BRD-K00003450-001-01-9,AAI101,0.9907799,0.21333333333333337
[O-][N+](=O)c1ccc(\C=N\N2CCOC2=O)o1,BRD-K11756522-001-10-9,furazolidone,0.99432003,0.2592592592592593
C[C@]1(Cn2ccnn2)[C@@H](N2[C@@H](CC2=O)S1(=O)=O)C(O)=O,BRD-K14312455-001-03-9,tazobactam,0.9906198,0.21621621621621623
CC[C@H]1OC(=O)C[C@@H](O)[C@H](C)[C@@H](O[C@@H]2O[C@H](C)[C@@H](O)[C@@H]([C@H]2O)N(C)C)[C@@H](CCN2C[C@@H](C)C[C@@H](C)C2)C[C@@H](C)C(=O)\C=C\C(\C)=C\[C@@H]1CO[C@@H]1O[C@H](C)[C@@H](O)[C@@H](OC)[C@H]1OC,BRD-K36796419-011-03-9,tilmicosin,0.97104585,0.2384615384615385
[O-][N+](=O)c1cc2[nH]c(=O)c(=O)[nH]c2cc1[N+]([O-])=O,BRD-K64400208-001-10-9,DNQX,0.83224785,0.2571428571428571
NC(=O)N\N=C\c1ccc(o1)[N+]([O-])=O,BRD-K79092138-001-13-9,nitrofurazone,0.96459484,0.2549019607843137
C[C@@H](O)[C@@H]1[C@H]2[C@@H](C)C(S[C@@H]3CN[C@@H](C3)C(=O)N(C)C)=C(N2C1=O)C(O)=O,BRD-K01612348-001-14-8,meropenem,0.99894065,0.17708333333333337
CO[C@]1(NC(=O)C2SC(S2)=C(C(N)=O)C(O)=O)[C@H]2SCC(CSc3nnnn3C)=C(N2C1=O)C(O)=O,BRD-A78723049-001-01-2,cefotetan,0.9998418,0.21904761904761905
NC(Nc1ccc(Cl)cc1)=NC(=N)NCCCCCCNC(=N)N=C(N)Nc1ccc(Cl)cc1,BRD-K52256627-300-05-8,chlorhexidine,0.8597595,0.25
C[C@H]1[C@H](NC(=O)C(=N/OC(C)(C)C(O)=O)\c2csc(N)n2)C(=O)N1S(O)(=O)=O,BRD-K62607865-001-11-9,aztreonam,0.99241793,0.25806451612903225
S=C(N\N=C1/CCCc2cccnc12)N1CCN(CC1)c1ccccn1,BRD-K00003348-001-01-9,COTI-2,0.81071913,0.16129032258064513
CCCCCCCCN=c1ccn(CCCCCCCCCCn2ccc(cc2)=NCCCCCCCC)cc1,BRD-K04568635-300-01-4,octenidine,0.83580035,0.22388059701492535
OC\C=C1/O[C@@H]2CC(=O)N2[C@H]1C(O)=O,BRD-K94250879-235-03-9,clavulanate,0.95471877,0.15492957746478875
C[C@@H](O)[C@@H]1[C@H]2SC(S[C@H]3CC[S@@](=O)C3)=C(N2C1=O)C(O)=O,BRD-K00004713-001-01-9,sulopenem,0.9928813,0.22352941176470587
CC(=O)OCC1=C2N3[C@H](SC1)[C@H](NC(=O)CCC[C@H](N)C(=O)O[Zn]OC2=O)C3=O,BRD-K00025564-001-01-9,cephalosporin-c-zn,0.9699542,0.18823529411764706
CC1(C)[C@@H](N2[C@@H](CC2=O)S1(=O)=O)C(O)=O,BRD-K44133266-001-13-9,sulbactam,0.970329,0.2542372881355932
OCCN1CCN(CC\C=C2\c3ccccc3Sc3ccc(Cl)cc23)CC1,BRD-K28761384-001-10-9,zuclopenthixol,0.8532335,0.1842105263157895
CCCCC\N=c1/ccn(Cc2ccccc2)c2ccccc12,BRD-K00004233-003-01-9,CP-339818,0.8225517,0.19480519480519476
COc1cc(ccc1Nc1ncc(Cl)c(Nc2ccccc2S(=O)(=O)C(C)C)n1)N1CCC(CC1)N1CCN(C)CC1,BRD-K50140147-001-10-1,NVP-TAE684,0.8517234,0.18446601941747576
[H][C@]12CO[P@](S)(=O)O[C@@]3([H])[C@@H](O)[C@@H](O[C@]3([H])CO[P@](S)(=O)O[C@@]([H])([C@@H](O1)n1cnc3c(N)ncnc13)[C@]2([H])O)n1cnc2c(N)ncnc12,BRD-K00003146-318-01-9,MIW-815,0.878421,0.13265306122448983
CC(=O)NC[C@H]1CN(C(=O)O1)c1ccc(N2CCN(CC2)C(=O)CO)c(F)c1,BRD-K47554101-001-02-9,eperezolid,0.98283625,0.2272727272727273
[H][C@@]1(OC(=O)\C(OC)=C\C(\C)=C/[C@@H](C)[C@@H](O)[C@@H](C)C\C(C)=C\C=C\[C@@H]1OC)[C@@H](C)[C@@H](O)[C@H](C)[C@@]1(O)C[C@@H](O)[C@H](C)[C@H](O1)C(C)C,BRD-K00010387-001-01-9,bafilomycin-a1,0.95623505,0.20740740740740737
COc1cccc2C(=O)c3c(O)c4C[C@](O)(C[C@H](O[C@H]5C[C@H](N)[C@H](O)[C@H](C)O5)c4c(O)c3C(=O)c12)C(C)=O,BRD-K43389675-003-20-9,daunorubicin,0.8101015,0.22137404580152675
[H][C@@]12Cc3c(cc(NC(=O)CNC(C)(C)C)c(O)c3C(=O)[C@@H]1C(=O)[C@]1(O)C(=O)[C@H](C(N)=O)C(=O)[C@@H](N(C)C)[C@]1([H])C2)N(C)C,BRD-K00003349-001-01-9,tigecycline,0.89481515,0.23300970873786409
C[C@@H](O)[C@@H]1[C@H]2[C@@H](C)C(S[C@@H]3CN[C@H](CNS(N)(=O)=O)C3)=C(N2C1=O)C(O)=O,BRD-K45319714-002-05-0,doripenem,0.99924815,0.18999999999999995
CC(=O)OCC1=C(N2[C@H](SC1)[C@H](N)C2=O)C(O)=O,BRD-K65377893-001-08-2,7-aminocephalosporanic-acid,0.95058125,0.29333333333333333
CN1CCN(CC1)c1ccc(OC(F)(F)F)c(Nc2ncc3CCc4c(nn(CCO)c4-c3n2)C(N)=O)c1,BRD-K83699324-001-02-9,NMS-1286937,0.95599353,0.21238938053097345
Clc1cccc(N2CCN(CCCCNC(=O)c3ccc-4c(Cc5ccccc-45)c3)CC2)c1Cl,BRD-K05181084-003-03-7,NGB-2904,0.8829756,0.25316455696202533
Cc1cncc(CN2CCC(CC2)=C2c3ccc(Cl)cc3CCc3cccnc23)c1,BRD-K98004573-051-03-9,rupatadine,0.9479181,0.23913043478260865
[H][C@@]12Cc3c(cc(CNCC(C)(C)C)c(O)c3C(=O)[C@H]1C(=O)[C@]1(O)C(=O)[C@@H](C(N)=O)C(=O)[C@@H](N(C)C)[C@]1([H])C2)N(C)C,BRD-K00003569-003-01-9,omadacycline,0.91232795,0.2376237623762376
C[C@@H](O)[C@@H]1[C@H]2CC(S[C@H]3CCN(C3)C(N)=C)=C(N2C1=O)C(O)=O,BRD-K00004671-001-01-9,panipenem,0.99238616,0.2222222222222222
CC[C@@H]1\C=C(C)\C[C@H](C)C[C@H](OC)[C@H]2O[C@](O)([C@H](C)C[C@@H]2OC)C(=O)C(=O)N2CCCC[C@H]2C(=O)O[C@@H]([C@H](C)[C@@H](O)CC1=O)C(\C)=C\[C@@H]1CC[C@H](Cl)[C@@H](C1)OC,BRD-K92107055-001-02-9,pimecrolimus,0.9979507,0.17647058823529416
[O-][N+](=O)C(\Br)=C/c1ccc(Br)o1,BRD-K00004693-001-01-9,furvina,0.8361451,0.275
CC(C)C[C@@H]1N2C(=O)[C@](NC(=O)[C@H]3CN(C)[C@@H]4Cc5c(Br)[nH]c6cccc(C4=C3)c56)(O[C@@]2(O)[C@@H]2CCCN2C1=O)C(C)C,BRD-K14496212-066-05-9,bromocriptine,0.9233934,0.14960629921259838
Clc1ccc2c(ccnc2c1)N1CCN(CCCN2CCN(CC2)c2ccnc3cc(Cl)ccc23)CC1,BRD-K27382019-418-01-9,piperaquine-phosphate,0.8382804,0.24390243902439024
OCCOc1ccc(cc1)C(=C(\CCCl)c1ccccc1)\c1ccccc1,BRD-K44184170-001-01-7,ospemifene,0.92382145,0.24137931034482762
CCCCCCCCCCC[C@@H](N=O)c1cc(C)ccc1O,BRD-A37752546-001-02-9,1E-1-(2-hydroxy-5-methylphenyl)-1-dodecanone-oxime,0.8693148,0.21875
C[C@@H](O)[C@@H]1[C@H]2CC(SCCNC=N)=C(N2C1=O)C(O)=O,BRD-K23200955-002-02-3,imipenem,0.9977754,0.2530120481927711
C[C@@H](O)[C@H]1[C@H]2SC([C@H]3CCCO3)=C(N2C1=O)C(O)=O,BRD-A49622760-001-01-9,faropenem,0.95953435,0.2195121951219512
COc1cccc2C(=O)c3c(O)c4C[C@](O)(C[C@H](O[C@H]5C[C@H](N)[C@H](O)[C@H](C)O5)c4c(O)c3C(=O)c12)C(\CO)=N\NC(=O)CCCCCN1C(=O)C=CC1=O,BRD-K68928792-001-03-2,aldoxorubicin,0.94132185,0.19999999999999996
Nc1ncnc2n(cnc12)[C@H]1O[C@H]([C@H](O)[C@@H]1O)C(=O)N1CCN(CC(=O)Nc2cccc3C(=O)NCc23)CC1,BRD-K66998413-300-02-9,EB-47,0.8257307,0.1923076923076923
[O-][N+](=O)c1ccc(\C=N\N2CC(=O)NC2=O)o1,BRD-K76927775-001-13-4,nitrofurantoin,0.99589664,0.2592592592592593
CSC[C@H]1CN(\N=C\c2ccc(o2)[N+]([O-])=O)C(=O)O1,BRD-A71407503-001-02-6,inimur,0.98921186,0.2622950819672131
CO[C@]1(NC(=O)CSC[C@@H](N)C(O)=O)[C@H]2SCC(CSc3nnnn3C)=C(N2C1=O)C(O)=O,BRD-K77073709-435-02-9,cefminox,0.9978452,0.2222222222222222
CCCCCCC[n+]1ccc(cc1)-c1cc[n+](CCCCCCC)cc1,BRD-K41262162-303-11-9,DHBP,0.86479396,0.20408163265306123
CC[C@H]1\C=C(C)\[C@@H](O)C\C=C\C=C(CO[C@@H]2O[C@H](C)[C@@H](OC(=O)c3c(O)c(Cl)c(O)c(Cl)c3CC)[C@H](O)[C@@H]2OC)\C(=O)O[C@@H](C\C=C(/C)\C=C(C)\[C@@H]1O[C@@H]1OC(C)(C)[C@@H](OC(=O)C(C)C)[C@H](O)[C@@H]1O)[C@@H](C)O,BRD-K00003591-001-01-9,fidaxomicin,0.97241306,0.17532467532467533
CN(C)CCOc1ccc(cc1)C(=C(\CCCl)c1ccccc1)\c1ccccc1,BRD-K51350053-048-18-9,toremifene,0.9272456,0.24590163934426235
C[C@@H](Oc1cc(sc1C(N)=O)-n1cnc2ccc(CN3CCN(C)CC3)cc12)c1ccccc1C(F)(F)F,BRD-K92428232-001-14-9,GSK461364,0.96553487,0.1826923076923077
CO[C@@H]1C[C@@H](CC[C@H]1O)\C=C(/C)[C@H]1OC(=O)[C@@H]2CCCCN2C(=O)C(=O)[C@]2(O)O[C@@H]([C@H](C[C@H]2C)OC)[C@H](C[C@@H](C)C\C(C)=C\[C@@H](CC=C)C(=O)C[C@H](O)[C@H]1C)OC,BRD-K69608737-001-10-2,tacrolimus,0.9921625,0.16788321167883213
[O-][N+](=O)c1ccc(\C=N\N2C[C@@H](CN3CCOCC3)OC2=O)o1,BRD-K01824979-003-03-9,furaltadone,0.9950302,0.25396825396825395
CO[C@]1(NC(=O)[C@@H](C(O)=O)c2ccc(O)cc2)[C@H]2OCC(CSc3nnnn3C)=C(N2C1=O)C(O)=O,BRD-A08899266-001-06-9,moxalactam,0.9817942,0.21649484536082475
CN1C[C@@H](C[C@H]2[C@H]1Cc1c[nH]c3cccc2c13)C(=O)N[C@]1(C)O[C@@]2(O)[C@@H]3CCCN3C(=O)[C@H](Cc3ccccc3)N2C1=O,BRD-K72166146-066-07-9,dihydroergotamine,0.88470423,0.18867924528301883
Clc1cc2NC(=O)Cc2cc1CCN1CCN(CC1)c1nsc2ccccc12,BRD-K29582115-003-03-1,ziprasidone,0.8831979,0.173469387755102
C\C(\C=C\C=C(/C)\C=C\[C@H]1C(C)=C[C@H](O)CC1(C)C)=C/C=C/C=C(\C)/C=C/C=C(\C)/C=C/C1=C(C)C[C@@H](O)CC1(C)C,BRD-K16742848-001-02-6,lutein,0.85290706,0.1282051282051282
CN1CCN(Cc2ccc(NC(=O)c3ccc(C)c(c3)C#Cc3cnc4cccnn34)cc2C(F)(F)F)CC1,BRD-K44227013-001-06-4,ponatinib,0.8022324,0.2210526315789474
[O-][N+](=O)c1ccc(\C=C\C=N\N2CC(=O)NC2=O)o1,BRD-K00003314-001-01-9,furagin,0.9983562,0.24137931034482762
CC[C@@H]1\C=C(C)\C[C@H](C)C[C@H](OC)[C@H]2O[C@](O)([C@H](C)C[C@@H]2OC)C(=O)C(=O)N2CCCC[C@H]2C(=O)O[C@@H]([C@H](C)[C@@H](O)CC1=O)C(\C)=C\[C@@H]1CC[C@@H](O)[C@@H](C1)OC,BRD-K88882192-001-03-3,ascomycin,0.9899885,0.18045112781954886
O[C@@H](COc1cccc2ncccc12)CN1CCN(CC1)[C@@H]1c2ccccc2[C@@H]2[C@H](c3ccccc13)C2(F)F,BRD-K70557564-305-03-6,zosuquidar,0.806517,0.20547945205479456
CO[C@H]1C[C@H](C)CC2=C(NCC=C)C(=O)C=C(NC(=O)\C(C)=C\C=C/[C@H](OC)[C@@H](OC(N)=O)\C(C)=C\[C@H](C)[C@H]1O)C2=O,BRD-K81473043-001-23-9,tanespimycin,0.985401,0.23357664233576647
C[C@@H](O)[C@@H]1[C@H]2[C@@H](C)C(SC3CN(C3)C3=NCCS3)=C(N2C1=O)C(=O)OCOC(=O)C(C)(C)C,BRD-K28224173-001-03-9,tebipenem,0.9047146,0.15094339622641506
C[C@H](F)[C@H]1COC(=O)N1c1ccnc(N[C@@H](C)c2cc(C)c(cn2)-c2ccnc(c2)C(F)(F)F)n1,BRD-K00003457-001-01-9,IDH-305,0.9884288,0.16831683168316836
[H][C@]12[C@H](C)O[C@H](C)CN1c1c(CC22C(=O)NC(=O)NC2=O)cc2c(noc2c1F)N1[C@@H](C)COC1=O,BRD-K00003264-001-01-9,zoliflodacin,0.8964585,0.22340425531914898
C[C@H](Nc1ccc2-c3nc(cn3CCOc2c1)N1[C@@H](COC1=O)C(F)F)C(N)=O,BRD-K00003420-001-01-9,GDC-0077,0.9509858,0.17708333333333337
CO[C@H]1C[C@H](C)CC2=C(NCCN(C)C)C(=O)C=C(NC(=O)\C(C)=C\C=C/[C@H](OC)[C@@H](OC(N)=O)\C(C)=C\[C@H](C)[C@H]1O)C2=O,BRD-K83988098-003-07-9,alvespimycin,0.9832724,0.2279411764705882
CC(C)[C@@]1(NC(=O)[C@@H]2C[C@H]3[C@@H](Cc4c[nH]c5cccc3c45)N(C)C2)O[C@@]2(O)[C@@H]3CCCN3C(=O)[C@H](Cc3ccccc3)N2C1=O,BRD-K97440753-066-20-9,dihydroergocristine,0.8913132,0.1869158878504673
CC(C)(O)C(=O)N1CCN(CC1)c1ccc(c(c1)C1=C(C(=O)NC1=O)c1c[nH]c2ccccc12)C(F)(F)F,BRD-K49461364-001-01-0,TCS-21311,0.9076411,0.23456790123456794
CCC(=O)N1CCN(CC1)c1ccc(cc1C(F)(F)F)-n1c2c(ccc1=O)cnc1ccc(cc21)-c1cnc2ccccc2c1,BRD-K40175214-001-15-9,torin-1,0.859472,0.1923076923076923
CO[C@@H]1C[C@H](C[C@@H](C)[C@@H]2CC(=O)[C@H](C)\C=C(C)\[C@@H](O)[C@@H](OC)C(=O)[C@H](C)C[C@H](C)\C=C\C=C\C=C(C)\[C@H](C[C@@H]3CC[C@@H](C)[C@@](O)(O3)C(=O)C(=O)N3CCCC[C@H]3C(=O)O2)OC)CC[C@H]1OP(C)(C)=O,BRD-K62304154-001-04-2,deforolimus,0.986117,0.1578947368421053
CN1CCN(CC1)C(C)(C)C#Cc1cc2ncnc(Nc3ccc(F)c(Cl)c3)c2cc1NC(=O)C=C,BRD-K23190681-001-02-9,AV-412,0.90385044,0.2142857142857143
CC(C)[C@H]1NC(=O)[C@@H](NC(=O)c2ccc(C)c3oc4c(C)c(=O)c(N)c(C(=O)N[C@H]5[C@@H](C)OC(=O)[C@H](C(C)C)N(C)C(=O)CN(C)C(=O)[C@@H]6CCCN6C(=O)[C@H](NC5=O)C(C)C)c4nc23)[C@@H](C)OC(=O)[C@H](C(C)C)N(C)C(=O)CN(C)C(=O)[C@@H]2CCCN2C1=O,BRD-K70578146-001-06-7,dactinomycin,0.9568736,0.16030534351145043
CC(C)[C@@H]1NC(=O)[C@@H](NC(=O)c2ccc(C)c3oc4c(C)c(=O)c(N)c(C(=O)N[C@H]5[C@@H](C)OC(=O)[C@H](C(C)C)N(C)C(=O)CN(C)C(=O)[C@@H]6CCCN6C(=O)[C@@H](NC5=O)C(C)C)c4nc23)[C@@H](C)OC(=O)[C@H](C(C)C)N(C)C(=O)CN(C)C(=O)[C@@H]2CCCN2C1=O,BRD-K16547679-001-03-9,actinomycin-d,0.95687354,0.16030534351145043
C[C@H]1CS(=O)(=O)CCN1\N=C\c1ccc(o1)[N+]([O-])=O,BRD-A84020532-001-08-9,nifurtimox,0.9927513,0.23333333333333328
CCCOc1ccc(Br)cc1-c1cc([nH]c1-c1ccncc1)-c1ccc(Cl)cc1,BRD-K18036262-001-04-9,L-168049,0.84381783,0.19277108433734935
CCn1c2nc(Nc3ccc(N4CCNCC4)c(F)c3)ncc2cc(-c2ccc(Cl)cc2Cl)c1=O,BRD-K57243773-001-01-6,FRAX486,0.8465562,0.23333333333333328
COc1ccc2[nH]c3c(nccc3c2c1)-c1cccc2ccccc12,BRD-K28571773-001-02-9,SP-141,0.8031777,0.2325581395348837
CCCCC(=O)NCCc1c(Cc2ccccc2)[nH]c2ccccc12,BRD-K06014311-001-04-9,DH-97,0.8368205,0.2894736842105263
ClC(Cl)(Cl)[C@H](NC(=S)Nc1cccc2cccnc12)NC(=O)\C=C\c1ccccc1,BRD-A45107007-001-02-6,salubrinal,0.84668905,0.22499999999999998
CCN1CCN(CC1)c1ccc(cn1)C(C)(C)NC(=O)c1cc2[nH]c3ccccc3c(=O)c2cc1F,BRD-K56932272-001-02-9,BMS-566419,0.9686742,0.25
CO[C@@H]1[C@@H](OC(N)=O)[C@@H](O)[C@H](Oc2ccc3c(O)c(NC(=O)c4ccc(O)c(CC=C(C)C)c4)c(=O)oc3c2C)OC1(C)C,BRD-K85307935-236-11-9,novobiocin,0.9502699,0.24761904761904763
Oc1ccc(N=O)c2cccnc12,BRD-K13169950-001-14-4,NSC-3852,0.9632839,0.17391304347826086
CN1C[C@@H](C=C2[C@H]1Cc1c[nH]c3cccc2c13)C(=O)N[C@]1(C)O[C@@]2(O)[C@@H]3CCCN3C(=O)[C@H](Cc3ccccc3)N2C1=O,BRD-K15380626-046-02-9,ergotamine,0.92269963,0.18518518518518523
CO[C@@H]1[C@H](O[P@](S)(=O)OC[C@H]2O[C@H](C[C@@H]2O)n2cnc3c(N)ncnc23)[C@@H](CO)O[C@H]1n1ccc(=O)[nH]c1=O,BRD-K00003532-001-01-9,inarigivir,0.9827038,0.1502890173410405
O=S(=O)(c1n[nH]c2ccc(cc12)N1CCNCC1)c1cccc2ccccc12,BRD-K00004553-001-01-9,SAM-315,0.8268965,0.1923076923076923
CO[C@@H]1C[C@H](C[C@@H](C)[C@@H]2CC(=O)[C@H](C)\C=C(C)\[C@@H](O)[C@@H](OC)C(=O)[C@H](C)C[C@H](C)\C=C\C=C\C=C(C)\[C@H](C[C@@H]3CC[C@@H](C)[C@@](O)(O3)C(=O)C(=O)N3CCCC[C@H]3C(=O)O2)OC)CC[C@H]1OC(=O)C(C)(CO)CO,BRD-K08177763-001-05-9,temsirolimus,0.9878872,0.16666666666666663
Clc1ccc(Cn2cc(C=O)c3ccccc23)cc1,BRD-K43449605-001-02-8,oncrasin-1,0.930517,0.234375
COc1cc(C=O)c(cc1OC)[N+]([O-])=O,BRD-K03564313-001-04-9,DMNB,0.9200864,0.28260869565217395
CO[C@@H]1C[C@H](C[C@@H](C)[C@@H]2CC(=O)[C@H](C)\C=C(C)\[C@@H](O)[C@@H](OC)C(=O)[C@H](C)C[C@H](C)\C=C\C=C\C=C(C)\[C@H](C[C@@H]3CC[C@@H](C)[C@@](O)(O3)C(=O)C(=O)N3CCCC[C@H]3C(=O)O2)OC)CC[C@H]1O,BRD-K84937637-001-13-1,sirolimus,0.99353284,0.1630434782608695
CC(C)(C)C(=O)OCOC(=O)[C@H]1N2[C@@H](CC2=O)S(=O)(=O)C1(C)C,BRD-A63431791-001-01-9,sulbactam-pivoxil,0.983652,0.16216216216216217
CO[C@H]1C[C@H](C)CC2=C(OC)C(=O)C=C(NC(=O)\C(C)=C\C=C\[C@H](OC)[C@@H](OC(N)=O)\C(C)=C\[C@H](C)[C@H]1O)C2=O,BRD-K43570081-001-05-9,geldanamycin,0.9764695,0.25196850393700787
CCc1cc(Nc2nccc(n2)-c2c(nc3ccccn23)-c2ccc(OC)c(c2)C(=O)Nc2c(F)cccc2F)c(OC)cc1N1CCC(CC1)N1CCN(CC1)S(C)(=O)=O,BRD-K04833372-001-07-9,GSK1904529A,0.8040336,0.20799999999999996
CO[C@@H]1C[C@H](C[C@@H](C)[C@@H]2CC(=O)[C@H](C)\C=C(C)\[C@@H](O)[C@@H](OC)C(=O)[C@H](C)C[C@H](C)\C=C\C=C\C=C(C)\[C@H](C[C@@H]3CC[C@@H](C)[C@@](O)(O3)C(=O)C(=O)N3CCCC[C@H]3C(=O)O2)OC)CC[C@H]1OCCO,BRD-K13514097-001-09-9,everolimus,0.99015665,0.1610738255033557
CCc1cccc(c1)N(C)C(=N)Nc1cccc2ccccc12,BRD-K63919159-003-07-0,aptiganel,0.8079217,0.29508196721311475
Nc1ccc2ncnc(NCCc3ccc(Oc4ccccc4)cc3)c2c1,BRD-K68395654-001-06-4,EVP4593,0.82373935,0.25
CC(C)c1noc(n1)N1CCC(COc2ccc(nc2)-c2ccc(cc2)S(C)(=O)=O)CC1,BRD-K60341624-001-03-9,GSK1292263,0.8331946,0.20588235294117652
COC(=O)[C@]12OC[C@@]34[C@H]1[C@@H](OC(=O)\C=C(/C)C(C)C)C(=O)O[C@@H]3C[C@H]1[C@@H](C)C(=O)C(=O)C[C@]1(C)[C@H]4[C@@H](O)[C@@H]2O,BRD-A36057565-001-02-9,bruceantin,0.8414527,0.16535433070866146
CCC(=O)OCC(=O)[C@@]1(OC(=O)CC)[C@H](C)C[C@H]2[C@H]3[C@H](Cl)CC4=CC(=O)C=C[C@]4(C)[C@H]3[C@@H](O)C[C@]12C,BRD-A17407635-001-04-0,alclometasone-dipropionate,0.9023787,0.1512605042016807
C[C@@H](N[C@H]1CCCC[C@@H]1NC(=O)c1ccc(Cl)cc1)c1cccc2ccccc12,BRD-K19811997-003-02-9,Calhex-231,0.84808457,0.26865671641791045
CNc1cc2c(Nc3cccc(Br)c3)ncnc2cn1,BRD-K48735772-001-01-4,PD-158780,0.89705163,0.25396825396825395
Cc1[nH]c2ccccc2c1CCNCc1ccc(\C=C\C(=O)NO)cc1,BRD-K02130563-001-15-5,panobinostat,0.81709796,0.24691358024691357
C(Nc1ccccn1)c1ccc(CNc2ccccn2)cc1,BRD-K25359048-001-03-9,WZ811,0.88985175,0.2222222222222222
CC(C)n1c2c(cnc3cc(F)c(cc23)-c2ccc(OCCCN3CCCCC3)nc2)n(C)c1=O,BRD-K00003509-001-01-9,AZD1390,0.9056565,0.19298245614035092
CN1CCN(CC1)c1ccc(Nc2ncc(Cl)c(Sc3cccc(NC(=O)C=C)c3)n2)cc1,BRD-K81728688-001-07-7,WZ8040,0.8743472,0.27368421052631575
CN1CCCC[C@@H]1Cn1cc(C(=O)c2cc(ccc2I)[N+]([O-])=O)c2ccccc12,BRD-A66116161-001-03-1,AM-1241,0.8140424,0.23456790123456794
[H][C@]1(C)OC(=O)[C@H](CC(C)C)N(C)C(=O)[C@@H](Cc2ccc(cc2)N2CCOCC2)OC(=O)[C@H](CC(C)C)N(C)C(=O)[C@@H](C)OC(=O)[C@@H](CC(C)C)N(C)C(=O)[C@@H](Cc2ccc(cc2)N2CCOCC2)OC(=O)[C@H](CC(C)C)N(C)C1=O,BRD-K00003414-001-01-9,emodepside,0.92236507,0.173469387755102
COC1=C(OC)C(=O)C(CCCCCCCCCC[P+](c2ccccc2)(c2ccccc2)c2ccccc2)=C(C)C1=O,BRD-K00003362-066-01-9,mitoquinone,0.8896267,0.19999999999999996
CO[C@@H]1C[C@H](C[C@@H](C)[C@@H]2CC(=O)[C@H](C)\C=C(C)\[C@@H](O)[C@@H](OC)C(=O)[C@H](C)C[C@H](C)\C=C\C=C\C=C(C)\[C@H](C[C@@H]3CC[C@@H](C)[C@@](O)(O3)C(=O)C(=O)N3CCCC[C@H]3C(=O)O2)OC)CC[C@@H]1n1cnnn1,BRD-K46843573-001-01-9,zotarolimus,0.9889208,0.1658031088082902
C[C@H]1CN([C@H](C)CN1Cc1ccc(F)cc1)C(=O)c1cc2c(cn(C)c2cc1Cl)C(=O)C(=O)N(C)C,BRD-K17555800-001-01-9,talmapimod,0.97578984,0.19565217391304346
OCCONC(=O)c1cc(CN2OCCCC2=O)c(F)c(F)c1Nc1ccc(I)cc1F,BRD-K64538373-001-02-9,Ro-4987655,0.91405994,0.20430107526881724
CCOC(=O)N1CCN(CC1)C(=O)[C@H](Cc1cccc(c1)C(N)=N)NS(=O)(=O)c1c(cc(cc1C(C)C)C(C)C)C(C)C,BRD-K00003367-001-01-9,uki-1,0.8119273,0.21176470588235297
CN1CCN(CC1)c1ccc(C(=O)Nc2[nH]nc3ccc(Cc4cc(F)cc(F)c4)cc23)c(NC2CCOCC2)c1,BRD-K39009484-001-01-4,entrectinib,0.8121845,0.22448979591836737
CCCCCCCCCCC[C@@H](C[C@@H]1OC(=O)[C@H]1CCCCCC)OC(=O)[C@H](CC(C)C)NC=O,BRD-K63343048-001-17-9,orlistat,0.8445126,0.24705882352941178
COc1cc(cc(OC)c1O)[C@H]1[C@@H]2[C@H](COC2=O)[C@H](O[C@@H]2O[C@@H]3CO[C@@H](C)O[C@H]3[C@H](O)[C@H]2O)c2cc3OCOc3cc12,BRD-K37798499-001-27-2,etoposide,0.9452672,0.23076923076923073
Cn1c(COP(=O)(NCCBr)NCCBr)cnc1[N+]([O-])=O,BRD-K20958582-001-02-9,TH-302,0.8955633,0.25
CC\C=C/C\C=C/C\C=C/C\C=C/C\C=C/C\C=C/CCC(=O)NCCNC(=O)c1ccccc1O,BRD-K00003258-001-01-9,edasalonexent,0.8531903,0.20967741935483875
CN1CCN(CC1)c1cccc(Nc2nc3c(cccn3n2)-c2ccc(cc2)S(C)(=O)=O)c1,BRD-K37237504-001-04-9,CEP-33779,0.8366607,0.17307692307692313
C\C(\C=C\C=C(/C)\C=C\C1=C(C)CCCC1(C)C)=C/C=C/C=C(\C)/C=C/C=C(\C)/C=C/C1=C(C)CCCC1(C)C,BRD-K74225533-001-12-0,beta-carotene,0.9914387,0.11842105263157898
S=C(NCc1ccc2OCOc2c1)N1CCN(CC1)c1ncnc2c3ccccc3oc12,BRD-K66538826-001-01-5,amuvatinib,0.9076713,0.2592592592592593
CN1CCC(CC1)=C1c2ncc(C=O)n2CCc2ccccc12,BRD-K55991142-001-01-6,alcaftadine,0.94534284,0.2068965517241379
C[C@@H](NC(=O)[C@@H](NC(=O)[C@H](CCCc1ccc(c(C)c1)-c1ccccc1)CC(=O)NO)C(C)(C)C)c1ccccc1,BRD-K57011718-001-01-5,UK-356618,0.9595132,0.22340425531914898
C[C@@H](C[C@@H](C)[C@H]1OC(=O)CC(=O)CCCC(=O)C[C@@H](O)C[C@@H](O)C[C@@H](O)CC(=O)C[C@@H](O)[C@@H]([C@@H](O)C[C@@H](O[C@@H]2O[C@H](C)[C@H](O)[C@@H](O)[C@@H]2N)\C=C\C=C\C=C\C=C\C=C\C=C\C=C\[C@@H]1C)C(O)=O)[C@@H](O)CC(=O)c1ccc(N)cc1,BRD-A37348498-015-01-4,candicidin,0.9881917,0.21875
CC[C@H](C)C(=O)O[C@H]1C[C@@H](C)C=C2C=C[C@H](C)[C@H](CC[C@@H]3C[C@@H](O)CC(=O)O3)[C@@H]12,BRD-K09416995-001-44-9,lovastatin,0.94181,0.17924528301886788
Clc1cc(Cl)cc(COC(=O)N2CCN(CCC(=O)c3ccc4[nH]c(=O)oc4c3)CC2)c1,BRD-K50865540-001-02-3,PF-8380,0.9979612,0.22784810126582278
[O-][N+](=O)c1cc(\C=C2/CCN(C\C(=C/c3ccc(F)c(c3)[N+]([O-])=O)C2=O)C(=O)C=C)ccc1F,BRD-K00003343-001-01-9,VLX1570,0.9675606,0.22413793103448276
C\C(\C=C\C=C(/C)\C=C\C1=C(C)CCCC1(C)C)=C/C=O,BRD-K79884267-001-01-4,retinaldehyde,0.96326715,0.13636363636363635
CC1=C(C)C(=O)C(CCCCCCCCCC[P+](c2ccccc2)(c2ccccc2)c2ccccc2)=CC1=O,BRD-K00003375-004-01-9,visomitin,0.9665778,0.19999999999999996
CC[C@H]1[C@@H](COc2nccc3cc(C(N)=O)c(OC)cc23)NC(=O)[C@H]1F,BRD-K00003296-001-01-9,PF-06650833,0.8081976,0.1954022988505747
COc1cc(cc(OC)c1O)[C@H]1[C@@H]2[C@H](COC2=O)[C@H](O[C@@H]2O[C@@H]3CO[C@H](O[C@H]3[C@H](O)[C@H]2O)c2cccs2)c2cc3OCOc3cc12,BRD-K10362825-001-04-2,teniposide,0.9409835,0.21999999999999997
COCCN1CCC(CC1)(C(=O)NO)S(=O)(=O)c1ccc(Oc2ccc(OC(F)(F)F)cc2)cc1,BRD-K51102532-003-02-9,SD-2590,0.97053736,0.2421052631578947
CCc1nc(C(N)=O)c(Nc2ccc(cc2)N2CCC(CC2)N2CCN(C)CC2)nc1O[C@@H]1CCN(C1)C(=O)C=C,BRD-K64114733-066-03-9,naquotinib,0.83290356,0.21621621621621623
Cc1oc(nc1CCN1CCC2(CC1)OC(=O)Nc1ccc(C)cc21)-c1ccccc1,BRD-K87510569-001-03-9,RS-504393,0.8146092,0.20833333333333337
CO[C@H]1\C=C\C[C@H](C)[C@@H](C)S(=O)(=O)NC(=O)c2ccc3OC[C@]4(CCCc5cc(Cl)ccc45)CN(C[C@@H]4CC[C@@H]14)c3c2,BRD-K43900408-001-02-9,AMG-176,0.8494257,0.15966386554621848
Brc1ccc2[nH]c-3c(CC(=O)Nc4cccnc-34)c2c1,BRD-K03273112-001-02-6,1-azakenpaullone,0.9097927,0.16091954022988508
OCCN1CCN(CC1)c1ccc(Nc2ncc3cccc(-c4cccc(NC(=O)C=C)c4)c3n2)c(F)c1F,BRD-K00005246-001-01-9,CK-101,0.8681532,0.21052631578947367
CCC(=O)OCC(=O)[C@@]1(OC(=O)CC)[C@@H](C)C[C@H]2[C@@H]3CCC4=CC(=O)C=C[C@]4(C)[C@@]3(Cl)[C@@H](O)C[C@]12C,BRD-K97810537-001-15-9,beclomethasone-dipropionate,0.8808967,0.1507936507936508
Fc1ccccc1CNCc1ccc(cc1)-c1ccnc2[nH]ccc12,BRD-K98736329-300-02-9,OXA-06,0.8377403,0.19047619047619047
Fc1ccc(CNC(=O)N2CCN3[C@@H](C2)C(OC3=O)(c2ccccc2)c2ccccc2)cc1,BRD-A63344375-001-02-9,SHA-68,0.93311465,0.21250000000000002
CC(C)c1nccc(C)c1-n1c2nc(c(F)cc2c(nc1=O)N1CCN(C[C@@H]1C)C(=O)C=C)-c1c(O)cccc1F,BRD-K00010385-001-01-9,AMG-510,0.976768,0.18867924528301883
Cn1c(CCCCCCC(=O)NO)nc2cc(ccc12)N(CCCl)CCCl,BRD-K00003432-001-01-9,EDO-S101,0.86287355,0.20270270270270274
Cc1cccc(n1)-c1n[nH]cc1-c1ccc2ncccc2n1,BRD-K80480517-001-05-9,repsox,0.84221905,0.20588235294117652
CO[C@H]1C[C@H](C)Cc2c(O)c(NC(=O)\C(C)=C\C=C/[C@H](OC)[C@@H](OC(N)=O)\C(C)=C\[C@H](C)[C@H]1O)cc(O)c2NCC=C,BRD-K67935717-003-02-8,retaspimycin,0.98104495,0.25
C[C@@H](O)[C@@H]1[C@H]2SC([C@H]3CCCO3)=C(N2C1=O)C(=O)OCc1oc(=O)oc1C,BRD-K59045783-001-03-7,faropenem-medoxomil,0.9745966,0.173469387755102
CCC(C)(C)C(=O)O[C@H]1C[C@@H](C)C=C2C=C[C@H](C)[C@H](CC[C@@H]3C[C@@H](O)CC(=O)O3)[C@@H]12,BRD-K22134346-001-30-6,simvastatin,0.95442593,0.18095238095238098
C[C@H]1CCC\C(C)=C/C[C@H](OC(=O)C[C@H](O)C(C)(C)C(=O)[C@H](C)[C@H]1O)C(\C)=C\c1csc(C)n1,BRD-K52762805-001-02-9,epothilone-D,0.9804274,0.173469387755102
[H][C@@]12COCCN1C(=O)c1c(OCOC(=O)OC)c(=O)ccn1N2[C@H]1c2ccc(F)c(F)c2CSc2ccccc12,BRD-K00003495-001-01-9,baloxavir-marboxil,0.9422312,0.17543859649122806
Clc1ccc(Nc2nnc(Cc3ccncc3)c3ccccc23)cc1,BRD-K70163715-300-05-7,vatalanib,0.8836063,0.26388888888888884
Cc1cnc(c(C)c1)-c1cc(ncc1Cl)N1CCN(CC1)C(=O)CCS(C)(=O)=O,BRD-K40302533-003-03-9,PF-5274857,0.94895935,0.17142857142857137
CS(=O)(=O)CCCn1c(Cn2c3cnccc3n(CC(F)(F)F)c2=O)cc2cc(Cl)ccc12,BRD-K00004600-001-01-9,JNJ-678,0.9075445,0.26262626262626265
CC(C)=CCC\C(C)=C\C=C\C(\C)=C\C=C\C(\C)=C\C=C\C=C(/C)\C=C\C=C(/C)\C=C\C=C(/C)CCC=C(C)C,BRD-K37083340-001-02-3,lycopene,0.98028976,0.23333333333333328
CC1(C)CCC(=C(CN2CCN(CC2)c2ccc(cc2)C(=O)NS(=O)(=O)c2ccc(N[C@H](CCN3CCOCC3)CSc3ccccc3)c(c2)S(=O)(=O)C(F)(F)F)C1)c1ccc(Cl)cc1,BRD-K82746043-001-21-9,navitoclax,0.993919,0.18045112781954886
Cc1cn2cc(CC(=O)N3CCC4(CN(C4)[C@@H]4CCc5cc(ccc45)-c4cc(C)ncn4)CC3)nc2s1,BRD-K02554563-001-01-6,PF-05190457,0.82637566,0.2038834951456311
C[C@H]1O[C@@H](O[C@@H]2C[C@@H]3O[C@@](O)(C[C@H](O)[C@H]3C(O)=O)C[C@@H](O)[C@H](O)CC[C@@H](O)C[C@@H](O)C[C@@H](O)CC(=O)O[C@@H](C)[C@H](C)[C@H](O)[C@@H](C)\C=C\C=C\CC\C=C\C=C\C=C\C=C\2)[C@@H](O)[C@@H](N)[C@@H]1O,BRD-K21656326-001-04-9,nystatin,0.9852934,0.2542372881355932
C[C@H]1O[C@@H](O[C@@H]2C[C@@H]3O[C@@](O)(C[C@H](O)[C@H]3C(O)=O)C[C@@H](O)C[C@@H](O)[C@H](O)CC[C@@H](O)C[C@@H](O)CC(=O)O[C@@H](C)[C@H](C)[C@H](O)[C@@H](C)\C=C\C=C\C=C\C=C\C=C\C=C\C=C\2)[C@@H](O)[C@@H](N)[C@@H]1O,BRD-K27352494-001-06-9,amphotericin-b,0.99074525,0.22881355932203384
CC(C)C(=O)OC[C@]1(O[C@H]([C@H](OC(=O)C(C)C)[C@@H]1OC(=O)C(C)C)n1ccc(N)nc1=O)N=[N+]=[N-],BRD-K47976015-001-02-9,balapiravir,1.0,0.18181818181818177
CC1(C)CCC(CN2CCN(CC2)c2ccc(C(=O)NS(=O)(=O)c3ccc(NCC4CCOCC4)c(c3)[N+]([O-])=O)c(Oc3cnc4[nH]ccc4c3)c2)=C(C1)c1ccc(Cl)cc1,BRD-K62391742-001-09-7,venetoclax,0.8946244,0.20855614973262027
C\C(\C=C\C=C(/C)\C=C\C1=C(C)C(=O)[C@@H](O)CC1(C)C)=C/C=C/C=C(\C)/C=C/C=C(\C)/C=C/C1=C(C)C(=O)[C@@H](O)CC1(C)C,BRD-K51832961-001-01-4,astaxanthin,0.91790724,0.13636363636363635
Clc1ccc(OCCCCCCN\C(NC#N)=N\c2ccncc2)cc1,BRD-K69832040-001-01-9,GMX1778,0.9554818,0.29032258064516125
Cc1nc(nn1Cc1cccc(c1)N1CCC(CC1)S(C)(=O)=O)-c1nc(no1)-c1ccc(OC(F)(F)F)cc1,BRD-K00003105-003-01-9,IACS-10759,0.85800153,0.27884615384615385
O=C\C=C\c1ccccc1,BRD-K26875402-001-13-9,cinnamaldehyde,0.83422995,0.24242424242424243
CC[C@H](C)C(=O)O[C@H]1CCC=C2C=C[C@H](C)[C@H](CC[C@@H]3C[C@@H](O)CC(=O)O3)[C@@H]12,BRD-K94441233-001-19-9,mevastatin,0.93077916,0.22330097087378642
[O-][N+](=O)c1cnc(Sc2n[nH]c(=O)n2-c2ccc3OCCOc3c2)s1,BRD-K73982490-001-01-1,BI-78D3,0.8711325,0.26388888888888884
CN(C)c1ccc2[n+](C)c(\C=C\c3cc(C)n(c3C)-c3ccccc3)ccc2c1,BRD-K39479472-096-06-9,pyrvinium-pamoate,0.8708351,0.16129032258064513
C[C@@H]1O[C@@H](O[C@@H]2C[C@@H](O)[C@]3(CO)[C@H]4[C@H](O)C[C@]5(C)[C@H](CC[C@]5(O)[C@@H]4CC[C@]3(O)C2)C2=CC(=O)OC2)[C@H](O)[C@H](O)[C@H]1O,BRD-K33277808-001-03-9,ouabain,0.8365151,0.2184873949579832
O=C(NCCCCC1CCN(CC1)C(=O)c1ccccc1)\C=C\c1cccnc1,BRD-K58550667-001-08-7,FK-866,0.8869237,0.22988505747126442
COc1ccnc2[nH]cc(C(=O)C(=O)N3CCN(C[C@H]3C)C(=O)c3ccccc3)c12,BRD-K55773932-001-04-9,BMS-806,0.8239719,0.23456790123456794
C[C@H]1CCC[C@@]2(C)O[C@H]2C[C@H](OC(=O)C[C@H](O)C(C)(C)C(=O)[C@H](C)[C@H]1O)C(\C)=C\c1csc(C)n1,BRD-K48935217-001-03-9,epothilone-B,0.97836435,0.17000000000000004
COC1=C(OC)C(=O)C(C\C=C(/C)CC\C=C(/C)CC\C=C(/C)CC\C=C(/C)CC\C=C(/C)CC\C=C(/C)CC\C=C(/C)CC\C=C(/C)CC\C=C(/C)CCC=C(C)C)=C(C)C1=O,BRD-K75043328-001-05-9,coenzyme-Q10,0.8019611,0.26865671641791045
CNc1ccc(cn1)-c1ccc2cc(OC[C@H](O)CF)ccc2n1,BRD-K00003401-001-01-9,THK5351,0.8219037,0.25
[H][C@@]12C[C@@](O)(NC(=O)O1)[C@]([H])(OC)\C=C\C=C(C)\Cc1cc(OC)c(Cl)c(c1)N(C)C(=O)C[C@]([H])(OC(=O)[C@H](C)N(C)C(=O)CCS)[C@]1(C)O[C@H]1[C@@H]2C,BRD-K00003293-001-01-9,mertansine,0.99823225,0.17964071856287422
CCOC(=O)N1CCN(CC1)C(=O)[C@H](Cc1cccc(c1)C(=N)NO)NS(=O)(=O)c1c(cc(cc1C(C)C)C(C)C)C(C)C,BRD-K00003218-001-01-9,upamostat,0.9982092,0.2093023255813954
CC[C@@]1(O)C(=O)OCc2c1cc1-c3nc4cc(F)c(C)c5CC[C@H](N)c(c3Cn1c2=O)c45,BRD-K92150287-066-03-9,exatecan-mesylate,0.9962322,0.1651376146788991
CCc1ccc(OCc2ccccc2C(=O)Nc2ccc3nc(C)cc(N)c3c2)cc1,BRD-K17705806-003-03-6,JTC-801,0.8772074,0.2962962962962963
C[C@H]1CCC[C@H]2O[C@H]2C[C@H](OC(=O)C[C@H](O)C(C)(C)C(=O)[C@H](C)[C@H]1O)C(\C)=C\c1csc(C)n1,BRD-K71823332-001-03-7,epothilone-A,0.9789194,0.173469387755102
OCCCNc1cc(ccn1)-c1ccnc(Nc2cccc(Cl)c2)n1,BRD-K79090631-001-23-9,CGP-60474,0.85817033,0.22535211267605637
Cc1nccn1C[C@H]1CCc2c(C1=O)c1ccccc1n2C,BRD-K01826546-001-06-9,ondansetron (zofran),0.8007824,0.20430107526881724
CCC[C@@H](NC(=O)N1[C@@H](Oc2ccc(cc2)C(=O)N2CCN(C)CC2)C(CC)(CC)C1=O)c1ccc2OCOc2c1,BRD-K54936858-001-02-9,DMP-777,0.99801743,0.2282608695652174
COc1cc2ncnc(Nc3cccc(c3)C#C)c2cc1OCCCCCCC(=O)NO,BRD-K41278234-001-04-9,CUDC-101,0.887088,0.25609756097560976
CC(C)c1ccccc1S(=O)(=O)c1cc(N)c2ncccc2c1[N+]([O-])=O,BRD-K12079898-001-04-9,PD-160170,0.9036627,0.21250000000000002
O=c1ccc2ccc(OCCCCN3CCN(CC3)c3cccc4sccc34)cc2[nH]1,BRD-K00911143-001-02-9,brexpiprazole,0.8651104,0.18292682926829273
Brc1cccc(Nc2ncnc3ccc(NC(=O)C=C)cc23)c1,BRD-K17702546-001-06-5,PD-168393,0.8739711,0.28787878787878785
CC(C)N1CCN(Cc2cnc(o2)-c2cc(cc3[nH]ncc23)-c2cccc3[nH]ccc23)CC1,BRD-K00003285-001-01-9,nemiralisib,0.9145853,0.17441860465116277
ONC(=O)CCCCCCNC(=O)c1cnc(nc1)N(c1ccccc1)c1ccccc1Cl,BRD-K00003202-001-01-9,citarinostat,0.8609947,0.23611111111111116
C[C@H]1O[C@@H](O[C@@H]2C[C@@H]3O[C@@](O)(C[C@H](O)[C@H]3C(O)=O)C[C@@H](O)C[C@H]3O[C@@H]3\C=C\C(=O)O[C@H](C)C\C=C\C=C\C=C\C=C\2)[C@@H](O)[C@@H](N)[C@@H]1O,BRD-K90563805-001-06-7,natamycin,0.9887495,0.24347826086956526
Brc1ccc(\C=C\CNCCNS(=O)(=O)c2cccc3cnccc23)cc1,BRD-K27737647-300-03-0,H-89,0.89549935,0.28125
CC(C)CCC[C@@H](C)CCC[C@@H](C)CCC\C(C)=C\CC1=C(C)C(=O)c2ccccc2C1=O,BRD-K76661572-001-08-4,phytonadione,0.8144167,0.2222222222222222
Cc1ccc(cc1)S(=O)(=O)c1ccc(o1)[N+]([O-])=O,BRD-K20605374-001-07-9,NSC-697923,0.98306876,0.276595744680851
CCc1c2Cn3c(cc4c(COC(=O)[C@]4(O)CC)c3=O)-c2nc2ccc(OC(=O)N3CCC(CC3)N3CCCCC3)cc12,BRD-K08547377-003-07-3,irinotecan,0.98589647,0.1875
Nc1ccc(\N=N\c2ccccc2)c(N)n1,BRD-K76304753-003-22-9,phenazopyridine,0.8029847,0.16216216216216217
Cc1ccc(Oc2ccccc2-c2csc(NC3=NCCCN3)n2)c(C)c1,BRD-K77432251-001-01-2,abafungin,0.8411206,0.2421052631578947
ONC(=O)C1(CS(=O)(=O)c2ccc(Oc3ccc(Cl)cc3)cc2)CCOCC1,BRD-K53508936-001-02-8,CTS-1027,0.85052836,0.2142857142857143
[H][C@]12[C@@H](CCN1C(=O)c1coc(CC(=O)C[C@H](O)\C=C(/C)\C=C/CNC(=O)\C=C\[C@@H](C)[C@@H](OC2=O)C(C)C)n1)S(=O)(=O)CCN(CC)CC,BRD-K00003321-001-01-9,dalfopristin,0.9996042,0.19999999999999996
CN(c1cccc(Cl)c1)S(=O)(=O)c1ccc2NC(=O)\C(=C/c3[nH]c(C)c(C(=O)N4CCN(C)CC4)c3C)c2c1,BRD-K02965346-001-07-5,SU11274,0.9892222,0.18803418803418803
CC\C=C/C\C=C/C\C=C/C\C=C/C\C=C/CCCC(=O)NCCNC(=O)c1cccnc1,BRD-K00003262-001-01-9,nicodicosapent,0.96645176,0.24637681159420288
CC(=O)N1CCC[C@H]1C(=O)N[C@@H](Cc1cnc[nH]1)C(=O)N[C@@H](CO)C(=O)N[C@@H](CS)C(=O)N[C@@H](CC(N)=O)C(N)=O,BRD-K00521308-019-03-5,ATN-161,0.9890445,0.17391304347826086
CCN(Cc1ccc(Cl)nc1)C(\NC)=C\[N+]([O-])=O,BRD-K47887731-001-01-4,nitenpyram,0.8187238,0.23529411764705888
CC[C@@]1(O)C(=O)OCc2c1cc1-c3nc4cccc([N+]([O-])=O)c4cc3Cn1c2=O,BRD-K79821389-001-03-5,rubitecan,0.9765396,0.19999999999999996
c1cc(ccn1)-c1nc2ccc(cc2[nH]1)-c1ccc2nc([nH]c2c1)-c1ccncc1,BRD-K77897005-001-02-9,ridinilazole,0.8442278,0.18965517241379315
CCCCCC[C@@H]1[C@@H](OC(=O)CC(C)C)[C@H](C)OC(=O)[C@@H](NC(=O)c2cccc(NC=O)c2O)[C@@H](C)OC1=O,BRD-K90152265-001-01-3,antimycin-A,0.97667503,0.18095238095238098
CN1CCN(CCCNC(=O)C[C@@H]2N=C(c3c(C)c(C)sc3-n3c(C)nnc23)c2ccc(Cl)cc2)CC1,BRD-K00005242-001-01-9,TEN-010,0.9227909,0.17708333333333337
Cc1ccc(cn1)-c1ncc(Cl)cc1-c1ccc(cc1)S(C)(=O)=O,BRD-K54770957-001-04-3,etoricoxib,0.9123813,0.18888888888888888
[H]C(=[C@@]=C1C(C)(C)C[C@@H](C[C@@]1(C)O)OC(C)=O)C(\C)=C\C=C\C(\C)=C\C=C\C=C(/C)\C=C\C=C(/C)C(=O)C[C@]12O[C@@]1(C)C[C@H](O)CC2(C)C,BRD-K00003355-001-01-9,fucoxanthin,0.89361966,0.15909090909090906
Clc1ccccc1NS(=O)(=O)c1ccc(NC(=O)c2ccccn2)cc1Cl,BRD-K72687424-001-04-9,VU0364439,0.8576236,0.28125
O[C@@H](COc1cccc2[nH]c(cc12)C#N)CN1CCN(CC1)C(c1ccccc1)c1ccccc1,BRD-A64553394-001-04-4,DPI-201106,0.80055445,0.19999999999999996
Nc1ccn([C@@H]2O[C@@](CO)(N=[N+]=[N-])[C@@H](O)[C@@H]2O)c(=O)n1,BRD-K57284066-001-02-9,Ro-9187,0.99999964,0.15476190476190477
[H][C@]12CN(Cc3ccc(cc3)C(O)=O)[C@]([H])(CN1Cc1ccc(Oc3ccc(cc3)-c3ncco3)cc1)C2,BRD-K00003255-001-01-9,acebilustat,0.84665996,0.2222222222222222
COc1ccc2NC(=O)\C(=C/c3cnc[nH]3)c2c1,BRD-K94883909-001-17-7,SU9516,0.804834,0.22033898305084743
Cc1ccc(cc1NC(=O)c1ccc(OCc2ccccn2)cc1)-c1ncc[nH]1,BRD-K05973499-300-02-9,AZ-12080282,0.8695532,0.26027397260273977
O=C1c2ccccc2-c2c(NCCc3ccccc3)c(=O)[nH]c3cccc1c23,BRD-K15107389-001-02-8,BRD7389,0.83586514,0.25
CC(=O)OCC(=O)[C@@]1(O)CC[C@H]2[C@@H]3CCC4=CC(=O)C=C[C@]4(C)[C@@]3(Cl)[C@@H](Cl)C[C@]12C,BRD-K54187111-001-10-9,dichlorisone-acetate,0.8171166,0.19753086419753085
Clc1ccc(s1)C(=O)NC[C@H]1CN(C(=O)O1)c1ccc(cc1)N1CCOCC1=O,BRD-K37130656-001-04-6,rivaroxaban,0.84362924,0.18947368421052635
CNCC[C@H](Oc1cccc2ccccc12)c1cccs1,BRD-K71103788-003-11-2,duloxetine,0.8112356,0.296875
[O-][N+](=O)c1cc2[nH]c(=O)c(=O)[nH]c2cc1C#N,BRD-K19438463-001-06-9,CNQX,0.9458615,0.2093023255813954
CO[C@@H]1[C@@H](C[C@H]2O[C@]1(C)n1c3ccccc3c3c4CNC(=O)c4c4c5ccccc5n2c4c13)N(C)C(=O)c1ccccc1,BRD-K13646352-001-02-0,midostaurin,0.8415799,0.19685039370078738
CC[C@H](C)[C@@H]1N[C@@H]2C=Cc3c(cc(nc3[C@H]2O)C(=O)O[C@H](C)[C@@H]2NC(=O)c3csc(n3)[C@@H](NC(=O)[C@H]3CSC(=N3)\C(NC(=O)[C@@H](NC(=O)c3csc(n3)[C@]3(CCC(=N[C@@H]3c3csc2n3)c2nc(cs2)C(=O)NC(=C)C(=O)NC(=C)C(N)=O)NC(=O)[C@H](C)NC(=O)C(=C)NC(=O)[C@H](C)NC1=O)[C@@H](C)O)=C\C)[C@](C)(O)[C@@H](C)O)[C@H](C)O,BRD-K58049875-001-04-7,thiostrepton,0.9819291,0.1333333333333333
CS(=O)(=O)c1ccc(C(=O)Nc2ccc(Cl)c(c2)-c2ccccn2)c(Cl)c1,BRD-K44827188-001-04-5,vismodegib,0.9546733,0.27941176470588236
C[C@@H]1O[C@@H](O[C@H]2CC[C@]3(C=O)[C@H]4CC[C@]5(C)[C@H](CC[C@]5(O)[C@@H]4CC[C@]3(O)C2)C2=CC(=O)OC2)[C@H](O)[C@H](O)[C@H]1O,BRD-K00004559-001-01-9,convallatoxin,0.8513192,0.2068965517241379
CC(C)=CCC[C@@]1(C)Oc2c(CC=C(C)C)c3O[C@@]45[C@H]6C[C@@H](C=C4C(=O)c3c(O)c2C=C1)C(=O)[C@]5(C\C=C(\C)C(O)=O)OC6(C)C,BRD-K08542803-001-02-3,gambogic-acid,0.8591989,0.1696428571428571
Nc1ccn([C@@H]2O[C@@](CO)(N=[N+]=[N-])[C@@H](O)[C@H]2O)c(=O)n1,BRD-K28442028-001-02-9,R-1479,0.99999964,0.15476190476190477
FC(F)(F)c1ccc(\C=C\c2nc(COc3ccc(CCCCn4ccnn4)cc3)co2)cc1,BRD-K19061412-001-06-9,mubritinib,0.8658897,0.18085106382978722
C[C@@H]1C[C@H]2[C@@H]3CCC4=CC(=O)C=C[C@]4(C)[C@@]3(Cl)[C@@H](O)C[C@]2(C)[C@@]1(OC(=O)c1ccco1)C(=O)CCl,BRD-K60640630-001-12-9,mometasone-furoate,0.81670016,0.15384615384615385
CCCS(=O)(=O)Nc1ccc(F)c(C(=O)c2c[nH]c3ncc(Cl)cc23)c1F,BRD-K16478699-001-09-2,PLX4720,0.94558823,0.2093023255813954
CC(=O)c1cc(c(Sc2ccc(F)cc2F)s1)[N+]([O-])=O,BRD-K97714174-001-04-9,P22077,0.91963404,0.27419354838709675
Clc1ccc(CNC(=N)SCCCc2cnc[nH]2)cc1,BRD-K71430621-303-04-9,clobenpropit,0.89676607,0.23943661971830987
[H][C@]12CCC[C@H](N1C(=O)[C@H](CCS2)NC(=O)[C@@H](S)Cc1ccccc1)C(O)=O,BRD-K00003265-001-01-9,omapatrilat,0.93521386,0.26315789473684215
CNC(=O)c1ccccc1Sc1ccc2c(\C=C\c3ccccn3)[nH]nc2c1,BRD-K29905972-001-06-3,axitinib,0.95507413,0.23376623376623373
Fc1cc2CN(CCn3cc(C4=C(C(=O)NC4=O)c4cnc5ccccn45)c(c1)c23)C(=O)N1CCCCC1,BRD-K78055238-001-03-9,LY2090314,0.88207465,0.17647058823529416
Nc1ccc(F)cc1NC(=O)c1ccc(CNC(=O)\C=C\c2cccnc2)cc1,BRD-K28537285-001-01-8,chidamide,0.8024764,0.2705882352941177
CO[C@H]1C[C@H](O[C@H]2CC[C@@]3(C)[C@H](CC[C@@H]4[C@@H]3CC[C@]3(C)[C@H]([C@H](C[C@]43O)OC(C)=O)C3=CC(=O)OC3)C2)O[C@@H](C)[C@@H]1O,BRD-K98006098-001-01-6,oleandrin,0.931361,0.19354838709677424
Clc1ccc(CS[C@@H](Cn2ccnc2)c2ccc(Cl)cc2Cl)cc1,BRD-A70649075-008-32-9,sulconazole,0.8254194,0.19999999999999996
CN([C@@H](Cc1ccc(OS(=O)(=O)c2cccc3cnccc23)cc1)C(=O)N1CCN(CC1)c1ccccc1)S(=O)(=O)c1cccc2cnccc12,BRD-A81177136-001-12-7,KN-62,0.84264326,0.2894736842105263
ONC(=O)CCCCCCNC(=O)c1cnc(nc1)N(c1ccccc1)c1ccccc1,BRD-K82928847-001-07-9,ACY-1215,0.8799248,0.24615384615384617
CC(=O)c1cc(c(Sc2cccc(Cl)c2Cl)s1)[N+]([O-])=O,BRD-K13606314-001-02-9,P5091,0.9632932,0.29032258064516125
CCOC(=O)\C=C(/C)\C=C\C=C(/C)\C=C\c1c(C)cc(OC)c(C)c1C,BRD-K49076555-001-05-6,etretinate,0.8087117,0.25757575757575757
CCOCOC[C@H](C[C@H](C)C(=O)NO)NC(=O)c1ccc(Oc2ccccc2)cc1,BRD-K58894520-001-01-1,ONO-4817,0.9169914,0.24285714285714288
Cc1nc2ccccn2c(=O)c1CCN1CCc2oc3ccccc3c2C1,BRD-K00004742-001-01-9,lusaperidone,0.80709875,0.18055555555555558
Cc1c(cccc1-n1c(=O)n(C)c2c(F)cccc2c1=O)-c1c(F)cc(C(N)=O)c2[nH]c3C[C@H](CCc3c12)C(C)(C)O,BRD-K00004591-001-01-9,BMS-986142,0.8482877,0.2038834951456311
COc1ccc(NS(=O)(=O)c2sc3ccc(Cl)cc3c2C)cc1N1CCNCC1,BRD-K82467063-003-04-9,SB-271046,0.9013839,0.19999999999999996
CC(C)NC(=O)c1ccc(cn1)C#Cc1ccncc1,BRD-K79337272-001-02-9,LSN-2463359,0.8568123,0.25
Cc1cccc(n1)-c1nn2CCCc2c1-c1ccnc2ccc(cc12)C(N)=O,BRD-K78118466-001-04-9,LY2157299,0.9474777,0.23076923076923073
Cc1c(cc(C(=O)NCc2ccc(cn2)S(C)(=O)=O)c(=O)n1-c1cccc(c1)C(F)(F)F)-c1ccnn1C,BRD-K31476763-001-02-9,AZD9668,0.9329708,0.29885057471264365
Nc1cc(F)ccc1NC(=O)c1ccc(CNC(=O)\C=C\c2cccnc2)cc1,BRD-K95216408-001-02-9,tucidinostat,0.812817,0.2705882352941177
CC(C)(F)C[C@H](N[C@@H](c1ccc(cc1)-c1ccc(cc1)S(C)(=O)=O)C(F)(F)F)C(=O)NC1(CC1)C#N,BRD-K22822991-001-03-9,odanacatib,0.8884494,0.1686746987951807
Cc1cccc(COc2cccc(\C=C3/C(=O)NN(C3=O)c3ccccc3)c2)c1,BRD-K81865756-001-02-5,Y16,0.8859903,0.28378378378378377
Ic1ccc(CCNC(=N)SCCCc2cnc[nH]2)cc1,BRD-K51918615-303-02-9,iodophenpropit,0.9158927,0.21518987341772156
CCCCn1c(CN(Cc2ccc3OCOc3c2)Cc2ccc3OCOc3c2)c(nc1-c1ccccc1)-c1ccccc1,BRD-K17539220-001-02-9,NDT-9513727,0.8929601,0.26315789473684215
CN(C)CC[C@H](CSc1ccccc1)Nc1ccc(cc1[N+]([O-])=O)S(=O)(=O)NC(=O)c1ccc(cc1)N1CCN(Cc2ccccc2-c2ccc(Cl)cc2)CC1,BRD-K56301217-001-12-4,ABT-737,0.94866693,0.23232323232323238
[H][C@]1(CO)O[C@]([H])(n2cnc3cc(C)c(C)cc23)[C@]([H])(O)[C@]1([H])OP(O)(=O)O[C@H](C)CNC(=O)CC[C@@]1(C)\C2=C(C)\C3=N\C(=C\C4=N\C(=C(C)/C5=N[C@@](C)([C@@]([H])(N2[Co+]C)[C@]1([H])CC(N)=O)[C@@](C)(CC(N)=O)[C@]5([H])CCC(N)=O)\[C@@](C)(CC(N)=O)[C@]4([H])CCC(N)=O)\C(C)(C)[C@]3([H])CCC(N)=O,BRD-K00003534-001-01-9,methylcobalamin,0.999626,0.16143497757847536
CCOC(=O)N[C@@H]1CC[C@@H]2[C@H](C[C@@H]3[C@@H]([C@@H](C)OC3=O)[C@H]2\C=C\c2ccc(cn2)-c2cccc(F)c2)C1,BRD-K93442924-001-03-4,vorapaxar,0.92792034,0.18085106382978722
CC(C)(C)c1ccc(cc1)S(=O)(=O)Nc1ccc(Cl)cc1C(=O)c1cc[n+]([O-])cc1,BRD-K47929404-001-01-0,vercirnon,0.86348164,0.2142857142857143
COc1ccc(Br)cc1S(=O)(=O)NC(=O)\C=C\c1ccccc1Cc1ccc2ccccc2c1,BRD-K43905307-001-03-9,L-798106,0.89136124,0.28205128205128205
C[C@@H](CN1CCN(CC1)S(=O)(=O)c1ccc(Cl)c(Cl)c1)Nc1ncnc2c(C)csc12,BRD-K32322923-001-01-7,LPA2-antagonist-1,0.8924867,0.16666666666666663
CCCC(=O)O[C@@]1([C@@H](C)C[C@H]2[C@@H]3CCC4=CC(=O)C=C[C@]4(C)[C@@]3(F)C(=O)C[C@]12C)C(=O)CCl,BRD-K58810291-001-16-2,clobetasone-butyrate,0.8135746,0.160377358490566
C[C@H](N\C(NC#N)=N/c1cccc2ncccc12)c1ccccc1,BRD-K94313941-001-03-9,A-804598,0.8243496,0.22891566265060237
CCn1cc(-c2cccc(c2)C(F)(F)F)c2sc(cc2c1=O)C(=N)NC1CCS(=O)(=O)CC1,BRD-K04972057-001-01-1,I-BRD9,0.95917714,0.2325581395348837
Cc1cc(ccn1)-c1nc(co1)C(=O)Nc1cn(nc1C(N)=O)C1CCOCC1,BRD-K73565918-003-02-9,AS-2444697,0.96439016,0.19801980198019797
CC[C@@]1(O)C(=O)OCc2c1cc1-c3nc4cccc(N)c4cc3Cn1c2=O,BRD-K09291936-001-14-9,9-aminocamptothecin,0.978985,0.18918918918918914
Cc1c2c(oc1S(O)(=O)=O)-c1ccc3c(CCCC3(C)C)c1C(=O)C2=O,BRD-K84798689-236-02-9,sodium-tanshinone-II-A-sulfonate,0.86370534,0.19672131147540983
Cn1nnc(n1)-c1ccc(cn1)-c1ccc(cc1F)N1C[C@H](COP(O)(O)=O)OC1=O,BRD-K89121095-001-02-5,tedizolid-phosphate,0.99874103,0.19999999999999996
CC(C)n1nc(C)nc1-c1cn2CCOc3cc(ccc3-c2n1)-c1cnn(c1)C(C)(C)C(N)=O,BRD-K44844162-001-04-0,taselisib,0.8940288,0.1610169491525424
Cc1coc-2c1C(=O)C(=O)c1c-2ccc2c(C)cccc12,BRD-K34073885-001-10-9,tanshinone-I,0.8001067,0.27083333333333337
CCC[C@@]1(CCc2ccccc2)CC(=O)[C@@H]([C@H](CC)c2cccc(NS(=O)(=O)c3ccc(cn3)C(F)(F)F)c2)C(=O)O1,BRD-A10039652-001-03-9,tipranavir,0.99453485,0.17204301075268813
CCn1\c(=C/c2cccc[n+]2CC)s\c(=C2\Sc3ccccc3N2C)c1=O,BRD-K61695967-003-01-3,MKT-077,0.8430935,0.15384615384615385
CC(C)Oc1ccc(cc1)S(=O)(=O)N1CCN(CC1)c1ccc(-c2ncco2)c(OCC(O)=O)c1,BRD-K00003230-001-01-9,asapiprant,0.9730509,0.21875
CC(C)n1c2sc(Cc3c(C)[nH]nc3C(F)(F)F)c(C(=O)N3C[C@](C)(O)CO3)c2c(=O)n(C)c1=O,BRD-K25210703-001-01-9,AZD3965,0.9173015,0.15822784810126578
[H]O[Co+]N1\C2=C(C)/C3=N/C(=C/C4=N/C(=C(C)\C5=N[C@@](C)([C@@]1([H])[C@H](CC(N)=O)[C@@]2(C)CCC(=O)NC[C@@H](C)OP(O)(=O)O[C@@H]1[C@@H](CO)O[C@@H]([C@@H]1O)n1cnc2cc(C)c(C)cc12)[C@@](C)(CC(N)=O)[C@@H]5CCC(N)=O)/[C@@](C)(CC(N)=O)[C@@H]4CCC(N)=O)/C(C)(C)[C@@H]3CCC(N)=O,BRD-K00003525-003-01-9,hydroxocobalamin,0.9993571,0.1607142857142857
CC(C)Nc1cccnc1N1CCN(CC1)C(=O)c1cc2cc(NS(C)(=O)=O)ccc2[nH]1,BRD-K34068325-066-03-7,delavirdine,0.80285084,0.19999999999999996
NC(=O)C1=CN(C=CC1)[C@@H]1O[C@H](COP(O)(=O)OP(O)(=O)OC[C@H]2O[C@H]([C@H](O)[C@@H]2O)n2cnc3c(N)ncnc23)[C@@H](O)[C@H]1O,BRD-K01825730-304-02-9,coenzyme-I,0.9883286,0.14414414414414412
CN1CCN(C)C(=O)[C@@H]1c1ccc(Nc2nc(cn(C)c2=O)-c2cccc(NC(=O)c3cc4CCCCc4s3)c2C)cc1,BRD-A30984645-001-03-9,GDC-0834,0.89844304,0.18018018018018023
Cc1cc(on1)C(=CNc1ccc(Cl)cc1)C(=O)Nc1ccc(Cl)cc1,BRD-K16338837-001-03-9,CCMI,0.8719822,0.27419354838709675
Cc1cc(\C=c2\sc3nc4ccccc4n3c2=O)c(C)n1-c1ccccc1,BRD-K36515744-001-03-5,ITX3,0.83054495,0.1724137931034483
CC(C)(C)c1ccc(\C=C\C(=O)Nc2ccc3OCCOc3c2)cc1,BRD-K01995783-001-03-9,AMG-9810,0.93379325,0.28358208955223885
COC(=O)[C@H](CC(C)C)NC(=O)c1ccc(NC[C@@H](N)CS)cc1-c1cccc2ccccc12,BRD-K19669037-001-02-9,GGTI-298,0.9914304,0.275
ONC(=O)c1cnc(nc1)N1CCN(CC1)S(=O)(=O)c1ccc2ccccc2c1,BRD-K86687746-001-01-3,R306465,0.8654871,0.2753623188405797
Cc1cn([C@H]2C[C@H](F)[C@@H](CO)O2)c(=O)[nH]c1=O,BRD-K00004697-001-01-9,alovudine,0.81455535,0.17808219178082196
CO[C@]1(NC(=O)CSCC#N)[C@H]2SCC(CSc3nnnn3C)=C(N2C1=O)C(O)=O,BRD-K48470486-236-12-4,cefmetazole,0.9965165,0.22549019607843135
Cc1cc(OCCCS(C)(=O)=O)cc(C)c1-c1cccc(COc2ccc3[C@H](CC(O)=O)COc3c2)c1,BRD-K58501140-001-02-9,TAK-875,0.86558884,0.24137931034482762
COc1cc(cc(OC)c1OP(O)(O)=O)[C@H]1[C@@H]2[C@H](COC2=O)[C@H](O[C@@H]2O[C@@H]3CO[C@@H](C)O[C@H]3[C@H](O)[C@H]2O)c2cc3OCOc3cc12,BRD-K72533376-001-01-2,etoposide-phosphate,0.99933624,0.2315789473684211
CCOC(=O)c1ccc(cc1)N1NC(=O)\C(=C\c2ccc(o2)[N+]([O-])=O)C1=O,BRD-K66101666-001-02-3,PYR-41,0.9819317,0.2857142857142857
CCC(=O)NC[C@H](Cc1ccc(OCCc2nc(oc2C)-c2ccccc2)cc1)N\C(C)=C/C(=O)c1ccc(cc1)C(F)(F)F,BRD-K20828910-001-03-9,GW-6471,0.97255564,0.24528301886792447
NC(=O)c1ccc[n+](c1)[C@@H]1O[C@H](COP(O)(=O)OP(O)(=O)OC[C@H]2O[C@H]([C@H](O)[C@@H]2O)n2cnc3c(N)ncnc23)[C@@H](O)[C@H]1O,BRD-K01824972-001-05-9,nadide,0.99288785,0.15463917525773196
Cc1cc2nc3c(nc(=O)[nH]c3=O)n(C)c2cc1C=O,BRD-K00486786-001-03-9,Ro-08-2750,0.9734365,0.18333333333333335
CC[C@@]1(O)C(=O)OCc2c1cc1-c3nc4ccccc4cc3Cn1c2=O,BRD-K37890730-001-17-7,camptothecin,0.9762845,0.19117647058823528
CCOC(=O)c1c2-c3ccccc3C(=O)c3cccc([nH]c1=O)c23,BRD-K61918008-001-07-1,NQDI-1,0.86755264,0.27450980392156865
COCCNc1cc(NC(=O)N2CCCc3cc(CN4CCN(C)CC4=O)c(C=O)nc23)ncc1C#N,BRD-K00003424-001-01-9,roblitinib,0.99399966,0.18803418803418803
CN1CCN(CC1)c1ccc(Nc2nc(Oc3cccc(NC(=O)C=C)c3)c3sccc3n2)cc1,BRD-K60421517-001-02-2,olmutinib,0.9189986,0.2272727272727273
CC[C@@]1(O)C(=O)OCc2c1cc1-c3nc4ccccc4c(CCNC(C)C)c3Cn1c2=O,BRD-K00003160-003-01-9,belotecan,0.9845821,0.1826923076923077
CCCOc1ccn2c(cc(-c3ccccc3S(C)(=O)=O)c2c1)C(C)=O,BRD-K48062199-001-01-8,GSK2801,0.8038719,0.2191780821917808
COC(=O)[C@@H]1C[C@H](OC(C)=O)C(=O)[C@H]2[C@@]1(C)CC[C@H]1C(=O)O[C@@H](C[C@]21C)c1ccoc1,BRD-K19284129-001-04-9,salvinorin-A,0.97916234,0.17699115044247793
SCCCC(=O)NC1CCN(CC1)C(=O)COc1ccc(Cl)cc1Cl,BRD-K26305185-001-03-9,K-Ras(G12C)-inhibitor-6,0.83522254,0.2465753424657534
Cc1ccc2cc(ccc2n1)-c1c(C)ccc(C(=O)c2c(-c3ccccc3)n(C)n(-c3ccccc3)c2=O)c1N,BRD-K04374714-003-02-9,AMG-PERK-44,0.83035547,0.18947368421052635
NC(=O)c1cc2cc(ccc2o1)N1CCN(CCCCc2c[nH]c3ccc(cc23)C#N)CC1,BRD-K58010567-003-04-9,vilazodone,0.8315404,0.20175438596491224
Fc1ccc(cc1)[C@@H](C#N)c1c(Cl)cc(cc1Cl)-n1ncc(=O)[nH]c1=O,BRD-K00003474-001-01-9,letrazuril,0.89329815,0.17808219178082196
Nc1ncn([C@H]2C[C@H](OP(O)(=O)OC[C@H]3O[C@H](C[C@@H]3O)n3cnc4c3[nH]c(N)nc4=O)[C@@H](CO)O2)c(=O)n1,BRD-K00003187-236-01-9,guadecitabine,0.969011,0.15083798882681565
CC[C@@]1(O)C(=O)OCc2c1cc1-c3nc4ccc(O)cc4cc3Cn1c2=O,BRD-K63784565-001-08-9,10-hydroxycamptothecin,0.9888768,0.2142857142857143
FC(F)(F)c1cccc(Nc2ncccc2C(=O)O[C@H]2OC(=O)c3ccccc23)c1,BRD-A98378129-001-04-9,talniflumate,0.8042582,0.2692307692307693
Clc1ccc([C@@H](Cn2ccnc2)OCc2csc3c(Cl)cccc23)c(Cl)c1,BRD-K01825659-008-03-9,sertaconazole,0.8181575,0.23943661971830987
C[n+]1ccccc1CN=O,BRD-K24221957-003-01-6,pralidoxime-chloride,0.9436304,0.1842105263157895
CNC(=O)c1ccc2[C@H](CCN3CCN(CC3)c3ccc(cc3)C(N)=O)OCCc2c1,BRD-K81616657-001-01-4,PNU-142633,0.8148669,0.2564102564102564
CSCC[C@H](NC=O)C(=O)N[C@@H](CC(O)=O)C(=O)NCC(=O)N[C@@H](CS)C(=O)N[C@@H](CCC(O)=O)C(=O)N[C@@H](CC(C)C)C(O)=O,BRD-K13005598-001-02-3,foxy-5,0.9223107,0.23170731707317072
C[C@]12CC[C@H]3[C@@H](CC[C@]4(O)C[C@@H](O)CC[C@]34C=O)[C@@]1(O)CC[C@@H]2C1=CC(=O)OC1,BRD-K84595254-001-15-4,K-strophanthidin,0.85449064,0.15053763440860213
CS(=O)(=O)c1ccc(Oc2cc(F)cc(c2)C#N)c2CC(F)(F)[C@@H](O)c12,BRD-K20850787-001-01-6,PT-2385,0.8999933,0.15463917525773196
CN(C)C(=O)CCS[C@@H](SCCC(O)=O)c1cccc(\C=C\c2ccc3ccc(Cl)cc3n2)c1,BRD-A73679382-236-01-8,MK-571,0.81070554,0.18518518518518523
Cc1nc2cnc3ccc(cc3c2n1-c1ccc(cc1)C(C)(C)C#N)C#Cc1cccnc1,BRD-K00652956-001-02-9,BAG-956,0.96576357,0.2065217391304348
CN(C)Cc1c(oc2ccccc12)C(=O)NCCOc1ccc(cc1)C(=O)NO,BRD-K12867552-001-04-7,PCI-24781,0.8927267,0.2705882352941177
CN(Cc1oc2ccccc2c1C)C(=O)\C=C\c1cnc2NC(=O)CCc2c1,BRD-K23791635-001-01-3,AFN-1252,0.8663152,0.19736842105263153
C[C@H](NC(=O)C(C)(C)Oc1ccc(cn1)C(F)(F)F)[C@@H](Cc1ccc(Cl)cc1)c1cccc(c1)C#N,BRD-K35169477-001-02-9,taranabant,0.86885613,0.22988505747126442
[H][C@]12C\C(C)=C/[C@@]3([H])OC(=O)C(=C)[C@]3([H])[C@H](CC(=C1)C(=O)O2)OC(=O)C(\C)=C/C,BRD-K00005327-001-01-9,scabertopin,0.8162187,0.18604651162790697
COC[C@H]1OC(=O)c2coc3c2[C@@]1(C)C1=C([C@@H]2CCC(=O)[C@@]2(C)C[C@H]1OC(C)=O)C3=O,BRD-K87343924-001-16-9,wortmannin,0.9915373,0.18367346938775508
Clc1ccc2NC(=O)CS[C@@H](c3ccccc3Cl)c2c1,BRD-A35623999-001-07-9,CGP-37157,0.80072516,0.19117647058823528
C[C@@H](C(=O)Nc1cc(C)ccn1)c1cccc(c1)C(=O)c1ccccc1,BRD-A85548292-001-02-9,piketoprofen,0.9541267,0.265625
CS(=O)(=O)c1ccc(cc1)-c1cc(Br)sc1-c1ccc(F)cc1,BRD-K06221026-001-08-9,DUP-697,0.81918657,0.20833333333333337
Cc1ccccc1\N=N\c1ccc(NC(=O)c2ccnn2C)c(C)c1,BRD-K22314899-001-02-4,CH223191,0.9276005,0.2142857142857143
Cn1c2cnc3ccc(cc3c2n(-c2ccc(cc2)C(C)(C)C#N)c1=O)-c1cnc2ccccc2c1,BRD-K12184916-001-19-6,NVP-BEZ235,0.9289592,0.23300970873786409
Cc1cn([C@H]2C[C@H](N=[N+]=[N-])[C@@H](CO)O2)c(=O)[nH]c1=O,BRD-K72903603-001-27-9,zidovudine,1.0,0.15625
Cc1cc2nc3c(nc(=O)[nH]c3=O)n(C[C@H](O)[C@H](O)[C@H](O)CO[P@@](O)(=O)O[P@@](O)(=O)OC[C@H]3O[C@H]([C@H](O)[C@@H]3O)n3cnc4c(N)ncnc34)c2cc1C,BRD-K01666925-304-01-9,flavin-adenine-dinucleotide,0.9597662,0.1384615384615384
Clc1ccc(cc1)C(=O)Nc1c(nc2ccccn12)-c1cccs1,BRD-K09619578-001-03-9,DS2-(806622),0.93261087,0.25
CN(C)C(=O)n1cc(C(=O)c2ccc(Cn3c(C)nc4cnccc34)c(F)c2)c2c(cccc12)C#C,BRD-K97233161-003-02-3,ABT-491,0.98568517,0.19417475728155342
Nc1ncnc2n(cnc12)[C@@H]1O[C@H](COP(O)(=O)OP(O)(=O)OP(O)(=O)OP(O)(=O)OC[C@H]2O[C@H]([C@H](O)[C@@H]2O)n2cnc3c(N)ncnc23)[C@@H](O)[C@H]1O,BRD-A52394261-419-01-7,diadenosine-tetraphosphate,0.87204206,0.12371134020618557
COc1ccc(cc1)S(=O)(=O)N(C(C)=O)c1ccccc1\C=C\c1cc[n+]([O-])cc1,BRD-K70511574-001-06-9,HMN-214,0.88676345,0.25
c1cc(ccn1)-c1sc(c(c1-c1ccncc1)-c1ccncc1)-c1ccncc1,BRD-K64451768-001-03-9,GANT-58,0.8451144,0.21212121212121215
CCc1c2Cn3c(cc4c(COC(=O)[C@]4(O)CC)c3=O)-c2nc2ccc(O)cc12,BRD-K89561498-001-04-9,SN-38,0.9922643,0.1797752808988764
Clc1ccc(cc1)[C@@H](C#N)c1c(Cl)cc(cc1Cl)-n1ncc(=O)[nH]c1=O,BRD-A06426627-001-06-9,diclazuril,0.9461373,0.1875
CC[C@@]1(O)C(=O)OCc2c1cc1-c3nc4ccc(O)c(CN(C)C)c4cc3Cn1c2=O,BRD-K55696337-003-25-1,topotecan,0.9949504,0.16249999999999998
CNC(=O)[C@H](Cc1ccccc1)NC(=O)[C@H](CC(C)C)[C@H](CSc1cccs1)C(=O)NO,BRD-K82818427-001-05-9,batimastat,0.9025772,0.24096385542168675
CC(C)Cn1c2sc(Cc3c(C)n[nH]c3C)c(C(=O)N3C[C@H](O)CO3)c2c(=O)n(C)c1=O,BRD-K42325600-001-02-9,AR-C155858,0.9430267,0.22916666666666663
CCC[C@@H]1C[C@H](N(C)C1)C(=O)N[C@H]([C@H](C)Cl)[C@H]1O[C@H](SC)[C@H](OP(O)(O)=O)[C@@H](O)[C@H]1O,BRD-K27771035-001-04-1,clindamycin-phosphate,0.996964,0.15555555555555556
CCS(=O)(=O)N(C)[C@@H]1[C@@H](O)C(C)(C)Oc2ccc(cc12)C#N.CCS(=O)(=O)N(C)[C@H]1[C@H](O)C(C)(C)Oc2ccc(cc12)C#N,BRD-M02075109-001-01-1,chromanol-(+/-),0.8776411,0.18518518518518523
C[C@]12CC[C@H]3[C@@H](CCc4cc(OC(=O)N(CCCl)CCCl)ccc34)[C@@H]1CC[C@@H]2OP(O)(O)=O,BRD-K00077635-304-02-9,estramustine-phosphate,0.9971426,0.19387755102040816
Nc1nc(=O)c2nc(Br)n([C@@H]3O[C@@H]4CO[P@](O)(=O)O[C@H]4[C@H]3O)c2[nH]1,BRD-A00077618-236-08-9,8-bromo-cGMP,0.91433156,0.12328767123287676
CC[C@@H](Oc1cccc(CN(CCCOc2ccc(OC)cc2)c2nc3ccccc3o2)c1)C(O)=O,BRD-K00003251-001-01-9,pemafibrate,0.8426105,0.26595744680851063
OP(O)(=O)O[C@H]1[C@H](OP(O)(O)=O)[C@@H](OP(O)(O)=O)[C@H](OP(O)(O)=O)[C@H](OP(O)(O)=O)[C@@H]1OP(O)(O)=O,BRD-K70007857-001-01-7,hexasodium-phytate,0.82364523,0.10869565217391308
Clc1ccc([C@@H]2CS\C(S2)=C(\C#N)n2ccnc2)c(Cl)c1,BRD-K71058253-001-02-9,luliconazole,0.8833578,0.2222222222222222
COCCNCc1ccc(nc1)-c1cc2nccc(Oc3ccc(NC(=S)NC(=O)Cc4ccc(F)cc4)cc3F)c2s1,BRD-K00003288-003-01-9,glesatinib,0.8610608,0.2210526315789474
CCNC(=O)NS(=O)(=O)c1sc(CC(C)C)cc1-c1ccc(Cn2c(C=O)c(OC)nc2-c2ccccc2)cc1,BRD-K36154108-001-02-9,AVE-0991,0.8220727,0.21100917431192656
CCC[C@H](NC(=O)C(=C\c1cccc(Br)n1)\C#N)c1ccccc1,BRD-K43644456-001-04-0,WP1130,0.8546852,0.23529411764705888
CC\C(=C(\CC)c1ccc(OP(O)(O)=O)cc1)c1ccc(OP(O)(O)=O)cc1,BRD-K20801936-001-01-9,fosfestrol,0.99727076,0.23636363636363633
CC1(C)O[C@H]2CC(=O)OC[C@@]22[C@H]1CC(=O)[C@]1(C)[C@@H]2CC[C@@]2(C)[C@@H](OC(=O)[C@H]3O[C@@]123)c1ccoc1,BRD-K05906022-001-07-9,limonin,0.8916632,0.15625
Clc1ccccc1[C@H]1CS\C(S1)=C(\C#N)n1ccnc1,BRD-A54275602-001-01-0,lanoconazole,0.80311376,0.18181818181818177
COCCn1c(C)[n+](Cc2cnccn2)c2c1C(=O)c1ccccc1C2=O,BRD-K76703230-004-09-9,YM-155,0.92237484,0.2909090909090909
C[C@H](NC(=O)C(=C\c1cccc(Br)n1)\C#N)c1ccccc1,BRD-K05445342-001-06-9,WP1066,0.86508405,0.2195121951219512
Cn1cccc1\C=C1/C(=O)NC(=O)c2ccccc12,BRD-K61665160-001-03-9,BYK-204165,0.8478297,0.19999999999999996
Cc1cc(\C=C2/SC(=O)N(C2=O)c2ccccc2)c(C)n1-c1cccnc1,BRD-K18634484-001-02-9,iCRT-14,0.8279362,0.22619047619047616
C[C@H](CS(C)(=O)=O)n1ccc2c(c(ccc12)C#N)C(F)(F)F,BRD-K97656802-001-02-9,GSK2881078,0.85860646,0.1444444444444445
CCCS(=O)(=O)Nc1ccc(F)c(C(=O)c2c[nH]c3ncc(cc23)-c2ccc(Cl)cc2)c1F,BRD-K56343971-001-12-2,vemurafenib,0.9779369,0.19780219780219777
COc1cnc(-n2cnc(C)n2)c2n(COP(O)(O)=O)cc(C(=O)C(=O)N3CCN(CC3)C(=O)c3ccccc3)c12,BRD-K00003191-001-01-9,fostemsavir,0.9998129,0.2038834951456311
CS(=O)(=O)c1ccc(nc1)-c1nnc(\C=C\c2nnc(o2)-c2ccc(cc2)C#N)n1-c1ccccc1Cl,BRD-K12198961-001-01-8,G007-LK,0.95527565,0.17525773195876293
Nc1ncnc2n([C@@H]3O[C@@H]4CO[P@](O)(=O)O[C@H]4[C@H]3O)c(Br)nc12,BRD-A09554849-236-08-9,8-bromo-cAMP,0.86671877,0.12371134020618557
COc1ccccc1[C@H](Cn1c2sc(c(C)c2c(=O)n(c1=O)C(C)(C)C(O)=O)-c1ncco1)OC1CCOCC1,BRD-K00003236-001-01-9,firsocostat,0.9723474,0.18644067796610164
CC(=O)O[C@@H]1C[C@H]2C(C)(C)C(=O)C=C[C@]2(C)[C@H]2CC[C@@]3(C)[C@@H](OC(=O)[C@H]4O[C@@]34[C@]12C)c1ccoc1,BRD-K02703275-001-07-5,gedunin,0.92132676,0.18181818181818177
COc1c(C)c2COC(=O)c2c(O)c1C\C=C(/C)CCC(=O)OCCN1CCOCC1,BRD-K92428153-001-08-9,mycophenolate-mofetil,0.95180684,0.20833333333333337
CCOC(=O)c1ncn-2c1CN(C)C(=O)c1cc(ccc-21)N=[N+]=[N-],BRD-K82823076-001-03-9,Ro-15-4513,1.0,0.21111111111111114
CC1(C)SCCN([C@H]1C(=O)NO)S(=O)(=O)c1ccc(OCC#CCO)cc1,BRD-K06883221-001-02-9,apratastat,0.8859149,0.18999999999999995
CSCCNc1nc(SCCC(F)(F)F)nc2n(cnc12)[C@@H]1O[C@H](COP(O)(=O)OP(O)(=O)C(Cl)(Cl)P(O)(O)=O)[C@@H](O)[C@H]1O,BRD-K00004669-001-01-9,cangrelor,0.9894902,0.13913043478260867
Cc1cccn2c1nc(Oc1ccc(F)cc1)c(\C=C(/C#N)c1nc3ccccc3s1)c2=O,BRD-K68474505-001-02-7,CCG-63808,0.9476225,0.17796610169491522
Cn1nc(N)c2cn([C@@H]3O[C@H](COP(O)(O)=O)[C@@H](O)[C@H]3O)c3ncnc1c23,BRD-K00004666-001-01-9,triciribine-phosphate,0.88509977,0.1504424778761062
Nc1nccc(Oc2ccc(NC(=O)c3cn(COP(O)(O)=O)cc(-c4ccc(F)cc4)c3=O)cc2F)c1Cl,BRD-K81026553-234-01-8,BMS-817378,0.9998287,0.23076923076923073
C\C(\C=C\C=C(/C)C(O)=O)=C/C=C/C=C(\C)/C=C/C=C(\C)C(O)=O,BRD-K00003217-304-01-9,transcrocetinate,0.8744604,0.1568627450980392
CN(Cc1cc(ccc1-c1ccccc1S(=O)(=O)Nc1noc(C)c1C)-c1ncco1)C(=O)CC(C)(C)C,BRD-K00004634-001-01-9,BMS-207940,0.94288224,0.19587628865979378
CCOc1c2CN(C(=O)c2c(OCC)c2ccccc12)c1ccc(CC(=O)NS(=O)(=O)c2ccccc2)cc1,BRD-K50005760-001-02-9,GW-627368,0.83941615,0.22972972972972971
CCOC(=O)O[C@@H](C)OC1=C(N(C)S(=O)(=O)c2ccccc12)C(=O)Nc1ccccn1,BRD-A39172021-001-14-5,ampiroxicam,0.84314454,0.19999999999999996
CCc1ccc(\C=C\C(=O)Nc2ccc(cc2)C(C)=O)o1,BRD-K49788188-001-02-9,heclin,0.8629349,0.2753623188405797
Nc1ncnc2n(cnc12)[C@@H]1O[C@H](COP(O)(=O)OP(O)(=O)OP(O)(O)=O)[C@@H](O)[C@H]1O,BRD-K00003709-001-01-9,adenosine-triphosphate,0.8497081,0.12
CC(O)(CS(=O)(=O)c1ccc(F)cc1)C(=O)Nc1ccc(C#N)c(c1)C(F)(F)F,BRD-A29485665-001-11-0,bicalutamide,0.8804971,0.2191780821917808
CC(C)(C#N)c1ccc(cc1)N1C(=O)OCc2cnc3ccc(cc3c12)-c1cnc2ccccc2c1,BRD-K24556407-001-01-5,ETP-46464,0.9924269,0.2129629629629629
[O-][N+](=O)c1cccc(c1)S(=O)(=O)n1cccc1\C=C(/C#N)S(=O)(=O)c1ccc(F)cc1,BRD-K00256256-001-06-1,AMZ30,0.98118556,0.2295081967213115
Cc1cc(C)c(N(Cc2ccccc2)S(=O)(=O)c2ccc(OCCNC(=O)c3cc4ccccc4o3)cc2)c(c1)C(=O)NO,BRD-K36198571-001-04-9,WAY-170523,0.9840833,0.2947368421052632
CCCCc1nn(-c2ccccc2C(F)(F)F)c(=O)n1Cc1ccc(cc1)-c1ccccc1S(=O)(=O)NC(=O)c1sccc1C,BRD-K39733634-001-04-9,L-161982,0.8634008,0.18867924528301883
CCS(=O)(=O)N(Cc1cccnc1)c1cccc(c1)-c1ccc(cc1)C#N,BRD-K34675210-003-02-9,CBiPES,0.8438376,0.2093023255813954
Cc1[nH]c(=O)c(cc1-c1ccc2nccn2c1)C#N,BRD-K20745393-003-01-0,olprinone,0.8338696,0.17821782178217827
Cc1cc(\C=C\C#N)cc(C)c1Nc1ccnc(Nc2ccc(cc2)C#N)n1,BRD-K06240250-001-02-9,rilpivirine,0.9050776,0.15662650602409633
CCN(CCCOc1ccc2c(Nc3cc(CC(=O)Nc4cccc(F)c4)n[nH]3)ncnc2c1)CCOP(O)(O)=O,BRD-K31928526-001-02-1,barasertib,0.9983344,0.2857142857142857
CCOP(=O)(Cc1ccc(cc1)C(=O)Nc1ccc(Br)cc1C#N)OCC,BRD-K62490786-001-01-1,ibrolipim,0.8868472,0.28787878787878785
Cc1cccc(Oc2nc3c(C)cccn3c(=O)c2\C=C(/C#N)c2nc3ccccc3s2)c1,BRD-K26970495-001-02-7,CCG-63802,0.93365175,0.1869158878504673
Cc1c(C)c2O[C@@](C)(COc3ccc(C[C@H]4SC(=O)NC4=O)cc3)CCc2c(C)c1O,BRD-A13084692-001-17-3,troglitazone,0.8865331,0.2158273381294964
O[C@@H]1[C@@H](COP(O)(=O)OP(O)(=O)OP(O)(=O)OP(O)(=O)OC[C@H]2O[C@H]([C@H](O)[C@@H]2O)n2ccc(=O)[nH]c2=O)O[C@H]([C@@H]1O)n1ccc(=O)[nH]c1=O,BRD-K00003514-342-01-9,diquafosol,0.991443,0.14130434782608692
Nc1ncnc2n(cnc12)[C@H]1O[C@H]2CO[P@](O)(=O)O[C@@H]2[C@@H]1O,BRD-A41840684-001-01-8,cyclic-AMP,0.8142651,0.13978494623655913
CC1(C)SCCN([C@H]1C(=O)NO)S(=O)(=O)c1ccc(Oc2ccncc2)cc1,BRD-K00003122-001-01-9,prinomastat,0.9598435,0.1875
CNc1ccc(cn1)-c1nc(N2CCOCC2)c2sc(CN(C)c3ncc(cn3)C(=O)NO)cc2n1,BRD-K00003291-001-01-9,BEBT-908,0.8392321,0.17592592592592593
CC(C)CN(C[C@@H](OP(O)(O)=O)[C@H](Cc1ccccc1)NC(=O)O[C@H]1CCOC1)S(=O)(=O)c1ccc(N)cc1,BRD-K59110290-238-02-9,fosamprenavir,0.9739092,0.16666666666666663
CC(C)(COP(O)(=O)OP(O)(=O)OC[C@H]1O[C@H]([C@H](O)[C@@H]1OP(O)(O)=O)n1cnc2c(N)ncnc12)[C@@H](O)C(=O)NCCC(=O)NCCS,BRD-A67956599-002-01-3,coenzyme-A,0.9999999,0.15957446808510634
OC(=O)c1ccccc1OP(O)(O)=O,BRD-K28687144-001-08-7,fosfosal,0.8202928,0.2564102564102564
CC(=O)Nc1ccc(cc1)C(=O)Nc1cc(ccc1N)-c1cccs1,BRD-K04466929-001-12-9,,0.80864066,0.24242424242424243
C[C@H]1C[C@H]2[C@@H]3CCC4=CC(=O)C=C[C@]4(C)[C@@]3(F)[C@@H](O)C[C@]2(C)[C@@]1(O)C(=O)COP(O)(O)=O,BRD-K00005349-304-01-9,betamethasone-phosphate,0.9955494,0.16346153846153844
[H][C@@]12CC[C@](O)(C(=O)COP(O)(O)=O)[C@@]1(C)C[C@H](O)[C@@]1([H])[C@@]2([H])CCC2=CC(=O)C=C[C@]12C,BRD-K00003654-304-01-9,prednisolone-sodium-phosphate,0.9603127,0.1568627450980392
Cc1oc(nc1CCC(=O)c1ccc(CC2SC(=O)NC2=O)cc1)-c1ccccc1,BRD-K82908348-001-01-9,darglitazone,0.98014414,0.20454545454545459
COc1cc(OC)c(\C=C\S(=O)(=O)Cc2ccc(OC)c(OP(O)(O)=O)c2)c(OC)c1,BRD-K05531427-001-01-7,briciclib,0.9980278,0.24242424242424243
Cn1c2cc(ccc2oc1=O)-c1ccc(C[C@H](NC(=O)[C@@H]2CNCCCO2)C#N)cc1,BRD-K00003398-001-01-9,AZD7986,0.8445059,0.1709401709401709
COc1cc(Nc2ncc(F)c(Nc3ccc4OC(C)(C)C(=O)N(COP(O)(O)=O)c4n3)n2)cc(OC)c1OC,BRD-K85178109-304-04-9,fostamatinib,0.980642,0.21153846153846156
CONC(=O)Nc1ccc(cc1)-c1sc2n(Cc3c(F)cccc3F)c(=O)n(-c3ccccc3)c(=O)c2c1CN(C)Cc1ccccc1,BRD-K00004582-001-01-9,sufugolix,0.9330033,0.23300970873786409
COP(=O)(OC)O[C@@H](c1ccc(Cl)cc1)P(=O)(OC)OC,BRD-K00004244-001-01-9,mifobate,0.98325384,0.2068965517241379
O=C1N=C(NCc2cccs2)S\C1=C/c1ccc2ncccc2c1,BRD-K78373679-001-04-9,Ro-3306,0.8658835,0.23863636363636365
C[C@H](CNC(=O)CC[C@]1(C)[C@@H](CC(N)=O)[C@H]2N=C1\C(C)=C1/N=C(/C=C3\N=C(\C(\C)=C4\[C@@H](CCC(N)=O)[C@](C)(CC(N)=O)[C@@]2(C)N4[Co+]C#N)[C@@](C)(CC(N)=O)[C@@H]3CCC(N)=O)C(C)(C)[C@@H]1CCC(N)=O)O[P@@](O)(=O)O[C@@H]1[C@@H](CO)O[C@@H]([C@@H]1O)n1cnc2cc(C)c(C)cc12,BRD-A18627414-001-06-4,cyanocobalamin,0.9993574,0.1428571428571429
C[C@H](CNC(=O)CC[C@]1(C)[C@@H](CC(N)=O)[C@H]2N=C1\C(C)=C1/N=C(/C=C3\N=C(\C(\C)=C4\[C@@H](CCC(N)=O)[C@](C)(CC(N)=O)[C@@]2(C)N4[Co+]C#N)[C@@](C)(CC(N)=O)[C@@H]3CCC(N)=O)C(C)(C)[C@@H]1CCC(N)=O)OP(O)(=O)O[C@@H]1[C@@H](CO)O[C@@H]([C@@H]1O)n1cnc2cc(C)c(C)cc12,BRD-K00003629-001-01-9,vitamin-B12,0.9993246,0.1428571428571429
O[C@H]1[C@@H](COP(O)(O)=O)O[C@@H]([C@@H]1O)n1cnc2c1[nH]cnc2=O,BRD-A67531813-001-01-6,polyinosine,0.8728386,0.14893617021276595
Cc1cc2nc3c(nc(=O)[nH]c3=O)n(C[C@H](O)[C@H](O)[C@H](O)COP(O)(O)=O)c2cc1C,BRD-K09229706-236-02-6,riboflavin-5-phosphate-sodium,0.9492183,0.1649484536082474
C[C@@]12C[C@H](O)[C@H]3[C@@H](CCC4=CC(=O)CC[C@@]34C)[C@@H]1CC[C@]2(O)C(=O)COP(O)(O)=O,BRD-K01824977-369-02-9,hydrocortisone-phosphate,0.9265505,0.15841584158415845
Cc1ncc(COP(O)(O)=O)c(C=O)c1O,BRD-K50712474-002-02-5,MC-1,0.9865123,0.18309859154929575
Cc1ccc(NS(=O)(=O)c2cccc(c2)C#N)c2[nH]cc(C#N)c12,BRD-K00003172-001-01-9,E7820,0.9017955,0.1558441558441559
COP(=O)(OC)OC=C(Cl)Cl,BRD-K23779958-001-08-9,dichlorvos,0.9013198,0.13043478260869568
CC(C)(C)CC(=O)Nc1c(F)cc(cc1F)C(=O)\N=c1/sccn1COP(O)(O)=O,BRD-K83970940-001-02-9,Lu-AA-47070,0.9878907,0.20779220779220775
O[C@H]1[C@@H](COP(O)(=O)OP(O)(=O)OP(O)(O)=O)O[C@H]([C@@H]1O)n1ccc(=O)[nH]c1=O,BRD-A29125379-314-01-7,INS316,0.9599441,0.14018691588785048
O[C@@H]1[C@@H](COP(O)(=O)OP(O)(=O)OP(O)(O)=O)O[C@H]([C@@H]1O)n1ccc(=O)[nH]c1=O,BRD-K01825013-385-04-9,uridine-5'-triphosphate,0.95991147,0.14018691588785048
Cc1nc(COP(O)(O)=O)cc2CN(CC(O)=O)CCN(CC(O)=O)Cc3cc(COP(O)(O)=O)nc(C)c3O[Mn]Oc12,BRD-K57365211-314-03-9,mangafodipir,0.9582809,0.19780219780219777
Cc1oc(nc1CCOc1ccc(C[C@@H]2SC(=O)NC2=O)c2sccc12)-c1ccccc1,BRD-K00004306-001-01-9,edaglitazone,0.9878684,0.21276595744680848
CCCC(=O)Nc1ncnc2n(cnc12)[C@@H]1O[C@@H]2CO[P@](O)(=O)O[C@H]2[C@H]1OC(=O)CCC,BRD-A94624445-236-19-9,bucladesine,0.95943415,0.18604651162790697
O[C@H](COP(O)(O)=O)[C@@H](O)[C@H](O)[C@@H](O)C=O,BRD-K67760597-240-01-5,barium-6-O-phosphonato-D-glucose,0.9365657,0.12328767123287676
C\C(N(Cc1cnc(C)nc1N)C=O)=C(/CCOP(O)(O)=O)SC(=O)c1ccccc1,BRD-K05319475-001-06-9,benfotiamine,0.9974297,0.20731707317073167
