smiles,pert_iname,broad_id,activity,nearest_neighbor_similarity
CCOC(=O)c1ncn-2c1CN(C)C(=O)c1cc(ccc-21)N=[N+]=[N-],Ro-15-4513,BRD-K82823076-001-02-6,1.0,0.21111111111111114
CC(C)C(=O)OC[C@]1(O[C@H]([C@H](OC(=O)C(C)C)[C@@H]1OC(=O)C(C)C)n1ccc(N)nc1=O)N=[N+]=[N-],balapiravir,BRD-K47976015-001-01-2,1.0,0.18181818181818177
Cc1cn([C@H]2C[C@H](N=[N+]=[N-])[C@@H](CO)O2)c(=O)[nH]c1=O,zidovudine,BRD-K72903603-001-24-4,1.0,0.15625
Nc1ccn([C@@H]2O[C@@](CO)(N=[N+]=[N-])[C@@H](O)[C@@H]2F)c(=O)n1.Cl,azvudine (hydrochloride),BRD-K00073083-003-02-9,0.9999999,0.16279069767441856
CC(C)(COP(O)(=O)OP(O)(=O)OC[C@H]1O[C@H]([C@H](O)[C@@H]1OP(O)(O)=O)n1cnc2c(N)ncnc12)[C@@H](O)C(=O)NCCC(=O)NCCS,coenzyme-A,BRD-A67956599-001-02-9,0.9999999,0.15957446808510634
Nc1ccn([C@@H]2O[C@@](CO)(N=[N+]=[N-])[C@@H](O)[C@@H]2O)c(=O)n1,Ro-9187,BRD-K57284066-001-01-6,0.99999964,0.15476190476190477
Nc1ccn([C@@H]2O[C@@](CO)(N=[N+]=[N-])[C@@H](O)[C@H]2O)c(=O)n1,R-1479,BRD-K28442028-001-01-3,0.99999964,0.15476190476190477
[H][C@]12[C@H](C)N(Cc3cccc4cccnc34)C(=O)[C@H](Cc3ccc(OP(O)(O)=O)cc3)N1C(=O)CN(C)N2C(=O)NCc1ccccc1,foscenvivint,BRD-K00091108-001-01-9,0.9999627,0.2407407407407407
CO\N=C(/C(=O)N[C@H]1[C@H]2SCC(COC(N)=O)=C(N2C1=O)C(O)=O)c1ccco1,cefuroxime,BRD-K02733959-236-05-1,0.9998986,0.37777777777777777
CO\N=C(/C(=O)N[C@H]1[C@H]2SCC(C[n+]3ccn4ncccc34)=C(N2C1=O)C(O)=O)c1nsc(N)n1,cefozopran,BRD-K46970505-003-01-9,0.99986666,0.32692307692307687
CCN1CCN(C(=O)N[C@@H](C(=O)N[C@H]2[C@H]3SCC(CSc4nnnn4C)=C(N3C2=O)C(O)=O)c2ccc(O)cc2)C(=O)C1=O,cefoperazone,BRD-K02292852-001-02-1,0.99986255,0.3173076923076923
CO[C@]1(NC(=O)C2SC(S2)=C(C(N)=O)C(O)=O)[C@H]2SCC(CSc3nnnn3C)=C(N2C1=O)C(O)=O,cefotetan,BRD-A78723049-001-01-2,0.9998418,0.21904761904761905
CO\N=C(/C(=O)N[C@H]1[C@H]2SCC(COC(N)=O)=C(N2C1=O)C(=O)O[C@@H](C)OC(C)=O)c1ccco1,cefuroxime-axetil,BRD-A22303829-001-01-6,0.999838,0.303921568627451
CO[C@]1(NC(=O)Cc2cccs2)[C@H]2SCC(COC(N)=O)=C(N2C1=O)C(O)=O,cefoxitin,BRD-K70976396-236-25-2,0.9998306,0.27368421052631575
Nc1nccc(Oc2ccc(NC(=O)c3cn(COP(O)(O)=O)cc(-c4ccc(F)cc4)c3=O)cc2F)c1Cl,BMS-817378,BRD-K81026553-234-01-8,0.9998287,0.23076923076923073
NC(=O)c1cc[n+](CC2=C(N3[C@H](SC2)[C@H](NC(=O)[C@@H](c2ccccc2)S(O)(=O)=O)C3=O)C(O)=O)cc1,cefsulodin,BRD-K03907181-236-04-3,0.9998174,0.3666666666666667
COc1cnc(-n2cnc(C)n2)c2n(COP(O)(O)=O)cc(C(=O)C(=O)N3CCN(CC3)C(=O)c3ccccc3)c12,fostemsavir,BRD-K00003191-001-01-9,0.9998129,0.2038834951456311
CO\N=C(\C(=O)N[C@H]1[C@H]2SCC(C[n+]3cccc4CCCc34)=C(N2C1=O)C(O)=O)c1csc(N)n1,cefpirome,BRD-K56542719-065-01-4,0.9998125,0.37254901960784315
[H][C@]12SCC(\C=C3/CCN([C@@H]4CCNC4)C3=O)=C(N1C(=O)[C@H]2NC(=O)C(=N/O)\c1nsc(N)n1)C(O)=O,ceftobiprole,BRD-K00003117-001-01-9,0.9997386,0.3047619047619048
[H][C@]1(CO)O[C@]([H])(n2cnc3cc(C)c(C)cc23)[C@]([H])(O)[C@]1([H])OP(O)(=O)O[C@H](C)CNC(=O)CC[C@@]1(C)\C2=C(C)\C3=N\C(=C\C4=N\C(=C(C)/C5=N[C@@](C)([C@@]([H])(N2[Co+]C)[C@]1([H])CC(N)=O)[C@@](C)(CC(N)=O)[C@]5([H])CCC(N)=O)\[C@@](C)(CC(N)=O)[C@]4([H])CCC(N)=O)\C(C)(C)[C@]3([H])CCC(N)=O,methylcobalamin,BRD-K00003534-001-01-9,0.999626,0.16143497757847536
[H][C@]12[C@@H](CCN1C(=O)c1coc(CC(=O)C[C@H](O)\C=C(/C)\C=C/CNC(=O)\C=C\[C@@H](C)[C@@H](OC2=O)C(C)C)n1)S(=O)(=O)CCN(CC)CC,dalfopristin,BRD-K00003321-001-01-9,0.9996042,0.19999999999999996
CO\N=C(/C(=O)N[C@H]1[C@H]2SCC(\C=C/c3scnc3C)=C(N2C1=O)C(=O)OCOC(=O)C(C)(C)C)c1csc(N)n1,cefditoren-pivoxil,BRD-K72167406-001-02-1,0.9995327,0.33644859813084116
CC\C=C(/C(=O)N[C@H]1[C@H]2SCC(COC(N)=O)=C(N2C1=O)C(=O)OCOC(=O)C(C)(C)C)c1csc(N)n1,cefcapene-pivoxil,BRD-K27515606-003-01-3,0.9995227,0.3465346534653465
CO\N=C(/C(=O)N[C@H]1[C@H]2SCC(Cn3ccc(=N)n3CCO)=C(N2C1=O)C(O)=O)c1csc(N)n1,cefoselis,BRD-K72339976-065-01-3,0.99947625,0.38
CCC(=O)O[C@H]1[C@H](C)O[C@H](C[C@@]1(C)OC(C)=O)O[C@@H]1[C@@H](C)O[C@@H](O[C@H]2[C@@H](CC=O)C[C@@H](C)[C@@H](OC(C)=O)\C=C\C=C\C[C@@H](C)OC(=O)C[C@@H](OC(=O)CC)[C@@H]2OC)[C@H](O)[C@H]1N(C)C,miocamycin,BRD-K30764557-001-01-5,0.9994648,0.2945736434108527
CO\N=C(/C(=O)N[C@H]1[C@H]2SCC(CSC(=O)c3ccco3)=C(N2C1=O)C(O)=O)c1csc(N)n1,ceftiofur,BRD-K82960980-003-01-9,0.99946165,0.3939393939393939
C[C@H](CNC(=O)CC[C@]1(C)[C@@H](CC(N)=O)[C@H]2N=C1\C(C)=C1/N=C(/C=C3\N=C(\C(\C)=C4\[C@@H](CCC(N)=O)[C@](C)(CC(N)=O)[C@@]2(C)N4[Co+]C#N)[C@@](C)(CC(N)=O)[C@@H]3CCC(N)=O)C(C)(C)[C@@H]1CCC(N)=O)O[P@@](O)(=O)O[C@@H]1[C@@H](CO)O[C@@H]([C@@H]1O)n1cnc2cc(C)c(C)cc12,cyanocobalamin,BRD-A18627414-001-04-9,0.9993574,0.1428571428571429
[H]O[Co+]N1\C2=C(C)/C3=N/C(=C/C4=N/C(=C(C)\C5=N[C@@](C)([C@@]1([H])[C@H](CC(N)=O)[C@@]2(C)CCC(=O)NC[C@@H](C)OP(O)(=O)O[C@@H]1[C@@H](CO)O[C@@H]([C@@H]1O)n1cnc2cc(C)c(C)cc12)[C@@](C)(CC(N)=O)[C@@H]5CCC(N)=O)/[C@@](C)(CC(N)=O)[C@@H]4CCC(N)=O)/C(C)(C)[C@@H]3CCC(N)=O,hydroxocobalamin,BRD-K00003525-003-01-9,0.9993571,0.1607142857142857
COc1cc(cc(OC)c1OP(O)(O)=O)[C@H]1[C@@H]2[C@H](COC2=O)[C@H](O[C@@H]2O[C@@H]3CO[C@@H](C)O[C@H]3[C@H](O)[C@H]2O)c2cc3OCOc3cc12,etoposide-phosphate,BRD-K72533376-001-01-2,0.99933624,0.2315789473684211
C[C@H](CNC(=O)CC[C@]1(C)[C@@H](CC(N)=O)[C@H]2N=C1\C(C)=C1/N=C(/C=C3\N=C(\C(\C)=C4\[C@@H](CCC(N)=O)[C@](C)(CC(N)=O)[C@@]2(C)N4[Co+]C#N)[C@@](C)(CC(N)=O)[C@@H]3CCC(N)=O)C(C)(C)[C@@H]1CCC(N)=O)OP(O)(=O)O[C@@H]1[C@@H](CO)O[C@@H]([C@@H]1O)n1cnc2cc(C)c(C)cc12,vitamin-B12,BRD-K00003629-001-01-9,0.9993246,0.1428571428571429
C[C@@H](O)[C@@H]1[C@H]2[C@@H](C)C(S[C@@H]3CN[C@H](CNS(N)(=O)=O)C3)=C(N2C1=O)C(O)=O,doripenem,BRD-K45319714-002-01-9,0.99924815,0.18999999999999995
Cn1nnnc1SCC1=C(N2[C@H](SC1)[C@H](NC(=O)[C@H](OC=O)c1ccccc1)C2=O)C(O)=O,cefamandole-nafate,BRD-K17903788-236-01-9,0.99917567,0.3846153846153846
Cc1cc(=O)c(c[nH]1)C(=O)N[C@@H](C(=O)N[C@H]1[C@H]2SCC(CSc3nnnn3C)=C(N2C1=O)C(O)=O)c1ccc(O)cc1,cefpiramide,BRD-K92872987-001-01-1,0.9990452,0.33009708737864074
C[C@@H](O)[C@@H]1[C@H]2[C@@H](C)C(S[C@@H]3CN[C@@H](C3)C(=O)N(C)C)=C(N2C1=O)C(O)=O,meropenem,BRD-K01612348-001-11-4,0.99894065,0.17708333333333337
Nc1nc(cs1)C(=C\CC(O)=O)\C(=O)N[C@H]1[C@H]2SCC=C(N2C1=O)C(O)=O,ceftibuten,BRD-K11124378-001-04-6,0.99880016,0.367816091954023
Cn1nnc(n1)-c1ccc(cn1)-c1ccc(cc1F)N1C[C@H](COP(O)(O)=O)OC1=O,tedizolid-phosphate,BRD-K89121095-001-01-7,0.99874103,0.19999999999999996
CO[C@@H]1\C=C\C=C(/C)\Cc2cc(OC)c(Cl)c(c2)N(C)C(=O)C[C@H](OC(=O)[C@H](C)N(C)C(=O)CCC(C)(C)S)[C@]3(C)O[C@H]3[C@H](C)[C@@H]4C[C@@]1(O)NC(=O)O4,dm4,BRD-K00090635-001-01-9,0.9987116,0.18110236220472442
FC(F)(F)[C@]1(OP(O)(O)=O)C[C@]2([H])[C@](C3=CC=C(C(NC(C=CC=N4)=C4C)=O)C=C3CC2)(CC1)CC5=CC=CC=C5,fosdagrocorat,BRD-K00091282-001-01-9,0.99854815,0.21978021978021978
[O-][N+](=O)c1ccc(\C=C\C=N\N2CC(=O)NC2=O)o1,furagin,BRD-K00003314-001-01-9,0.9983562,0.24137931034482762
CCN(CCCOc1ccc2c(Nc3cc(CC(=O)Nc4cccc(F)c4)n[nH]3)ncnc2c1)CCOP(O)(O)=O,barasertib,BRD-K31928526-001-02-1,0.9983344,0.2857142857142857
CC[C@H]1OC(=O)C[C@@H](OC(C)=O)[C@H](C)[C@@H](O[C@@H]2O[C@H](C)[C@@H](O[C@H]3C[C@@](C)(O)[C@@H](OC(=O)CC(C)C)[C@H](C)O3)[C@@H]([C@H]2O)N(C)C)[C@@H](CC=O)C[C@@H](C)C(=O)\C=C\C(C)=C\[C@@H]1CO[C@@H]4O[C@H](C)[C@@H](O)[C@@H](OC)[C@H]4OC,tylvalosin,BRD-K00079560-001-02-9,0.99831593,0.2847222222222222
[H][C@@]1(C[C@@](C)(O)[C@@H](OC(=O)CC(C)C)[C@H](C)O1)O[C@@H]1[C@@H](C)O[C@@]([H])(O[C@H]2[C@@H](CC=O)C[C@@H](C)[C@@H](O)\C=C\C=C\C[C@@H](C)OC(=O)C[C@@]([H])(OC(C)=O)[C@@H]2OC)[C@H](O)[C@H]1N(C)C,josamycin,BRD-K00003705-001-01-9,0.99829865,0.28787878787878785
[H][C@@]12C[C@@](O)(NC(=O)O1)[C@]([H])(OC)\C=C\C=C(C)\Cc1cc(OC)c(Cl)c(c1)N(C)C(=O)C[C@]([H])(OC(=O)[C@H](C)N(C)C(=O)CCS)[C@]1(C)O[C@H]1[C@@H]2C,mertansine,BRD-K00003293-001-01-9,0.99823225,0.17964071856287422
CCC(=O)O[C@H]1[C@H](C)O[C@H](C[C@@]1(C)O)O[C@@H]1[C@@H](C)O[C@@H](O[C@H]2[C@@H](CC=O)C[C@@H](C)[C@@H](O)\C=C\C=C\C[C@@H](C)OC(=O)C[C@@H](OC(=O)CC)[C@@H]2OC)[C@H](O)[C@H]1N(C)C,midecamycin,BRD-K68822425-001-01-6,0.99821484,0.31200000000000006
CCOC(=O)N1CCN(CC1)C(=O)[C@H](Cc1cccc(c1)C(=N)NO)NS(=O)(=O)c1c(cc(cc1C(C)C)C(C)C)C(C)C,upamostat,BRD-K00003218-001-01-9,0.9982092,0.2093023255813954
C[C@@H](O)[C@H]1[C@H]2[C@@H](C)C(S[C@@H]3CN[C@@H](C3)C(=O)Nc3cccc(c3)C(O)=O)=C(N2C1=O)C(O)=O,ertapenem,BRD-A40472231-304-01-7,0.9980648,0.24675324675324672
COc1cc(OC)c(\C=C\S(=O)(=O)Cc2ccc(OC)c(OP(O)(O)=O)c2)c(OC)c1,briciclib,BRD-K05531427-001-01-7,0.9980278,0.24242424242424243
CCC[C@@H](NC(=O)N1[C@@H](Oc2ccc(cc2)C(=O)N2CCN(C)CC2)C(CC)(CC)C1=O)c1ccc2OCOc2c1,DMP-777,BRD-K54936858-001-01-6,0.99801743,0.2282608695652174
Clc1cc(Cl)cc(COC(=O)N2CCN(CCC(=O)c3ccc4[nH]c(=O)oc4c3)CC2)c1,PF-8380,BRD-K50865540-001-01-5,0.9979612,0.22784810126582278
CC[C@@H]1\C=C(C)\C[C@H](C)C[C@H](OC)[C@H]2O[C@](O)([C@H](C)C[C@@H]2OC)C(=O)C(=O)N2CCCC[C@H]2C(=O)O[C@@H]([C@H](C)[C@@H](O)CC1=O)C(\C)=C\[C@@H]1CC[C@H](Cl)[C@@H](C1)OC,pimecrolimus,BRD-K92107055-001-01-9,0.9979507,0.17647058823529416
CO\N=C(/C(=O)N[C@H]1[C@H]2SCC(C)=C(N2C1=O)C(=O)OCOC(=O)C(C)(C)C)c1csc(N)n1,cefetamet-pivoxil,BRD-K21372554-001-01-1,0.99786127,0.3789473684210526
CO[C@]1(NC(=O)CSC[C@@H](N)C(O)=O)[C@H]2SCC(CSc3nnnn3C)=C(N2C1=O)C(O)=O,cefminox,BRD-K77073709-435-01-2,0.9978452,0.2222222222222222
O[C@@H](C(=O)N[C@H]1[C@H]2SCC(CSc3nnnn3CS(O)(=O)=O)=C(N2C1=O)C(O)=O)c1ccccc1,cefonicid,BRD-K34058848-304-01-5,0.9978366,0.37362637362637363
C[C@@H](O)[C@@H]1[C@H]2CC(SCCNC=N)=C(N2C1=O)C(O)=O,imipenem,BRD-K23200955-002-01-5,0.9977754,0.2530120481927711
NC(=O)OC[C@@H]1[C@H](NC(=O)C(=N/OCC(O)=O)\c2csc(N)n2)C(=O)N1S(O)(=O)=O,carumonam,BRD-K71026158-304-01-0,0.9975858,0.24489795918367352
C\C(N(Cc1cnc(C)nc1N)C=O)=C(/CCOP(O)(O)=O)SC(=O)c1ccccc1,benfotiamine,BRD-K05319475-001-04-2,0.99742985,0.20731707317073167
CC\C(=C(\CC)c1ccc(OP(O)(O)=O)cc1)c1ccc(OP(O)(O)=O)cc1,fosfestrol,BRD-K20801936-001-01-9,0.99727076,0.23636363636363633
CO\N=C(/C(=O)N[C@H]1[C@H]2SCC=C(N2C1=O)C(O)=O)c1csc(N)n1,ceftizoxim,BRD-K04301924-236-01-6,0.99717903,0.367816091954023
C[C@]12CC[C@H]3[C@@H](CCc4cc(OC(=O)N(CCCl)CCCl)ccc34)[C@@H]1CC[C@@H]2OP(O)(O)=O,estramustine-phosphate,BRD-K00077635-304-01-2,0.9971426,0.19387755102040816
CCC[C@@H]1C[C@H](N(C)C1)C(=O)N[C@H]([C@H](C)Cl)[C@H]1O[C@H](SC)[C@H](OP(O)(O)=O)[C@@H](O)[C@H]1O,clindamycin-phosphate,BRD-K27771035-001-02-5,0.996964,0.15555555555555556
COCC1=C(N2[C@H](SC1)[C@H](NC(=O)C(=N/OC)\c1csc(N)n1)C2=O)C(=O)O[C@@H](C)OC(=O)OC(C)C,cefpodoxime,BRD-A34205213-001-03-9,0.996877,0.35
CO[C@]1(NC(=O)CSCC#N)[C@H]2SCC(CSc3nnnn3C)=C(N2C1=O)C(O)=O,cefmetazole,BRD-K48470486-236-10-8,0.9965165,0.22549019607843135
CC(C)(C)S(C(C(OCCOP(O)(O)=O)=CC1=NC=N2)=CC1=C2NC3=CC(N=CS4)=C4C=C3)(=O)=O,gsk2983559 (free acid),BRD-K00091265-001-01-9,0.9963104,0.19354838709677424
CC[C@@]1(O)C(=O)OCc2c1cc1-c3nc4cc(F)c(C)c5CC[C@H](N)c(c3Cn1c2=O)c45,exatecan-mesylate,BRD-K92150287-066-01-2,0.9962322,0.1651376146788991
CC[C@H]1OC(=O)C[C@@H](O)[C@@H](C)[C@@H](O[C@H]2O[C@@H](C)C[C@@H]([C@@H]2O)N(C)C)[C@@H](CC=O)C[C@@H](C)C(=O)\C=C\[C@@]2(C)O[C@@H]2[C@@H]1C,"3-ethyl-7-hydroxy-2,8,12,16-tetramethyl-5,13-dioxo-10-(2-oxoethyl)-4,17-dioxabicyclo[14.1.0]heptadec-14-en-9-yl 3,4,6-trideoxy-3-(dimethylamino)hexopyranoside",BRD-A38799180-001-01-0,0.9960408,0.3486238532110092
[O-][N+](=O)c1ccc(\C=N\N2CC(=O)NC2=O)o1,nitrofurantoin,BRD-K76927775-001-10-0,0.99589664,0.2592592592592593
C[C@H](CNC(=O)CC[C@]1(C)[C@@H](CC(N)=O)[C@H]2[N+]3=C1C(C)=C1[C@@H](CCC(N)=O)C(C)(C)C4=[N+]1[Co]31(C#N)N3C([C@@H](CCC(N)=O)[C@](C)(CC(N)=O)[C@]23C)=C(C)C2=[N+]1C(=C4)[C@@H](CCC(N)=O)[C@]2(C)CC(N)=O)OP(O)(=O)O[C@@H]1[C@@H](CO)O[C@@H]([C@@H]1O)n1cnc2cc(C)c(C)cc12,vitamin-b12,BRD-A75369945-001-01-2,0.9957945,0.15720524017467252
CC[C@H]1OC(=O)C[C@@H](O)[C@H](C)[C@@H](O[C@@H]2O[C@H](C)C[C@@H]([C@H]2O)N(C)C)[C@@H](CC=O)C[C@@H](C)C(=O)\C=C\[C@]2(C)O[C@H]2[C@@H]1C,rosamicin,BRD-K00004538-001-01-9,0.9956896,0.3486238532110092
C[C@H]1C[C@H]2[C@@H]3CCC4=CC(=O)C=C[C@]4(C)[C@@]3(F)[C@@H](O)C[C@]2(C)[C@@]1(O)C(=O)COP(O)(O)=O,betamethasone-phosphate,BRD-K00005349-304-01-9,0.9955494,0.16346153846153844
CC[C@@]1(O)C(=O)OCc2c1cc1-c3nc4ccccc4c(\C=N\OCCN)c3Cn1c2=O,namitecan,BRD-K00078128-001-02-9,0.99532336,0.16981132075471694
CO\N=C(/C(=O)N[C@H]1[C@H]2SCC(CSc3nc(=O)c(O)nn3C)=C(N2C1=O)C(O)=O)c1csc(N)n1,ceftriaxone,BRD-K96734425-304-01-7,0.99529535,0.3979591836734694
[H][C@@]1(C[C@@](C)(O)[C@@H](O)[C@H](C)O1)O[C@@H]1[C@@H](C)O[C@@]([H])(O[C@H]2[C@@H](CC=O)C[C@@H](C)[C@@H](O[C@@]3([H])CC[C@@H]([C@@H](C)O3)N(C)C)\C=C\C=C\C[C@@H](C)OC(=O)C[C@@]([H])(OC(C)=O)[C@@H]2OC)[C@H](O)[C@H]1N(C)C,acetylspiramycin,BRD-K00004968-001-01-9,0.9951755,0.3076923076923077
[O-][N+](=O)c1ccc(\C=N\N2C[C@@H](CN3CCOCC3)OC2=O)o1,furaltadone,BRD-K01824979-001-02-9,0.9950302,0.25396825396825395
CC[C@@]1(O)C(=O)OCc2c1cc1-c3nc4ccc(O)c(CN(C)C)c4cc3Cn1c2=O,topotecan,BRD-K55696337-003-20-2,0.9949504,0.16249999999999998
CCC(=O)O[C@]1(CC)C(=O)OCc2c1cc1-c3nc4ccccc4cc3Cn1c2=O,camptothecin-20(s)-o-propionate,BRD-K00091076-001-01-9,0.9948516,0.18181818181818177
CCC[C@@]1(CCc2ccccc2)CC(=O)[C@@H]([C@H](CC)c2cccc(NS(=O)(=O)c3ccc(cn3)C(F)(F)F)c2)C(=O)O1,tipranavir,BRD-A10039652-001-01-2,0.99453485,0.17204301075268813
C[C@@H]1CC2C3CCC4=CC(=O)C=C[C@]4(C)[C@@]3(F)[C@@H](O)C[C@]2(C)[C@@]1(O)C(=O)COP(O)(O)=O,dexamethasone sodium phosphate,BRD-A83802939-304-04-2,0.99444133,0.16346153846153844
CC[C@H]1OC(=O)C[C@@H](O)[C@H](C)[C@@H](O[C@@H]2O[C@H](C)[C@@H](O[C@H]3C[C@@](C)(O)[C@@H](O)[C@H](C)O3)[C@@H]([C@H]2O)N(C)C)[C@@H](CC=O)C[C@@H](C)C(=O)\C=C\C(\C)=C\[C@@H]1CO[C@@H]1O[C@H](C)[C@@H](O)[C@@H](OC)[C@H]1OC,tylosin,BRD-K37753391-001-05-9,0.9944294,0.3076923076923077
[O-][N+](=O)c1ccc(\C=N\N2CC(CN3CCOCC3)OC2=O)o1,furaltadone hcl,BRD-A67514145-003-05-8,0.9944258,0.25396825396825395
C[C@H]1CC2C3CCC4=CC(=O)C=C[C@]4(C)[C@@]3(F)[C@@H](O)C[C@]2(C)[C@@]1(O)C(=O)COP(O)(O)=O,betamethasone sodium phosphate,BRD-A79380603-304-02-4,0.99440277,0.16346153846153844
[O-][N+](=O)c1ccc(\C=N\N2CCOC2=O)o1,furazolidone,BRD-K11756522-001-09-9,0.99432003,0.2592592592592593
COCCNc1cc(NC(=O)N2CCCc3cc(CN4CCN(C)CC4=O)c(C=O)nc23)ncc1C#N,roblitinib,BRD-K00003424-001-01-9,0.99399966,0.18803418803418803
CN(C)[C@H]1[C@@H]2C[C@@H]3CC4=C(C=CC(=C4C(=C3C(=O)[C@@]2(C(=C(C1=O)C(=O)N)O)O)O)O)CN(C)OC,sarecycline,BRD-K00089571-003-01-9,0.9939497,0.39534883720930236
CC1(C)CCC(=C(CN2CCN(CC2)c2ccc(cc2)C(=O)NS(=O)(=O)c2ccc(N[C@H](CCN3CCOCC3)CSc3ccccc3)c(c2)S(=O)(=O)C(F)(F)F)C1)c1ccc(Cl)cc1,navitoclax,BRD-K82746043-001-15-1,0.993919,0.18045112781954886
NC(=O)c1ccc[n+](c1)[C@@H]1O[C@H](COP(O)(=O)OP(O)(=O)OC[C@H]2O[C@H]([C@H](O)[C@@H]2O)n2cnc3c(N)ncnc23)[C@@H](O)[C@H]1O,nadide,BRD-K01824972-001-04-9,0.99288785,0.15463917525773196
C[C@@H](O)[C@@H]1[C@H]2SC(S[C@H]3CC[S@@](=O)C3)=C(N2C1=O)C(O)=O,sulopenem,BRD-K00004713-001-01-9,0.9928813,0.22352941176470587
CC(C)(C#N)c1ccc(cc1)N1C(=O)OCc2cnc3ccc(cc3c12)-c1cnc2ccccc2c1,ETP-46464,BRD-K24556407-001-01-5,0.9924269,0.2129629629629629
C[C@H]1[C@H](NC(=O)C(=N/OC(C)(C)C(O)=O)\c2csc(N)n2)C(=O)N1S(O)(=O)=O,aztreonam,BRD-K62607865-001-09-7,0.99241793,0.25806451612903225
C[C@@H](O)[C@@H]1[C@H]2CC(S[C@H]3CCN(C3)C(N)=C)=C(N2C1=O)C(O)=O,panipenem,BRD-K00004671-001-01-9,0.99238616,0.2222222222222222
CCc1c2Cn3c(cc4c(COC(=O)[C@]4(O)CC)c3=O)-c2nc2ccc(O)cc12,SN-38,BRD-K89561498-001-01-7,0.9922643,0.1797752808988764
CO[C@@H]1C[C@@H](CC[C@H]1O)\C=C(/C)[C@H]1OC(=O)[C@@H]2CCCCN2C(=O)C(=O)[C@]2(O)O[C@@H]([C@H](C[C@H]2C)OC)[C@H](C[C@@H](C)C\C(C)=C\[C@@H](CC=C)C(=O)C[C@H](O)[C@H]1C)OC,tacrolimus,BRD-K69608737-001-08-6,0.9921625,0.16788321167883213
C[C@@H](O)[C@@H]1[C@H]2[C@@H](C)C(SC3Cn4cnc[n+]4C3)=C(N2C1=O)C(O)=O,biapenem,BRD-A80321291-001-01-6,0.99213725,0.19354838709677424
COC[C@H]1OC(=O)c2coc3c2[C@@]1(C)C1=C([C@@H]2CCC(=O)[C@@]2(C)C[C@H]1OC(C)=O)C3=O,wortmannin,BRD-K87343924-001-12-3,0.9915373,0.18367346938775508
O[C@@H]1[C@@H](COP(O)(=O)OP(O)(=O)OP(O)(=O)OP(O)(=O)OC[C@H]2O[C@H]([C@H](O)[C@@H]2O)n2ccc(=O)[nH]c2=O)O[C@H]([C@@H]1O)n1ccc(=O)[nH]c1=O,diquafosol,BRD-K00003514-342-01-9,0.991443,0.14130434782608692
C\C(\C=C\C=C(/C)\C=C\C1=C(C)CCCC1(C)C)=C/C=C/C=C(\C)/C=C/C=C(\C)/C=C/C1=C(C)CCCC1(C)C,beta-carotene,BRD-K74225533-001-08-8,0.9914387,0.11842105263157898
COC(=O)[C@H](CC(C)C)NC(=O)c1ccc(NC[C@@H](N)CS)cc1-c1cccc2ccccc12,GGTI-298,BRD-K19669037-001-01-1,0.9914304,0.275
C[C@H]1Sc2c(C(O)=O)c(=O)c3cc(F)c(cc3n12)N1CCN(Cc2oc(=O)oc2C)CC1,prulifloxacin,BRD-A92341659-001-03-2,0.9909687,0.36904761904761907
CC[C@@]1(O)C(=O)OCc2c1cc1-c3nc4cc(F)c(C)c5CC[C@H](NC(=O)CO)c(c3Cn1c2=O)c45,dxd,BRD-K00091098-001-01-9,0.9909202,0.1610169491525424
[H][C@@]12CC(=O)N1[C@@H](C(O)=O)[C@](C)(Cn1cc[n+](C)n1)S2(=O)=O,AAI101,BRD-K00003450-001-01-9,0.9907799,0.21333333333333337
C[C@H]1O[C@@H](O[C@@H]2C[C@@H]3O[C@@](O)(C[C@H](O)[C@H]3C(O)=O)C[C@@H](O)C[C@@H](O)[C@H](O)CC[C@@H](O)C[C@@H](O)CC(=O)O[C@@H](C)[C@H](C)[C@H](O)[C@@H](C)\C=C\C=C\C=C\C=C\C=C\C=C\C=C\2)[C@@H](O)[C@@H](N)[C@@H]1O,amphotericin-b,BRD-K27352494-001-03-6,0.99074525,0.22881355932203384
C[C@]1(Cn2ccnn2)[C@@H](N2[C@@H](CC2=O)S1(=O)=O)C(O)=O,tazobactam,BRD-A18611368-001-02-9,0.9906198,0.21621621621621623
CC1=C(N2[C@@H](SC1)[C@H](NC(=O)[C@H](N)C1=CCC=CC1)C2=O)C(O)=O,cephradine,BRD-A90807417-001-04-5,0.9905078,0.36250000000000004
CC1=C(N2[C@H](SC1)[C@H](NC(=O)[C@H](N)C1=CCC=CC1)C2=O)C(O)=O,cefradine,BRD-K13797099-001-01-1,0.99045706,0.36250000000000004
CO[C@@H]1C[C@H](C[C@@H](C)[C@@H]2CC(=O)[C@H](C)\C=C(C)\[C@@H](O)[C@@H](OC)C(=O)[C@H](C)C[C@H](C)\C=C\C=C\C=C(C)\[C@H](C[C@@H]3CC[C@@H](C)[C@@](O)(O3)C(=O)C(=O)N3CCCC[C@H]3C(=O)O2)OC)CC[C@H]1OCCO,everolimus,BRD-K13514097-001-04-6,0.99015665,0.1610738255033557
CO[C@H]1[C@H](O)CC(=O)O[C@H](C)C\C=C\C=C\[C@H](O[C@H]2CC[C@@H]([C@@H](C)O2)N(C)C)[C@H](C)C[C@H](CC=O)[C@@H]1OC1O[C@H](C)[C@@H](O[C@H]2C[C@@](C)(O)[C@@H](O)[C@H](C)O2)[C@@H]([C@H]1O)N(C)C,spiramycin,BRD-A67305656-001-02-3,0.9900602,0.32258064516129037
CC[C@@H]1\C=C(C)\C[C@H](C)C[C@H](OC)[C@H]2O[C@](O)([C@H](C)C[C@@H]2OC)C(=O)C(=O)N2CCCC[C@H]2C(=O)O[C@@H]([C@H](C)[C@@H](O)CC1=O)C(\C)=C\[C@@H]1CC[C@@H](O)[C@@H](C1)OC,ascomycin,BRD-K88882192-001-03-3,0.9899885,0.18045112781954886
COc1ccc2[nH]c(cc(=O)c2c1OP(O)(O)=O)-c1cccc(F)c1.[NaH].[NaH],foslinanib,BRD-K00091128-304-01-9,0.9898113,0.2068965517241379
CC[C@@]1(O)C(=O)OCc2c1cc1-c3nc4ccccc4c(CC[Si](C)(C)C)c3Cn1c2=O,karenitecin,BRD-K00003176-001-01-9,0.9896922,0.17948717948717952
CSCCNc1nc(SCCC(F)(F)F)nc2n(cnc12)[C@@H]1O[C@H](COP(O)(=O)OP(O)(=O)C(Cl)(Cl)P(O)(O)=O)[C@@H](O)[C@H]1O,cangrelor,BRD-K00004669-001-01-9,0.9894902,0.13913043478260867
CN(c1cccc(Cl)c1)S(=O)(=O)c1ccc2NC(=O)\C(=C/c3[nH]c(C)c(C(=O)N4CCN(C)CC4)c3C)c2c1,SU11274,BRD-K02965346-001-06-7,0.9892222,0.18803418803418803
CSC[C@H]1CN(\N=C\c2ccc(o2)[N+]([O-])=O)C(=O)O1,inimur,BRD-A71407503-001-01-8,0.98921186,0.2622950819672131
CC\C(\C=C\[C@@H]1OC(=O)C=C[C@@H]1C)=C\[C@H](C)C\C=C\C(\C)=C\[C@@H](C)C(=O)[C@@H](C)[C@H](O)[C@@H](C)C\C(C)=C\C(O)=O,leptomycin b,,0.989083,0.19801980198019797
CC1CS(=O)(=O)CCN1N=Cc1ccc(o1)[N+]([O-])=O,nifurtimox,BRD-A00100033-001-08-9,0.9890777,0.23333333333333328
CC(=O)N1CCC[C@H]1C(=O)N[C@@H](Cc1cnc[nH]1)C(=O)N[C@@H](CO)C(=O)N[C@@H](CS)C(=O)N[C@@H](CC(N)=O)C(N)=O,ATN-161,BRD-K00521308-019-01-9,0.9890445,0.17391304347826086
CO[C@@H]1C[C@H](C[C@@H](C)[C@@H]2CC(=O)[C@H](C)\C=C(C)\[C@@H](O)[C@@H](OC)C(=O)[C@H](C)C[C@H](C)\C=C\C=C\C=C(C)\[C@H](C[C@@H]3CC[C@@H](C)[C@@](O)(O3)C(=O)C(=O)N3CCCC[C@H]3C(=O)O2)OC)CC[C@@H]1n1cnnn1,zotarolimus,BRD-K46843573-001-01-9,0.9889208,0.1658031088082902
CC[C@@]1(O)C(=O)OCc2c1cc1-c3nc4ccc(O)cc4cc3Cn1c2=O,10-hydroxycamptothecin,BRD-K63784565-001-05-4,0.9888768,0.2142857142857143
C[C@H]1O[C@@H](O[C@@H]2C[C@@H]3O[C@@](O)(C[C@H](O)[C@H]3C(O)=O)C[C@@H](O)C[C@H]3O[C@@H]3\C=C\C(=O)O[C@H](C)C\C=C\C=C\C=C\C=C\2)[C@@H](O)[C@@H](N)[C@@H]1O,natamycin,BRD-K90563805-001-02-6,0.9887495,0.24347826086956526
C[C@H](F)[C@H]1COC(=O)N1c1ccnc(N[C@@H](C)c2cc(C)c(cn2)-c2ccnc(c2)C(F)(F)F)n1,IDH-305,BRD-K00003457-001-01-9,0.9884288,0.16831683168316836
NC(=O)C1=CN(C=CC1)[C@@H]1O[C@H](COP(O)(=O)OP(O)(=O)OC[C@H]2O[C@H]([C@H](O)[C@@H]2O)n2cnc3c(N)ncnc23)[C@@H](O)[C@H]1O,coenzyme-I,BRD-K01825730-304-01-9,0.9883286,0.14414414414414412
O=C(O1)C(CC2=NN(C(C)=C3)C(N=C3C)=N2)=C(O)C[C@@]1(C4CCCC4)CCC5=CC(CC)=NC(CC)=C5,filibuvir,BRD-K00091264-001-01-9,0.98828185,0.1724137931034483
C[C@@H](C[C@@H](C)[C@H]1OC(=O)CC(=O)CCCC(=O)C[C@@H](O)C[C@@H](O)C[C@@H](O)CC(=O)C[C@@H](O)[C@@H]([C@@H](O)C[C@@H](O[C@@H]2O[C@H](C)[C@H](O)[C@@H](O)[C@@H]2N)\C=C\C=C\C=C\C=C\C=C\C=C\C=C\[C@@H]1C)C(O)=O)[C@@H](O)CC(=O)c1ccc(N)cc1,candicidin,BRD-A37348498-015-01-4,0.9881917,0.21875
CC(C)(C)CC(=O)Nc1c(F)cc(cc1F)C(=O)\N=c1/sccn1COP(O)(O)=O,Lu-AA-47070,BRD-K83970940-001-01-0,0.9878907,0.20779220779220775
CO[C@@H]1C[C@H](C[C@@H](C)[C@@H]2CC(=O)[C@H](C)\C=C(C)\[C@@H](O)[C@@H](OC)C(=O)[C@H](C)C[C@H](C)\C=C\C=C\C=C(C)\[C@H](C[C@@H]3CC[C@@H](C)[C@@](O)(O3)C(=O)C(=O)N3CCCC[C@H]3C(=O)O2)OC)CC[C@H]1OC(=O)C(C)(CO)CO,temsirolimus,BRD-K08177763-001-05-9,0.9878872,0.16666666666666663
Cc1oc(nc1CCOc1ccc(C[C@@H]2SC(=O)NC2=O)c2sccc12)-c1ccccc1,edaglitazone,BRD-K00004306-001-01-9,0.9878685,0.21276595744680848
Cc1ncc(n1C[C@@H](CN1CCOCC1)OP(O)(O)=O)[N+]([O-])=O,dextrorotation-nimorazole-phosphate-ester,BRD-K00003272-001-01-9,0.9873303,0.3529411764705882
Cc1ncc(COP(O)(O)=O)c(C=O)c1O,MC-1,BRD-K50712474-001-02-7,0.9865123,0.18309859154929575
CO[C@@H]1C[C@H](C[C@@H](C)[C@@H]2CC(=O)[C@H](C)\C=C(C)\[C@@H](O)[C@@H](OC)C(=O)[C@H](C)C[C@H](C)\C=C\C=C\C=C(C)\[C@H](C[C@@H]3CC[C@@H](C)[C@@](O)(O3)C(=O)C(=O)N3CCCC[C@H]3C(=O)O2)OC)CC[C@H]1OP(C)(C)=O,deforolimus,BRD-K62304154-001-03-4,0.986117,0.1578947368421053
COC1CC(CC(C)C2CC(=O)C(C)\C=C(C)\C(O)C(OC)C(=O)C(C)CC(C)\C=C\C=C\C=C(C)\C(CC3CCC(C)C(O)(O3)C(=O)C(=O)N3CCCCC3C(=O)O2)OC)CCC1O,sirolimus,BRD-A79768653-001-12-0,0.98609877,0.1630434782608695
CCc1c2Cn3c(cc4c(COC(=O)[C@]4(O)CC)c3=O)-c2nc2ccc(OC(=O)N3CCC(CC3)N3CCCCC3)cc12,irinotecan,BRD-K08547377-001-04-4,0.98589647,0.1875
CN(C)C(=O)n1cc(C(=O)c2ccc(Cn3c(C)nc4cnccc34)c(F)c2)c2c(cccc12)C#C,ABT-491,BRD-K97233161-003-01-5,0.98568517,0.19417475728155342
Cc1ncc(CNC(=O)N(CCCl)N=O)c(N)n1,nimustine,BRD-K00075575-003-02-9,0.9856122,0.19767441860465118
CO[C@H]1C[C@H](C)CC2=C(NCC=C)C(=O)C=C(NC(=O)\C(C)=C\C=C/[C@H](OC)[C@@H](OC(N)=O)\C(C)=C\[C@H](C)[C@H]1O)C2=O,tanespimycin,BRD-K81473043-001-14-6,0.985401,0.23357664233576647
C[C@@H]1O[C@H](O[C@@H]2C[C@@H]3O[C@@](O)(C[C@H](O)[C@H]3C(O)=O)C[C@@H](O)[C@H](O)CC[C@@H](O)C[C@@H](O)C[C@@H](O)CC(=O)O[C@@H](C)[C@H](C)[C@H](O)[C@@H](C)\C=C\C=C\CC\C=C\C=C\C=C\C=C\2)[C@H](O)[C@H](N)[C@H]1O,nystatin (fungicidin),BRD-K25770965-001-01-5,0.9851341,0.2542372881355932
CC[C@@]1(O)C(=O)OCc2c1cc1-c3nc4ccccc4c(CCNC(C)C)c3Cn1c2=O,belotecan,BRD-K00003160-003-01-9,0.9845821,0.1826923076923077
Cc1cc(C)c(N(Cc2ccccc2)S(=O)(=O)c2ccc(OCCNC(=O)c3cc4ccccc4o3)cc2)c(c1)C(=O)NO,WAY-170523,BRD-K36198571-001-02-0,0.9840833,0.2947368421052632
C[C@H]1OC(OC2CC3O[C@@](O)(CC(O)C3C(O)=O)CC(O)C(O)CCC(O)CC(O)CC(O)CC(=O)O[C@@H](C)C(C)[C@H](O)[C@@H](C)\C=C\C=C\CC\C=C\C=C\C=C\C=C\2)[C@@H](O)[C@@H](N)[C@@H]1O,nystatin,BRD-A78080706-001-04-5,0.983741,0.2542372881355932
CC(C)(C)C(=O)OCOC(=O)[C@H]1N2[C@@H](CC2=O)S(=O)(=O)C1(C)C,sulbactam-pivoxil,BRD-A63431791-001-01-9,0.983652,0.16216216216216217
CC(C)N\C(SCC(=O)N[C@H]1[C@H]2SCC(COC(C)=O)=C(N2C1=O)C(O)=O)=N/C(C)C,cefathiamidine,BRD-K63835048-001-01-0,0.98337066,0.3563218390804598
CO[C@H]1C[C@H](C)CC2=C(NCCN(C)C)C(=O)C=C(NC(=O)\C(C)=C\C=C/[C@H](OC)[C@@H](OC(N)=O)\C(C)=C\[C@H](C)[C@H]1O)C2=O,alvespimycin,BRD-K83988098-001-02-0,0.9832724,0.2279411764705882
COP(=O)(OC)O[C@@H](c1ccc(Cl)cc1)P(=O)(OC)OC,mifobate,BRD-K00004244-001-01-9,0.98325384,0.2068965517241379
Cc1ccc(cc1)S(=O)(=O)c1ccc(o1)[N+]([O-])=O,NSC-697923,BRD-K20605374-001-05-4,0.98306876,0.276595744680851
CC(=O)NC[C@H]1CN(C(=O)O1)c1ccc(N2CCN(CC2)C(=O)CO)c(F)c1,eperezolid,BRD-K47554101-001-01-2,0.98283625,0.2272727272727273
CO[C@@H]1[C@H](O[P@](S)(=O)OC[C@H]2O[C@H](C[C@@H]2O)n2cnc3c(N)ncnc23)[C@@H](CO)O[C@H]1n1ccc(=O)[nH]c1=O,inarigivir,BRD-K00003532-001-01-9,0.9827038,0.1502890173410405
CCOC(=O)c1ccc(cc1)N1NC(=O)\C(=C\c2ccc(o2)[N+]([O-])=O)C1=O,PYR-41,BRD-K66101666-001-01-5,0.9819317,0.2857142857142857
CO[C@]1(NC(=O)[C@@H](C(O)=O)c2ccc(O)cc2)[C@H]2OCC(CSc3nnnn3C)=C(N2C1=O)C(O)=O,moxalactam,BRD-A08899266-001-06-9,0.9817942,0.21649484536082475
[O-][N+](=O)c1cccc(c1)S(=O)(=O)n1cccc1\C=C(/C#N)S(=O)(=O)c1ccc(F)cc1,AMZ30,BRD-K00256256-001-06-1,0.98118556,0.2295081967213115
[H][C@@]12Cc3cc(C)c(OC)c(O)c3[C@@]([H])(N1C)[C@@]1([H])N([C@H]2O)[C@@]2([H])COC(=O)[C@]3(CS[C@]1([H])c1c(OC(C)=O)c(C)c4OCOc4c21)NCCc1cc(O)c(OC)cc31,trabectedin,BRD-K00003313-001-01-9,0.9811082,0.20833333333333337
CO[C@H]1C[C@H](C)Cc2c(O)c(NC(=O)\C(C)=C\C=C/[C@H](OC)[C@@H](OC(N)=O)\C(C)=C\[C@H](C)[C@H]1O)cc(O)c2NCC=C,retaspimycin,BRD-K67935717-003-01-0,0.98104495,0.25
CO[C@]1(NC(=O)[C@H](C(O)=O)c2ccc(O)cc2)[C@H]2OCC(CSc3nnnn3C)=C(N2C1=O)C(O)=O,moxalactam (sodium salt),BRD-K40831222-304-07-9,0.9808966,0.21649484536082475
COc1cc(Nc2ncc(F)c(Nc3ccc4OC(C)(C)C(=O)N(COP(O)(O)=O)c4n3)n2)cc(OC)c1OC,fostamatinib,BRD-K85178109-001-02-3,0.980642,0.21153846153846156
C[C@H]1CCC\C(C)=C/C[C@H](OC(=O)C[C@H](O)C(C)(C)C(=O)[C@H](C)[C@H]1O)C(\C)=C\c1csc(C)n1,epothilone-D,BRD-K52762805-001-01-2,0.9804274,0.173469387755102
CC(C)=CCC\C(C)=C\C=C\C(\C)=C\C=C\C(\C)=C\C=C\C=C(/C)\C=C\C=C(/C)\C=C\C=C(/C)CCC=C(C)C,lycopene,BRD-K37083340-001-02-3,0.98028976,0.23333333333333328
CO[C@H]1C[C@H](O[C@H]2[C@H](C)[C@@H](OC3O[C@H](C)C[C@@H]([C@H]3OC(C)=O)N(C)C)[C@@H](C)C[C@]3(CO3)C(=O)[C@H](C)[C@@H](OC(C)=O)[C@@H](C)[C@@H](C)OC(=O)[C@@H]2C)O[C@@H](C)[C@@H]1OC(C)=O,troleandomycin,BRD-A24297246-001-03-9,0.98021996,0.3653846153846154
Cc1oc(nc1CCC(=O)c1ccc(CC2SC(=O)NC2=O)cc1)-c1ccccc1,darglitazone,BRD-K82908348-001-01-9,0.98014414,0.20454545454545459
C[C@H]1CCC[C@@]2(C)O[C@H]2C[C@@H](OC(=O)C[C@@H](O)C(C)(C)C(=O)[C@H](C)[C@H]1O)C(\C)=C\c1csc(C)n1,"epothilone b (epo906, patupilone)",BRD-K68164687-001-02-9,0.97920704,0.17000000000000004
COC(=O)[C@@H]1C[C@H](OC(C)=O)C(=O)[C@H]2[C@@]1(C)CC[C@H]1C(=O)O[C@@H](C[C@]21C)c1ccoc1,salvinorin-A,BRD-K19284129-001-02-6,0.97916234,0.17699115044247793
CC[C@@]1(O)C(=O)OCc2c1cc1-c3nc4cccc(N)c4cc3Cn1c2=O,9-aminocamptothecin,BRD-K09291936-001-13-3,0.978985,0.18918918918918914
C[C@H]1CCC[C@H]2O[C@H]2C[C@H](OC(=O)C[C@H](O)C(C)(C)C(=O)[C@H](C)[C@H]1O)C(\C)=C\c1csc(C)n1,epothilone-A,BRD-K71823332-001-03-7,0.9789194,0.173469387755102
C[C@H]1CCC[C@@]2(C)O[C@H]2C[C@H](OC(=O)C[C@H](O)C(C)(C)C(=O)[C@H](C)[C@H]1O)C(\C)=C\c1csc(C)n1,epothilone-B,BRD-K48935217-001-03-9,0.97836435,0.17000000000000004
COP(=O)(OC)OC(c1ccc(Cl)cc1)P(=O)(OC)OC,sr 202,BRD-A72066420-001-04-5,0.9781761,0.2068965517241379
CCCS(=O)(=O)Nc1ccc(F)c(C(=O)c2c[nH]c3ncc(cc23)-c2ccc(Cl)cc2)c1F,vemurafenib,BRD-K56343971-001-10-6,0.9779369,0.19780219780219777
CC(C)c1nccc(C)c1-n1c2nc(c(F)cc2c(nc1=O)N1CCN(C[C@@H]1C)C(=O)C=C)-c1c(O)cccc1F,AMG-510,BRD-K00010385-001-01-9,0.976768,0.18867924528301883
CC(C)c1nccc(C)c1N2C(=O)N=C(N3CCN(C[C@@H]3C)C(=O)C=C)c4cc(F)c(nc24)c5c(O)cccc5F,sotorasib,BRD-K00010385-001-04-9,0.976768,0.18867924528301883
CCCCCC[C@@H]1[C@@H](OC(=O)CC(C)C)[C@H](C)OC(=O)[C@@H](NC(=O)c2cccc(NC=O)c2O)[C@@H](C)OC1=O,antimycin-A,BRD-K90152265-001-01-3,0.97667503,0.18095238095238098
CC[C@@]1(O)C(=O)OCc2c1cc1-c3nc4cccc([N+]([O-])=O)c4cc3Cn1c2=O,rubitecan,BRD-K79821389-001-03-5,0.9765396,0.19999999999999996
CO[C@H]1C[C@H](C)CC2=C(OC)C(=O)C=C(NC(=O)\C(C)=C\C=C\[C@H](OC)[C@@H](OC(N)=O)\C(C)=C\[C@H](C)[C@H]1O)C2=O,geldanamycin,BRD-K43570081-001-02-4,0.9764695,0.25196850393700787
CC[C@@]1(O)C(=O)OCc2c1cc1-c3nc4ccccc4cc3Cn1c2=O,camptothecin,BRD-K37890730-001-15-1,0.9762845,0.19117647058823528
C[C@H]1CN([C@H](C)CN1Cc1ccc(F)cc1)C(=O)c1cc2c(cn(C)c2cc1Cl)C(=O)C(=O)N(C)C,talmapimod,BRD-K17555800-001-01-9,0.97578984,0.19565217391304346
CC[C@H]1NC(=O)[C@@H](NC(=O)c2ncccc2O)[C@@H](C)OC(=O)[C@H](c2ccccc2)NC(=O)[C@@H]2CC(=O)[C@H](CS[C@@H]3CN4CCC3CC4)CN2C(=O)[C@H](Cc2ccc(N(C)C)cc2)N(C)C(=O)[C@@H]2CCCN2C1=O,quinupristin,BRD-K00073871-001-02-9,0.9751369,0.17361111111111116
C[C@@H](O)[C@@H]1[C@H]2SC([C@H]3CCCO3)=C(N2C1=O)C(=O)OCc1oc(=O)oc1C,faropenem-medoxomil,BRD-K59045783-001-01-1,0.9745966,0.173469387755102
CC(C)CN(C[C@@H](OP(O)(O)=O)[C@H](Cc1ccccc1)NC(=O)O[C@H]1CCOC1)S(=O)(=O)c1ccc(N)cc1,fosamprenavir,BRD-K59110290-238-01-7,0.9739092,0.16666666666666663
Cc1cc2nc3c(nc(=O)[nH]c3=O)n(C)c2cc1C=O,Ro-08-2750,BRD-K00486786-001-02-2,0.9734365,0.18333333333333335
CC(C)Oc1ccc(cc1)S(=O)(=O)N1CCN(CC1)c1ccc(-c2ncco2)c(OCC(O)=O)c1,asapiprant,BRD-K00003230-001-01-9,0.9730509,0.21875
CCC(=O)NC[C@H](Cc1ccc(OCCc2nc(oc2C)-c2ccccc2)cc1)N\C(C)=C/C(=O)c1ccc(cc1)C(F)(F)F,GW-6471,BRD-K20828910-001-01-2,0.97255564,0.24528301886792447
CC[C@H]1\C=C(C)\[C@@H](O)C\C=C\C=C(CO[C@@H]2O[C@H](C)[C@@H](OC(=O)c3c(O)c(Cl)c(O)c(Cl)c3CC)[C@H](O)[C@@H]2OC)\C(=O)O[C@@H](C\C=C(/C)\C=C(C)\[C@@H]1O[C@@H]1OC(C)(C)[C@@H](OC(=O)C(C)C)[C@H](O)[C@@H]1O)[C@@H](C)O,fidaxomicin,BRD-K00003591-001-01-9,0.97241306,0.17532467532467533
COc1ccccc1[C@H](Cn1c2sc(c(C)c2c(=O)n(c1=O)C(C)(C)C(O)=O)-c1ncco1)OC1CCOCC1,firsocostat,BRD-K00003236-001-01-9,0.9723474,0.18644067796610164
Clc1ccc(OCCCCCC\N=C(\NC#N)Nc2ccncc2)cc1,chs-828,,0.97233313,0.29032258064516125
O=C1NC(=O)\C(S1)=C\c1ccc2nccc(-c3ccncc3)c2c1,GSK1059615,BRD-K06750613-001-04-0,0.9721802,0.2075471698113207
COCCN1CCC(CC1)(C(=O)NO)S(=O)(=O)c1ccc(Oc2ccc(OC(F)(F)F)cc2)cc1,SD-2590,BRD-K51102532-003-01-8,0.97053736,0.2421052631578947
CC[C@@H]1OC(=O)C[C@@H](O)[C@H](C)[C@@H](O[C@@H]2O[C@H](C)[C@@H](O)[C@@H]([C@H]2O)N(C)C)[C@@H](CCN2C[C@@H](C)C[C@@H](C)C2)C[C@@H](C)C(=O)\C=C\C(C)=C/[C@@H]1CO[C@@H]1O[C@H](C)[C@@H](O)[C@@H](OC)[C@H]1OC,tilmicosin,BRD-K26634012-001-03-1,0.97006494,0.2384615384615385
CC(=O)OCC1=C2N3[C@H](SC1)[C@H](NC(=O)CCC[C@H](N)C(=O)O[Zn]OC2=O)C3=O,cephalosporin-c-zn,BRD-K00025564-001-01-9,0.9699542,0.18823529411764706
Nc1ncn([C@H]2C[C@H](OP(O)(=O)OC[C@H]3O[C@H](C[C@@H]3O)n3cnc4c3[nH]c(N)nc4=O)[C@@H](CO)O2)c(=O)n1,guadecitabine,BRD-K00003187-236-01-9,0.969011,0.15083798882681565
CCN1CCN(CC1)c1ccc(cn1)C(C)(C)NC(=O)c1cc2[nH]c3ccccc3c(=O)c2cc1F,BMS-566419,BRD-K56932272-001-01-1,0.96867406,0.25
[O-][N+](=O)c1cc(\C=C2/CCN(C\C(=C/c3ccc(F)c(c3)[N+]([O-])=O)C2=O)C(=O)C=C)ccc1F,VLX1570,BRD-K00003343-001-01-9,0.9675606,0.22413793103448276
CC1=C(C)C(=O)C(CCCCCCCCCC[P+](c2ccccc2)(c2ccccc2)c2ccccc2)=CC1=O,visomitin,BRD-K00003375-004-01-9,0.9665778,0.19999999999999996
CC\C=C/C\C=C/C\C=C/C\C=C/C\C=C/CCCC(=O)NCCNC(=O)c1cccnc1,nicodicosapent,BRD-K00003262-001-01-9,0.96645176,0.24637681159420288
CC[C@H]1CCC[C@H](O[C@H]2CC[C@@H]([C@@H](C)O2)N(C)C)[C@@H](C)C(=O)C3=C[C@H]4[C@@H]5C[C@@H](C[C@H]5C=C[C@H]4[C@@H]3CC(=O)O1)O[C@@H]6O[C@@H](C)[C@H](OC)[C@@H](OC)[C@H]6OC,spinosad,BRD-K00080753-001-01-9,0.9661652,0.248
Cc1nc2cnc3ccc(cc3c2n1-c1ccc(cc1)C(C)(C)C#N)C#Cc1cccnc1,BAG-956,BRD-K00652956-001-01-5,0.96576357,0.2065217391304348
CC[C@@H]1[C@@H](C)O[C@](O)(C[C@H]1O[C@H]1C[C@H](O)[C@H](O)[C@H](C)O1)[C@@H](C)[C@H](O)[C@H](C)[C@H]1OC(=O)\C=C\C=C\[C@H](C)[C@H](OC(=O)\C=C\C=C\[C@@H]1C)[C@@H](C)[C@@H](O)[C@H](C)[C@@]1(O)C[C@@H](O[C@H]2C[C@H](O)[C@H](O)[C@H](C)O2)[C@H](CC)[C@@H](C)O1,azalomycin-B,BRD-K38292725-001-02-4,0.9656334,0.3168316831683168
C[C@@H](Oc1cc(sc1C(N)=O)-n1cnc2ccc(CN3CCN(C)CC3)cc12)c1ccccc1C(F)(F)F,GSK461364,BRD-K92428232-001-10-6,0.965535,0.1826923076923077
NC(=O)N\N=C\c1ccc(o1)[N+]([O-])=O,nitrofurazone,BRD-K79092138-001-10-2,0.96459484,0.2549019607843137
Cc1cc(ccn1)-c1nc(co1)C(=O)Nc1cn(nc1C(N)=O)C1CCOCC1,AS-2444697,BRD-K73565918-003-01-4,0.96439016,0.19801980198019797
CC(=O)c1cc(c(Sc2cccc(Cl)c2Cl)s1)[N+]([O-])=O,P5091,BRD-K13606314-001-01-3,0.9632932,0.29032258064516125
Oc1ccc(N=O)c2cccnc12,NSC-3852,BRD-K13169950-001-14-4,0.9632839,0.17391304347826086
C\C(\C=C\C=C(/C)\C=C\C1=C(C)CCCC1(C)C)=C/C=O,retinaldehyde,BRD-K79884267-001-01-4,0.96326715,0.13636363636363635
[H][C@]1(COC(=O)[C@]([H])(C(C)C)N(C)C(=O)[C@]2([H])N(C)C(=O)[C@H](C)NC(=O)[C@@]([H])(COC(=O)[C@]([H])(C(C)C)N(C)C(=O)[C@]([H])(CS[C@]2([H])SC)N(C)C(=O)[C@H](C)NC1=O)NC(=O)c1cnc2ccccc2n1)NC(=O)c1cnc2ccccc2n1,echinomycin,BRD-K00010937-001-01-9,0.96270716,0.19999999999999996
[H][C@@]12CC[C@](O)(C(=O)COP(O)(O)=O)[C@@]1(C)C[C@H](O)[C@@]1([H])[C@@]2([H])CCC2=CC(=O)C=C[C@]12C,prednisolone-sodium-phosphate,BRD-K00003654-304-01-9,0.9603127,0.1568627450980392
O[C@H]1[C@@H](COP(O)(=O)OP(O)(=O)OP(O)(O)=O)O[C@H]([C@@H]1O)n1ccc(=O)[nH]c1=O,INS316,BRD-A29125379-314-01-7,0.9599441,0.14018691588785048
O[C@@H]1[C@@H](COP(O)(=O)OP(O)(=O)OP(O)(O)=O)O[C@H]([C@@H]1O)n1ccc(=O)[nH]c1=O,uridine-5'-triphosphate,BRD-K01825013-385-04-9,0.95991147,0.14018691588785048
CC1(C)SCCN([C@H]1C(=O)NO)S(=O)(=O)c1ccc(Oc2ccncc2)cc1,prinomastat,BRD-K00003122-001-01-9,0.9598435,0.1875
Cc1cc2nc3c(nc(=O)[nH]c3=O)n(C[C@H](O)[C@H](O)[C@H](O)CO[P@@](O)(=O)O[P@@](O)(=O)OC[C@H]3O[C@H]([C@H](O)[C@@H]3O)n3cnc4c(N)ncnc34)c2cc1C,flavin-adenine-dinucleotide,BRD-K01666925-304-01-9,0.9597662,0.1384615384615384
C[C@@H](O)[C@H]1[C@H]2SC([C@H]3CCCO3)=C(N2C1=O)C(O)=O,faropenem,BRD-A49622760-001-01-9,0.95953435,0.2195121951219512
C[C@@H](NC(=O)[C@@H](NC(=O)[C@H](CCCc1ccc(c(C)c1)-c1ccccc1)CC(=O)NO)C(C)(C)C)c1ccccc1,UK-356618,BRD-K57011718-001-01-5,0.9595132,0.22340425531914898
CCCC(=O)Nc1ncnc2n(cnc12)[C@@H]1O[C@@H]2CO[P@](O)(=O)O[C@H]2[C@H]1OC(=O)CCC,bucladesine,BRD-A94624445-236-17-0,0.95943415,0.18604651162790697
CCn1cc(-c2cccc(c2)C(F)(F)F)c2sc(cc2c1=O)C(=N)NC1CCS(=O)(=O)CC1,I-BRD9,BRD-K04972057-001-01-1,0.95917714,0.2325581395348837
CC(C)[C@H]1NC(=O)[C@@H](NC(=O)c2ccc(C)c3oc4c(C)c(=O)c(N)c(C(=O)N[C@H]5[C@@H](C)OC(=O)[C@@H](C(C)C)N(C)C(=O)CN(C)C(=O)[C@H]6CCCN6C(=O)[C@@H](NC5=O)C(C)C)c4nc23)[C@@H](C)OC(=O)[C@@H](C(C)C)N(C)C(=O)CN(C)C(=O)[C@H]2CCCN2C1=O,actinomycin d,BRD-A42383464-001-06-3,0.9588888,0.16030534351145043
CC1(C)C(N2[C@@H](CC2=O)S1(=O)=O)C(O)=O,sulbactam,BRD-A12490291-001-01-2,0.95875883,0.2542372881355932
Cc1nc(COP(O)(O)=O)cc2CN(CC(O)=O)CCN(CC(O)=O)Cc3cc(COP(O)(O)=O)nc(C)c3O[Mn]Oc12,mangafodipir,BRD-K57365211-314-01-4,0.9582809,0.19780219780219777
Cc1oc(nc1CS(=O)(=O)c1ccc(C)cc1)-c1ccc(cc1)C(=O)NCc1cccnc1,STF-118804,BRD-K39171998-001-01-1,0.958029,0.3023255813953488
CC(C)[C@H]1NC(=O)[C@@H](NC(=O)c2ccc(C)c3oc4c(C)c(=O)c(N)c(C(=O)N[C@H]5[C@@H](C)OC(=O)[C@H](C(C)C)N(C)C(=O)CN(C)C(=O)[C@@H]6CCCN6C(=O)[C@H](NC5=O)C(C)C)c4nc23)[C@@H](C)OC(=O)[C@H](C(C)C)N(C)C(=O)CN(C)C(=O)[C@@H]2CCCN2C1=O,dactinomycin,BRD-K70578146-001-06-7,0.95687354,0.16030534351145043
CC(C)[C@@H]1NC(=O)[C@@H](NC(=O)c2ccc(C)c3oc4c(C)c(=O)c(N)c(C(=O)N[C@H]5[C@@H](C)OC(=O)[C@H](C(C)C)N(C)C(=O)CN(C)C(=O)[C@@H]6CCCN6C(=O)[C@@H](NC5=O)C(C)C)c4nc23)[C@@H](C)OC(=O)[C@H](C(C)C)N(C)C(=O)CN(C)C(=O)[C@@H]2CCCN2C1=O,actinomycin-d,BRD-K16547679-001-01-5,0.95687354,0.16030534351145043
[H][C@@]1(OC(=O)\C(OC)=C\C(\C)=C/[C@@H](C)[C@@H](O)[C@@H](C)C\C(C)=C\C=C\[C@@H]1OC)[C@@H](C)[C@@H](O)[C@H](C)[C@@]1(O)C[C@@H](O)[C@H](C)[C@H](O1)C(C)C,bafilomycin-a1,BRD-K00010387-001-01-9,0.95623505,0.20740740740740737
CN1CCN(CC1)c1ccc(OC(F)(F)F)c(Nc2ncc3CCc4c(nn(CCO)c4-c3n2)C(N)=O)c1,NMS-1286937,BRD-K83699324-001-01-1,0.95599353,0.21238938053097345
C[C@]12C[C@H](O)C3C(CCC4=CC(=O)C=C[C@]34C)C1CC[C@]2(O)C(=O)COP(O)(O)=O,prednisolone sodium phosphate,BRD-A94523291-304-02-7,0.9556896,0.1568627450980392
Clc1ccc(OCCCCCCN\C(NC#N)=N\c2ccncc2)cc1,GMX1778,BRD-K69832040-001-01-9,0.9554818,0.29032258064516125
CS(=O)(=O)c1ccc(nc1)-c1nnc(\C=C\c2nnc(o2)-c2ccc(cc2)C#N)n1-c1ccccc1Cl,G007-LK,BRD-K12198961-001-01-8,0.95527565,0.17525773195876293
CNC(=O)c1ccccc1Sc1ccc2c(\C=C\c3ccccn3)[nH]nc2c1,axitinib,BRD-K29905972-001-06-3,0.95507413,0.23376623376623373
OC\C=C1/O[C@@H]2CC(=O)N2[C@H]1C(O)=O,clavulanate,BRD-K94250879-001-01-9,0.95471877,0.15492957746478875
CS(=O)(=O)c1ccc(C(=O)Nc2ccc(Cl)c(c2)-c2ccccn2)c(Cl)c1,vismodegib,BRD-K44827188-001-04-5,0.9546733,0.27941176470588236
CCC(C)(C)C(=O)O[C@H]1C[C@@H](C)C=C2C=C[C@H](C)[C@H](CC[C@@H]3C[C@@H](O)CC(=O)O3)[C@@H]12,simvastatin,BRD-K22134346-001-21-5,0.95442593,0.18095238095238098
C[C@@H](C(=O)Nc1cc(C)ccn1)c1cccc(c1)C(=O)c1ccccc1,piketoprofen,BRD-A85548292-001-01-8,0.9541267,0.265625
C(Cc1c[nH]c2ccccc12)Nc1ccc(Nc2ccncc2)cc1,serdemetan,BRD-K65924316-001-03-1,0.95360804,0.32258064516129037
CC[C@H]1OC(=O)C[C@@H](O)[C@H](C)[C@@H](O[C@@H]2O[C@H](C)[C@@H](O)[C@@H]([C@H]2O)N(C)C)[C@@H](CCN3CCCCC3)C[C@@H](C)C(=O)\C=C\C(C)=C\[C@@H]1CN4CCCCC4,tildipirosin,BRD-K00073880-001-02-9,0.95214355,0.2338709677419355
CN(C(=O)C(C)(C)C1=CC(=CC(=C1)C(F)(F)F)C(F)(F)F)C1=CN=C(C=C1C1=CC=CC=C1C)N1CC[N+](C)(COP(O)([O-])=O)CC1,netupitant,BRD-K00083081-001-01-9,0.9518901,0.19791666666666663
COc1c(C)c2COC(=O)c2c(O)c1C\C=C(/C)CCC(=O)OCCN1CCOCC1,mycophenolate-mofetil,BRD-K92428153-001-04-4,0.95180684,0.20833333333333337
COc1cc(cc(OC)c1O)[C@H]1[C@@H]2C(COC2=O)C(O[C@@H]2O[C@@H]3CO[C@H](OC3[C@H](O)[C@H]2O)c2cccs2)c2cc3OCOc3cc12,teniposide,BRD-A35588707-001-05-5,0.95110816,0.21999999999999997
C[C@H](Nc1ccc2-c3nc(cn3CCOc2c1)N1[C@@H](COC1=O)C(F)F)C(N)=O,GDC-0077,BRD-K00003420-001-01-9,0.9509858,0.17708333333333337
[O-][N+](=O)c1cc(Cl)ccc1S(=O)(=O)c1ccccc1,BTB1,BRD-K89000287-001-01-1,0.95095694,0.3076923076923077
CC(=O)OCC1=C(N2[C@H](SC1)[C@H](N)C2=O)C(O)=O,7-aminocephalosporanic-acid,BRD-K65377893-001-07-4,0.95058125,0.29333333333333333
CO[C@@H]1[C@@H](OC(N)=O)[C@@H](O)[C@H](Oc2ccc3c(O)c(NC(=O)c4ccc(O)c(CC=C(C)C)c4)c(=O)oc3c2C)OC1(C)C,novobiocin,BRD-K85307935-236-08-7,0.9502699,0.24761904761904763
Cc1cc2nc3c(nc(=O)[nH]c3=O)n(C[C@H](O)[C@H](O)[C@H](O)COP(O)(O)=O)c2cc1C,riboflavin-5-phosphate-sodium,BRD-K09229706-236-01-8,0.9492183,0.1649484536082474
COc1ccc(\C=C/c2cc(OC)c(OC)c(OC)c2)cc1OP(O)(O)=O,fosbretabulin,BRD-K06814349-304-01-9,0.94912755,0.3584905660377359
Cc1cnc(c(C)c1)-c1cc(ncc1Cl)N1CCN(CC1)C(=O)CCS(C)(=O)=O,PF-5274857,BRD-K40302533-001-02-9,0.94895935,0.17142857142857137
CN(C)CC[C@H](CSc1ccccc1)Nc1ccc(cc1[N+]([O-])=O)S(=O)(=O)NC(=O)c1ccc(cc1)N1CCN(Cc2ccccc2-c2ccc(Cl)cc2)CC1,ABT-737,BRD-K56301217-001-01-7,0.94866693,0.23232323232323238
Cc1cc2nc3c(nc(=O)[nH]c3=O)n(C[C@@H](O)[C@@H](O)[C@@H](O)COP(O)(O)=O)c2cc1C,riboflavin 5-phosphate sodium,BRD-K58734774-236-02-2,0.9485648,0.1649484536082474
CC(=O)N(O)CCCCCNC(=O)CCC(=O)N(O)CCCCCNC(=O)CCC(=O)N(O)CCCCCN,deferoxamine-mesylate,BRD-K09821361-066-23-3,0.94830734,0.31666666666666665
Cc1cncc(CN2CCC(CC2)=C2c3ccc(Cl)cc3CCc3cccnc23)c1,rupatadine,BRD-K98004573-051-02-8,0.9479181,0.23913043478260865
Cc1cccn2c1nc(Oc1ccc(F)cc1)c(\C=C(/C#N)c1nc3ccccc3s1)c2=O,CCG-63808,BRD-K68474505-001-01-9,0.9476225,0.17796610169491522
Cc1cccc(n1)-c1nn2CCCc2c1-c1ccnc2ccc(cc12)C(N)=O,LY2157299,BRD-K78118466-001-03-3,0.9474777,0.23076923076923073
Clc1ccc(cc1)[C@@H](C#N)c1c(Cl)cc(cc1Cl)-n1ncc(=O)[nH]c1=O,diclazuril,BRD-A06426627-001-03-5,0.9461373,0.1875
[O-][N+](=O)c1cc2[nH]c(=O)c(=O)[nH]c2cc1C#N,CNQX,BRD-K19438463-001-05-5,0.9458615,0.2093023255813954
CCCS(=O)(=O)Nc1ccc(F)c(C(=O)c2c[nH]c3ncc(Cl)cc23)c1F,PLX4720,BRD-K16478699-001-09-2,0.94558823,0.2093023255813954
CN1CCC(CC1)=C1c2ncc(C=O)n2CCc2ccccc12,alcaftadine,BRD-K55991142-001-01-6,0.94534284,0.2068965517241379
COc1cc(cc(OC)c1O)[C@H]1[C@@H]2[C@H](COC2=O)[C@H](O[C@@H]2O[C@@H]3CO[C@@H](C)O[C@H]3[C@H](O)[C@H]2O)c2cc3OCOc3cc12,etoposide,BRD-K37798499-001-18-1,0.9452673,0.23076923076923073
CN(C)[C@H]1[C@@H]2[C@@H](O)[C@@H]3C(=C)c4c(Cl)ccc(O)c4C(=O)C3=C(O)[C@]2(O)C(O)=C(C(N)=O)C1=O,meclocycline-sulfosalicylate,BRD-A07600638-060-04-5,0.9448906,0.3780487804878049
[O-][N+](=O)c1ccc(cc1OC(=O)c1ccc(Cl)cc1)S(=O)(=O)c1ccccc1,BTB06584,BRD-K37933329-001-01-6,0.94472486,0.3220338983050848
C[n+]1ccccc1CN=O,pralidoxime-chloride,BRD-K24221957-003-01-6,0.9436304,0.1842105263157895
CC(C)Cn1c2sc(Cc3c(C)n[nH]c3C)c(C(=O)N3C[C@H](O)CO3)c2c(=O)n(C)c1=O,AR-C155858,BRD-K42325600-001-01-8,0.9430267,0.22916666666666663
CN(Cc1cc(ccc1-c1ccccc1S(=O)(=O)Nc1noc(C)c1C)-c1ncco1)C(=O)CC(C)(C)C,BMS-207940,BRD-K00004634-001-01-9,0.94288224,0.19587628865979378
[H][C@@]12COCCN1C(=O)c1c(OCOC(=O)OC)c(=O)ccn1N2[C@H]1c2ccc(F)c(F)c2CSc2ccccc12,baloxavir-marboxil,BRD-K00003495-001-01-9,0.9422312,0.17543859649122806
CC[C@H](C)C(=O)O[C@H]1C[C@@H](C)C=C2C=C[C@H](C)[C@H](CC[C@@H]3C[C@@H](O)CC(=O)O3)[C@@H]12,lovastatin,BRD-K09416995-001-38-1,0.94181,0.17924528301886788
[H][C@]12[C@H](O)[C@@]3([H])[C@H](N(C)C)C(=O)[C@H](C(N)=O)C(=O)[C@@]3(O)C(=O)[C@H]1C(=O)c1c(O)cccc1C2=C,methacycline,BRD-K00003351-003-01-9,0.94152355,0.3023255813953488
COc1cccc2C(=O)c3c(O)c4C[C@](O)(C[C@H](O[C@H]5C[C@H](N)[C@H](O)[C@H](C)O5)c4c(O)c3C(=O)c12)C(\CO)=N\NC(=O)CCCCCN1C(=O)C=CC1=O,aldoxorubicin,BRD-K68928792-001-01-6,0.94132185,0.19999999999999996
CC(=CCC\C(=C\CC\C(=C\CC\C(=C\CC\C(=C\CC\C(=C\CC\C(=C\CC1=C(C)C(=O)c2ccccc2C1=O)\C)\C)\C)\C)\C)\C)C,menaquinone-7,BRD-K00073260-001-02-9,0.94019383,0.32307692307692304
[H][C@@]12Cc3cc(C)c(OC)c(O)c3[C@@]([H])(N1C)[C@@]1([H])N([C@H]2O)[C@@]2([H])COC(=O)[C@]3(CS[C@]1([H])c1c(OC(C)=O)c(C)c4OCOc4c21)NCCc1c3[nH]c2ccc(OC)cc12,lurbinectedin,BRD-K00003211-001-01-9,0.93939066,0.19834710743801653
CCc1cc(ccc1n2nc(C(C)C)c3c(ccnc23)n4cnc(c4)c5cnn(C)c5)C(=O)N,pimitespib,BRD-K00074122-001-02-9,0.93809426,0.2072072072072072
O[C@H](COP(O)(O)=O)[C@@H](O)[C@H](O)[C@@H](O)C=O,barium-6-O-phosphonato-D-glucose,BRD-K67760597-240-01-5,0.9365657,0.12328767123287676
[H][C@]12CCC[C@H](N1C(=O)[C@H](CCS2)NC(=O)[C@@H](S)Cc1ccccc1)C(O)=O,omapatrilat,BRD-K00003265-001-01-9,0.93521386,0.26315789473684215
CC(C)(C)c1ccc(\C=C\C(=O)Nc2ccc3OCCOc3c2)cc1,AMG-9810,BRD-K01995783-001-01-6,0.93379325,0.28358208955223885
O=C(C(N1C2=O)=C(SC3CN(C4=NCCS4)C3)[C@H](C)[C@]1([H])[C@@]2([H])[C@H](O)C)O,tebipenem,BRD-K00073049-001-02-9,0.93371546,0.19565217391304346
Cc1cccc(Oc2nc3c(C)cccn3c(=O)c2\C=C(/C#N)c2nc3ccccc3s2)c1,CCG-63802,BRD-K26970495-001-01-9,0.93365175,0.1869158878504673
Fc1ccc(CNC(=O)N2CCN3[C@@H](C2)C(OC3=O)(c2ccccc2)c2ccccc2)cc1,SHA-68,BRD-A63344375-001-01-8,0.93311465,0.21250000000000002
CONC(=O)Nc1ccc(cc1)-c1sc2n(Cc3c(F)cccc3F)c(=O)n(-c3ccccc3)c(=O)c2c1CN(C)Cc1ccccc1,sufugolix,BRD-K00004582-001-01-9,0.9330033,0.23300970873786409
Cc1c(cc(C(=O)NCc2ccc(cn2)S(C)(=O)=O)c(=O)n1-c1cccc(c1)C(F)(F)F)-c1ccnn1C,AZD9668,BRD-K31476763-001-01-5,0.9329709,0.29885057471264365
Clc1ccc(cc1)C(=O)Nc1c(nc2ccccn12)-c1cccs1,DS2-(806622),BRD-K09619578-001-01-3,0.93261087,0.25
Clc1ccc(cc1)N1CCN(Cc2c[nH]c3ncccc23)CC1,L-745870,BRD-K05528470-305-02-2,0.9319385,0.3246753246753247
Clc1ccc2c(NCCNc3ccnc4cc(Cl)ccc34)ccnc2c1,NSC-5844,BRD-K73799155-001-01-5,0.93168765,0.22077922077922074
Clc1ccc(Cn2cc(C(=O)C(=O)Nc3ccncc3)c3ccccc23)cc1,indibulin,BRD-K74057757-001-01-9,0.9316411,0.31999999999999995
CO[C@H]1C[C@H](O[C@H]2CC[C@@]3(C)[C@H](CC[C@@H]4[C@@H]3CC[C@]3(C)[C@H]([C@H](C[C@]43O)OC(C)=O)C3=CC(=O)OC3)C2)O[C@@H](C)[C@@H]1O,oleandrin,BRD-K98006098-001-01-6,0.9313611,0.19354838709677424
CC[C@H](C)C(=O)O[C@H]1CCC=C2C=C[C@H](C)[C@H](CC[C@@H]3C[C@@H](O)CC(=O)O3)[C@@H]12,mevastatin,BRD-K94441233-001-12-2,0.93077916,0.22330097087378642
Clc1ccc(Cn2cc(C=O)c3ccccc23)cc1,oncrasin-1,BRD-K43449605-001-01-0,0.930517,0.234375
C[C@@H](Oc1cc(nnc1N)C(=O)Nc2ccc(cc2)C(=O)N3C[C@@H](C)N[C@@H](C)C3)c4c(Cl)ccc(F)c4Cl,ensartinib,BRD-K00073038-001-02-9,0.9290775,0.21875
Cn1c2cnc3ccc(cc3c2n(-c2ccc(cc2)C(C)(C)C#N)c1=O)-c1cnc2ccccc2c1,NVP-BEZ235,BRD-K12184916-001-15-4,0.9289592,0.23300970873786409
CCOC(=O)N[C@@H]1CC[C@@H]2[C@H](C[C@@H]3[C@@H]([C@@H](C)OC3=O)[C@H]2\C=C\c2ccc(cn2)-c2cccc(F)c2)C1,vorapaxar,BRD-K93442924-001-03-4,0.92792034,0.18085106382978722
Cc1ccccc1\N=N\c1ccc(NC(=O)c2ccnn2C)c(C)c1,CH223191,BRD-K22314899-001-02-4,0.9276005,0.2142857142857143
CN1[C@@H](C(C#N)=C(C)N(C1=O)c1cccc(c1)C(F)(F)F)c1ccc(cc1S(C)(=O)=O)C#N,bay-85-8501,BRD-K00077971-001-02-9,0.92735356,0.1807228915662651
CN(C)CCOc1ccc(cc1)C(=C(\CCCl)c1ccccc1)\c1ccccc1,toremifene,BRD-K51350053-048-15-7,0.9272456,0.24590163934426235
C[C@@]12C[C@H](O)[C@H]3[C@@H](CCC4=CC(=O)CC[C@@]34C)[C@@H]1CC[C@]2(O)C(=O)COP(O)(O)=O,hydrocortisone-phosphate,BRD-K01824977-304-04-9,0.9265505,0.15841584158415845
CO[C@]12[C@H]3N[C@H]3CN1C1=C([C@H]2COC(N)=O)C(=O)C(N)=C(C)C1=O,mitomycin-C,BRD-K59670716-001-20-9,0.9261036,0.14457831325301207
OCCOc1ccc(cc1)C(=C(\CCCl)c1ccccc1)\c1ccccc1,ospemifene,BRD-K44184170-001-01-7,0.92382145,0.24137931034482762
CC(C)C[C@@H]1N2C(=O)[C@](NC(=O)[C@H]3CN(C)[C@@H]4Cc5c(Br)[nH]c6cccc(C4=C3)c56)(O[C@@]2(O)[C@@H]2CCCN2C1=O)C(C)C,bromocriptine,BRD-K14496212-066-02-2,0.9233934,0.14960629921259838
CS(=O)(=O)c1ccc(Oc2cc(F)cc(c2)C#N)c3[C@@H](F)[C@@H](F)[C@@H](O)c13,belzutifan,BRD-K00091288-001-02-9,0.92339116,0.14473684210526316
CN(C)[C@H]1[C@@H]2[C@@H](O)[C@H]3C(C(=O)c4c(O)cccc4C3=C)C(=O)[C@]2(O)C(=O)C(C(N)=O)C1=O,methacycline hcl,BRD-A49035384-003-30-5,0.92285186,0.3023255813953488
CN1CCN(CCCNC(=O)C[C@@H]2N=C(c3c(C)c(C)sc3-n3c(C)nnc23)c2ccc(Cl)cc2)CC1,TEN-010,BRD-K00005242-001-01-9,0.9227909,0.17708333333333337
CN1C[C@@H](C=C2[C@H]1Cc1c[nH]c3cccc2c13)C(=O)N[C@]1(C)O[C@@]2(O)[C@@H]3CCCN3C(=O)[C@H](Cc3ccccc3)N2C1=O,ergotamine,BRD-K15380626-046-02-9,0.92269963,0.18518518518518523
COCCn1c(C)[n+](Cc2cnccn2)c2c1C(=O)c1ccccc1C2=O,YM-155,BRD-K76703230-004-03-3,0.92237484,0.2909090909090909
[H][C@]1(C)OC(=O)[C@H](CC(C)C)N(C)C(=O)[C@@H](Cc2ccc(cc2)N2CCOCC2)OC(=O)[C@H](CC(C)C)N(C)C(=O)[C@@H](C)OC(=O)[C@@H](CC(C)C)N(C)C(=O)[C@@H](Cc2ccc(cc2)N2CCOCC2)OC(=O)[C@H](CC(C)C)N(C)C1=O,emodepside,BRD-K00003414-001-01-9,0.92236507,0.173469387755102
CSCC[C@H](NC=O)C(=O)N[C@@H](CC(O)=O)C(=O)NCC(=O)N[C@@H](CS)C(=O)N[C@@H](CCC(O)=O)C(=O)N[C@@H](CC(C)C)C(O)=O,foxy-5,BRD-K13005598-001-02-3,0.9223107,0.23170731707317072
CN1C[C@@H](C=C2[C@H]1Cc1c[nH]c3cccc2c13)C(=O)N[C@]1(C)O[C@@]2(O)C3CCCN3C(=O)[C@H](Cc3ccccc3)N2C1=O,ergotamine tartrate,BRD-A43227343-046-01-4,0.9222745,0.18518518518518523
CC(=O)O[C@@H]1C[C@H]2C(C)(C)C(=O)C=C[C@]2(C)[C@H]2CC[C@@]3(C)[C@@H](OC(=O)[C@H]4O[C@@]34[C@]12C)c1ccoc1,gedunin,BRD-K02703275-001-07-5,0.92132676,0.18181818181818177
[H][C@@]12CCCN1C(=O)[C@@H](CC)NC(=O)[C@@H](NC(=O)c1ncccc1O)[C@@H](C)OC(=O)[C@@H](NC(=O)[C@]1([H])CC(=O)CCN1C(=O)[C@H](Cc1ccc(cc1)N(C)C)N(C)C2=O)c1ccccc1,pristinamycin,BRD-K00091084-001-01-9,0.9209093,0.17692307692307696
COc1cc(C=O)c(cc1OC)[N+]([O-])=O,DMNB,BRD-K03564313-001-03-3,0.9200864,0.28260869565217395
CC(=O)c1cc(c(Sc2ccc(F)cc2F)s1)[N+]([O-])=O,P22077,BRD-K97714174-001-01-3,0.91963404,0.27419354838709675
CN1CCN(CC1)c1ccc(Nc2nc(Oc3cccc(NC(=O)C=C)c3)c3sccc3n2)cc1,olmutinib,BRD-K60421517-001-01-4,0.9189986,0.2272727272727273
C\C(\C=C\C=C(/C)\C=C\C1=C(C)C(=O)[C@@H](O)CC1(C)C)=C/C=C/C=C(\C)/C=C/C=C(\C)/C=C/C1=C(C)C(=O)[C@@H](O)CC1(C)C,astaxanthin,BRD-K51832961-001-01-4,0.91790724,0.13636363636363635
CC(C)n1c2sc(Cc3c(C)[nH]nc3C(F)(F)F)c(C(=O)N3C[C@](C)(O)CO3)c2c(=O)n(C)c1=O,AZD3965,BRD-K25210703-001-01-9,0.9173015,0.15822784810126578
CCOCOC[C@H](C[C@H](C)C(=O)NO)NC(=O)c1ccc(Oc2ccccc2)cc1,ONO-4817,BRD-K58894520-001-01-1,0.9169914,0.24285714285714288
CN1CCc2cc3OCOc3cc2[C@H]1[C@@H]1OC(=O)c2c1ccc1OCOc21,bicuculline-(+),BRD-K84363966-001-12-9,0.916179,0.3529411764705882
Ic1ccc(CCNC(=N)SCCCc2cnc[nH]2)cc1,iodophenpropit,BRD-K51918615-303-02-9,0.9158927,0.21518987341772156
CC(C)N1CCN(Cc2cnc(o2)-c2cc(cc3[nH]ncc23)-c2cccc3[nH]ccc23)CC1,nemiralisib,BRD-K00003285-001-01-9,0.9145853,0.17441860465116277
Nc1nc(=O)c2nc(Br)n([C@@H]3O[C@@H]4CO[P@](O)(=O)O[C@H]4[C@H]3O)c2[nH]1,8-bromo-cGMP,BRD-A00077618-236-07-6,0.91433156,0.12328767123287676
OCCONC(=O)c1cc(CN2OCCCC2=O)c(F)c(F)c1Nc1ccc(I)cc1F,Ro-4987655,BRD-K64538373-001-01-4,0.91405994,0.20430107526881724
Nc1nn2cc(F)cnc2c1C(=O)Nc1cncc(F)c1N1CCC(CC1)C(=O)N1CCN(CC1)C1COC1,atr inhibitor 2,BRD-K00091072-001-01-9,0.91394377,0.18999999999999995
Nc1nc(NCCNc2ncc(c(n2)-c2ccc(Cl)cc2Cl)-n2ccnc2)ccc1[N+]([O-])=O,CHIR-98014,BRD-K42973005-001-04-0,0.91282165,0.25287356321839083
Cc1ccc(cn1)-c1ncc(Cl)cc1-c1ccc(cc1)S(C)(=O)=O,etoricoxib,BRD-K54770957-001-04-3,0.9123813,0.18888888888888888
[H][C@@]12Cc3c(cc(CNCC(C)(C)C)c(O)c3C(=O)[C@H]1C(=O)[C@]1(O)C(=O)[C@@H](C(N)=O)C(=O)[C@@H](N(C)C)[C@]1([H])C2)N(C)C,omadacycline,BRD-K00003569-003-01-9,0.91232795,0.2376237623762376
COc1cccc(NC(=O)\C=C\c2ccc(Cl)cc2)c1,SB-366791,BRD-K61536336-001-01-7,0.91187966,0.3793103448275862
Cc1c(nc2c3cccnc3ccn12)[C@@H]1C[C@H]1c1nc2c(C)ncc(C)n2n1,PDE10-IN-1,BRD-K38145871-001-01-8,0.9107238,0.17142857142857137
Brc1ccc2[nH]c-3c(CC(=O)Nc4cccnc-34)c2c1,1-azakenpaullone,BRD-K03273112-001-01-8,0.9097927,0.16091954022988508
CO[C@H]1[C@@H](O)[C@@H](C)O[C@@H](O[C@H]2CC[C@@]3(C=O)[C@H](CC[C@@H]4[C@@H]3CC[C@]3(C)[C@H](CC[C@]43O)C3=CC(=O)OC3)C2)[C@@H]1O,peruvoside,BRD-A72716251-001-01-5,0.90973455,0.2100840336134454
S=C(NCc1ccc2OCOc2c1)N1CCN(CC1)c1ncnc2c3ccccc3oc12,amuvatinib,BRD-K66538826-001-01-5,0.90767133,0.2592592592592593
CC(C)(O)C(=O)N1CCN(CC1)c1ccc(c(c1)C1=C(C(=O)NC1=O)c1c[nH]c2ccccc12)C(F)(F)F,TCS-21311,BRD-K49461364-001-01-0,0.90764123,0.23456790123456794
CS(=O)(=O)CCCn1c(Cn2c3cnccc3n(CC(F)(F)F)c2=O)cc2cc(Cl)ccc12,JNJ-678,BRD-K00004600-001-01-9,0.9075445,0.26262626262626265
ONC(=O)CCCCCCC(=O)Nc1ccc(CN[C@H](C(=O)OC2CCCC2)c2ccccc2)cc1,tefinostat,BRD-K00091118-001-01-9,0.90665853,0.23076923076923073
CCC(C)C1NC2C=Cc3c(cc(nc3C2O)C(=O)OC(C)C2NC(=O)c3csc(n3)C(NC(=O)C3CSC(=N3)\C(NC(=O)C(NC(=O)c3csc(n3)C3(CCC(=NC3c3csc2n3)c2nc(cs2)C(=O)NC(=C)C(=O)NC(=C)C(N)=O)NC(=O)C(C)NC(=O)C(=C)NC(=O)C(C)NC1=O)C(C)O)=C/C)C(C)(O)C(C)O)C(C)O,thiostrepton,BRD-A20697603-001-07-2,0.9060682,0.1333333333333333
CC(C)=CCC\C(C)=C\CC\C(C)=C\CC\C(C)=C\CC1=C(C)C(=O)c2ccccc2C1=O,menatetrenone,BRD-K75864342-001-14-2,0.9059658,0.32307692307692304
CC(C)n1c2c(cnc3cc(F)c(cc23)-c2ccc(OCCCN3CCCCC3)nc2)n(C)c1=O,AZD1390,BRD-K00003509-001-01-9,0.9056565,0.19298245614035092
Cc1cc(\C=C\C#N)cc(C)c1Nc1ccnc(Nc2ccc(cc2)C#N)n1,rilpivirine,BRD-K06240250-001-01-6,0.9050776,0.15662650602409633
[H][C@]12CN(Cc3cccc(n3)N3CC(C3)N3CCN(CC)CC3)C(=O)[C@H](Cc3ccc(O)cc3F)N1C(=O)CN(CC=C)N2C(=O)NCc1ccccc1,e-7386,BRD-K00091075-001-01-9,0.90498716,0.19658119658119655
CN(C)c1ccc2[n+](C)c(\C=C\c3cc(C)n(c3C)-c3ccccc3)ccc2c1.CN(C)c1ccc2[n+](C)c(\C=C\c3cc(C)n(c3C)-c3ccccc3)ccc2c1,"(e)-2-(2-(2,5-dimethyl-1-phenyl-1h-pyrrol-3-yl)vinyl)-6-(dimethylamino)-1-methylquinolin-1-ium 4,4'-methylenebis(3-hydroxy-2-naphthoate)",BRD-M55114534-096-01-9,0.90412444,0.16129032258064513
CN1CCN(CC1)C(C)(C)C#Cc1cc2ncnc(Nc3ccc(F)c(Cl)c3)c2cc1NC(=O)C=C,AV-412,BRD-K23190681-001-01-1,0.90385044,0.2142857142857143
C[C@@H](O)[C@@H]1[C@@H]2[C@H](C)C(SC3CN(C3)C3=NCCS3)=C(N2C1=O)C(=O)OCOC(=O)C(C)(C)C,tebipenem pivoxil,BRD-K06900071-001-01-2,0.9038459,0.15094339622641506
CC(C)c1ccccc1S(=O)(=O)c1cc(N)c2ncccc2c1[N+]([O-])=O,PD-160170,BRD-K12079898-001-02-6,0.9036627,0.21250000000000002
[H][C@@]12C[C@@]3([H])[C@H](C(=O)c4c(O)ccc(Cl)c4[C@@]3(C)O)C(=O)[C@]1(O)C(=O)[C@H](C(N)=O)C(=O)[C@H]2N(C)C,chlortetracycline,BRD-K00003353-003-01-9,0.90282476,0.36585365853658536
Clc1ccc(Cn2cc(C(=O)C(=O)Nc3ccc4ncccc4c3)c3ccccc23)cc1,entasobulin,BRD-K00004610-001-01-9,0.9028122,0.3012048192771084
CNC(=O)[C@H](Cc1ccccc1)NC(=O)[C@H](CC(C)C)[C@H](CSc1cccs1)C(=O)NO,batimastat,BRD-K82818427-001-02-2,0.9025772,0.24096385542168675
CCC(=O)OCC(=O)[C@@]1(OC(=O)CC)[C@H](C)C[C@H]2[C@H]3[C@H](Cl)CC4=CC(=O)C=C[C@]4(C)[C@H]3[C@@H](O)C[C@]12C,alclometasone-dipropionate,BRD-A17407635-001-04-0,0.9023787,0.1512605042016807
Cc1ccc(NS(=O)(=O)c2cccc(c2)C#N)c2[nH]cc(C#N)c12,E7820,BRD-K00003172-001-01-9,0.9017955,0.1558441558441559
COc1ccc(NS(=O)(=O)c2sc3ccc(Cl)cc3c2C)cc1N1CCNCC1,SB-271046,BRD-K82467063-001-02-7,0.9013839,0.19999999999999996
COP(=O)(OC)OC=C(Cl)Cl,dichlorvos,BRD-K23779958-001-05-8,0.9013198,0.13043478260869568
[H][C@@]12C[C@@H](C)[C@](OC(=O)CC)(C(=O)COC(=O)CC)[C@@]1(C)C[C@H](O)[C@@]1([H])[C@@]2([H])[C@H](Cl)CC2=CC(=O)C=C[C@]12C,alclometasone dipropionate,,0.9006661,0.1512605042016807
CS(=O)(=O)c1ccc(Oc2cc(F)cc(c2)C#N)c2CC(F)(F)[C@@H](O)c12,PT-2385,BRD-K20850787-001-01-6,0.8999933,0.15463917525773196
CN1CCN(C)C(=O)[C@@H]1c1ccc(Nc2nc(cn(C)c2=O)-c2cccc(NC(=O)c3cc4CCCCc4s3)c2C)cc1,GDC-0834,BRD-A30984645-001-01-5,0.89844304,0.18018018018018023
CNc1cc2c(Nc3cccc(Br)c3)ncnc2cn1,PD-158780,BRD-K48735772-001-01-4,0.89705163,0.25396825396825395
Clc1ccc(CNC(=N)SCCCc2cnc[nH]2)cc1,clobenpropit,BRD-K71430621-303-02-3,0.89676607,0.23943661971830987
[H][C@]12[C@H](C)O[C@H](C)CN1c1c(CC22C(=O)NC(=O)NC2=O)cc2c(noc2c1F)N1[C@@H](C)COC1=O,zoliflodacin,BRD-K00003264-001-01-9,0.8964585,0.22340425531914898
Cn1c(COP(=O)(NCCBr)NCCBr)cnc1[N+]([O-])=O,TH-302,BRD-K20958582-001-01-4,0.8955633,0.25
Brc1ccc(\C=C\CNCCNS(=O)(=O)c2cccc3cnccc23)cc1,H-89,BRD-K27737647-300-03-0,0.89549935,0.28125
[H][C@@]12Cc3c(cc(NC(=O)CNC(C)(C)C)c(O)c3C(=O)[C@@H]1C(=O)[C@]1(O)C(=O)[C@H](C(N)=O)C(=O)[C@@H](N(C)C)[C@]1([H])C2)N(C)C,tigecycline,BRD-K00003349-001-01-9,0.89481515,0.23300970873786409
CC1(C)CCC(CN2CCN(CC2)c2ccc(C(=O)NS(=O)(=O)c3ccc(NCC4CCOCC4)c(c3)[N+]([O-])=O)c(Oc3cnc4[nH]ccc4c3)c2)=C(C1)c1ccc(Cl)cc1,venetoclax,BRD-K62391742-001-03-0,0.8946244,0.20855614973262027
CCCC(=O)Nc1cccc(NC(=O)c2ccccc2Br)c1,ML161,BRD-K59036917-001-16-7,0.8940694,0.3928571428571429
CC(C)n1nc(C)nc1-c1cn2CCOc3cc(ccc3-c2n1)-c1cnn(c1)C(C)(C)C(N)=O,taselisib,BRD-K44844162-001-01-6,0.8940288,0.1610169491525424
[H]C(=[C@@]=C1C(C)(C)C[C@@H](C[C@@]1(C)O)OC(C)=O)C(\C)=C\C=C\C(\C)=C\C=C\C=C(/C)\C=C\C=C(/C)C(=O)C[C@]12O[C@@]1(C)C[C@H](O)CC2(C)C,fucoxanthin,BRD-K00003355-001-01-9,0.89361966,0.15909090909090906
C[C@@H]1[C@H]2[C@H](O)[C@H]3[C@H](N(C)C)C(=O)[C@H](C(N)=O)C(=O)[C@@]3(O)C(O)=C2C(=O)c2c(O)cccc12,doxycycline hyclate,,0.89348334,0.3827160493827161
Fc1ccc(cc1)[C@@H](C#N)c1c(Cl)cc(cc1Cl)-n1ncc(=O)[nH]c1=O,letrazuril,BRD-K00003474-001-01-9,0.89329815,0.17808219178082196
CCCCn1c(CN(Cc2ccc3OCOc3c2)Cc2ccc3OCOc3c2)c(nc1-c1ccccc1)-c1ccccc1,NDT-9513727,BRD-K17539220-001-01-5,0.8929601,0.26315789473684215
O=C(Nc1ccc2[nH]ccc2c1)c1ccccc1,OAC2,BRD-K18305454-001-07-4,0.89289457,0.339622641509434
CN(C)Cc1c(oc2ccccc12)C(=O)NCCOc1ccc(cc1)C(=O)NO,PCI-24781,BRD-K12867552-001-04-7,0.8927267,0.2705882352941177
C[C@@H](CN1CCN(CC1)S(=O)(=O)c1ccc(Cl)c(Cl)c1)Nc1ncnc2c(C)csc12,LPA2-antagonist-1,BRD-K32322923-001-01-7,0.8924866,0.16666666666666663
CC1(C)O[C@H]2CC(=O)OC[C@@]22[C@H]1CC(=O)[C@]1(C)[C@@H]2CC[C@@]2(C)[C@@H](OC(=O)[C@H]3O[C@@]123)c1ccoc1,limonin,BRD-K05906022-001-05-1,0.8916632,0.15625
COc1ccc(Br)cc1S(=O)(=O)NC(=O)\C=C\c1ccccc1Cc1ccc2ccccc2c1,L-798106,BRD-K43905307-001-01-2,0.89136124,0.28205128205128205
CC(C)[C@@]1(NC(=O)[C@@H]2C[C@H]3[C@@H](Cc4c[nH]c5cccc3c45)N(C)C2)O[C@@]2(O)[C@@H]3CCCN3C(=O)[C@H](Cc3ccccc3)N2C1=O,dihydroergocristine,BRD-K97440753-066-18-1,0.8913132,0.1869158878504673
Clc1ccc(Oc2ccc(NC(=O)c3ccccn3)cc2Cl)nc1,VU0422288,BRD-K68674163-001-01-7,0.8910807,0.31081081081081086
C(Nc1ccccn1)c1ccc(CNc2ccccn2)cc1,WZ811,BRD-K25359048-001-02-6,0.88985175,0.2222222222222222
FC(F)(F)c1ccc(cc1)C#Cc1ccc(s1)-c1c(CNS(=O)(=O)N2CCCC2)c(nn1-c1ccc(Cl)cc1Cl)C(=O)NN1CCCCC1,DBPR-211,BRD-K00004704-001-01-9,0.88973486,0.20869565217391306
COC1=C(OC)C(=O)C(CCCCCCCCCC[P+](c2ccccc2)(c2ccccc2)c2ccccc2)=C(C)C1=O,mitoquinone,BRD-K00003362-066-01-9,0.8896267,0.19999999999999996
CC(C)(F)C[C@H](N[C@@H](c1ccc(cc1)-c1ccc(cc1)S(C)(=O)=O)C(F)(F)F)C(=O)NC1(CC1)C#N,odanacatib,BRD-K22822991-001-02-3,0.8884494,0.1686746987951807
COc1cc2ncnc(Nc3cccc(c3)C#C)c2cc1OCCCCCCC(=O)NO,CUDC-101,BRD-K41278234-001-03-0,0.887088,0.25609756097560976
O=C(NCCCCC1CCN(CC1)C(=O)c1ccccc1)\C=C\c1cccnc1,FK-866,BRD-K58550667-001-08-7,0.8869237,0.22988505747126442
CCOP(=O)(Cc1ccc(cc1)C(=O)Nc1ccc(Br)cc1C#N)OCC,ibrolipim,BRD-K62490786-001-01-1,0.8868472,0.28787878787878785
COc1ccc(cc1)S(=O)(=O)N(C(C)=O)c1ccccc1\C=C\c1cc[n+]([O-])cc1,HMN-214,BRD-K70511574-001-06-9,0.88676345,0.25
O[C@H]1c2c(CC1(F)F)c(Oc3cc(F)cc(c3)C#N)ccc2S(=O)(=O)C(F)F,pt2399,BRD-K00090636-001-01-9,0.88658077,0.1527777777777778
Cc1c(C)c2O[C@@](C)(COc3ccc(C[C@H]4SC(=O)NC4=O)cc3)CCc2c(C)c1O,troglitazone,BRD-A13084692-001-17-3,0.8865331,0.2158273381294964
C[C@@]1(C(=O)N2[C@H](C(=O)N3CCC[C@H]3[C@@]2(O1)O)CC4=CC=CC=C4)NC(=O)[C@@H]5C[C@H]6[C@@H](CC7=CNC8=CC=CC6=C78)N(C5)C,ergoloid mesylate,BRD-M00084838-001-01-9,0.88649714,0.18867924528301883
[H][C@]12C[C@@]3([H])[C@H](N(C)C)C(=O)[C@@H](C(N)=O)C(=O)[C@@]3(O)C(=O)[C@H]1C(=O)c1c(O)ccc(Cl)c1[C@H]2O,demeclocycline,BRD-K00003347-003-01-9,0.8863478,0.3176470588235294
Cc1cccc(COc2cccc(\C=C3/C(=O)NN(C3=O)c3ccccc3)c2)c1,Y16,BRD-K81865756-001-01-7,0.8859903,0.28378378378378377
CC1(C)SCCN([C@H]1C(=O)NO)S(=O)(=O)c1ccc(OCC#CCO)cc1,apratastat,BRD-K06883221-001-01-9,0.8859149,0.18999999999999995
Brc1ccc(NC(=S)NCCc2ccccn2)nc1,trovirdine,BRD-K00989047-001-01-2,0.8857128,0.31081081081081086
Cn1nc(N)c2cn([C@@H]3O[C@H](COP(O)(O)=O)[C@@H](O)[C@H]3O)c3ncnc1c23,triciribine-phosphate,BRD-K00004666-001-01-9,0.88509977,0.1504424778761062
CN1C[C@@H](C[C@H]2[C@H]1Cc1c[nH]c3cccc2c13)C(=O)N[C@]1(C)O[C@@]2(O)[C@@H]3CCCN3C(=O)[C@H](Cc3ccccc3)N2C1=O,dihydroergotamine,BRD-K72166146-066-04-7,0.88470423,0.18867924528301883
Clc1ccc(Nc2nnc(Cc3ccncc3)c3ccccc23)cc1,vatalanib,BRD-K70163715-036-01-6,0.8836063,0.26388888888888884
Clc1ccc([C@@H]2CS\C(S2)=C(\C#N)n2ccnc2)c(Cl)c1,luliconazole,BRD-K71058253-001-01-9,0.8833578,0.2222222222222222
Clc1cc2NC(=O)Cc2cc1CCN1CCN(CC1)c1nsc2ccccc12,ziprasidone,BRD-K29582115-001-04-9,0.8831979,0.173469387755102
Clc1cccc(N2CCN(CCCCNC(=O)c3ccc-4c(Cc5ccccc-45)c3)CC2)c1Cl,NGB-2904,BRD-K05181084-003-03-7,0.8829756,0.25316455696202533
O=C(Cc1ccc(cc1)-c1ccccc1)Nc1ccccn1,difenpiramide,BRD-K96206066-001-07-9,0.882126,0.36
Fc1cc2CN(CCn3cc(C4=C(C(=O)NC4=O)c4cnc5ccccn45)c(c1)c23)C(=O)N1CCCCC1,LY2090314,BRD-K78055238-001-01-8,0.88207465,0.17647058823529416
[O-][N+](=O)c1nccn1CC(=O)NCc1ccccc1,benznidazole,BRD-K56156805-001-09-6,0.8817428,0.303030303030303
Cc1cc(ccn1)-c1ccc(CC(=O)Nc2ccc(cc2)-c2cccnc2)cc1,wnt-c59,BRD-K78455053-001-01-2,0.88096714,0.33870967741935487
CCC(=O)OCC(=O)[C@@]1(OC(=O)CC)[C@@H](C)C[C@H]2[C@@H]3CCC4=CC(=O)C=C[C@]4(C)[C@@]3(Cl)[C@@H](O)C[C@]12C,beclomethasone-dipropionate,BRD-K97810537-001-12-8,0.8808967,0.1507936507936508
CC1=C(CCOC2=CC=C(C[C@@H](C(O)=O)OC)C3=C2C=CS3)N=C(C4=CC=CC=C4)O1,aleglitazar,BRD-K00076061-001-02-9,0.8806987,0.23232323232323238
CC(O)(CS(=O)(=O)c1ccc(F)cc1)C(=O)Nc1ccc(C#N)c(c1)C(F)(F)F,bicalutamide,BRD-A29485665-001-11-0,0.8804971,0.2191780821917808
ONC(=O)CCCCCCNC(=O)c1cnc(nc1)N(c1ccccc1)c1ccccc1,ACY-1215,BRD-K82928847-001-04-7,0.8799248,0.24615384615384617
[H][C@]12CO[P@](S)(=O)O[C@@]3([H])[C@@H](O)[C@@H](O[C@]3([H])CO[P@](S)(=O)O[C@@]([H])([C@@H](O1)n1cnc3c(N)ncnc13)[C@]2([H])O)n1cnc2c(N)ncnc12,MIW-815,BRD-K00003146-318-01-9,0.878421,0.13265306122448983
CCS(=O)(=O)N(C)[C@@H]1[C@@H](O)C(C)(C)Oc2ccc(cc12)C#N.CCS(=O)(=O)N(C)[C@H]1[C@H](O)C(C)(C)Oc2ccc(cc12)C#N,chromanol-(+/-),BRD-M02075109-001-01-1,0.8776411,0.18518518518518523
CNC1=CC=C(\C=C\C2=CC=C(OCCOCCOCCF)N=C2)C=C1,florbetapir,BRD-K00071590-001-01-9,0.87757427,0.17307692307692313
CCc1ccc(OCc2ccccc2C(=O)Nc2ccc3nc(C)cc(N)c3c2)cc1,JTC-801,BRD-K17705806-003-03-6,0.8772073,0.2962962962962963
C\C(\C=C\C=C(/C)C(O)=O)=C/C=C/C=C(\C)/C=C/C=C(\C)C(O)=O,transcrocetinate,BRD-K00003217-304-01-9,0.8744604,0.1568627450980392
CN1CCN(CC1)c1ccc(Nc2ncc(Cl)c(Sc3cccc(NC(=O)C=C)c3)n2)cc1,WZ8040,BRD-K81728688-001-04-4,0.8743472,0.27368421052631575
Brc1cccc(Nc2ncnc3ccc(NC(=O)C=C)cc23)c1,PD-168393,BRD-K17702546-001-03-2,0.8739711,0.28787878787878785
O[C@H]1[C@@H](COP(O)(O)=O)O[C@@H]([C@@H]1O)n1cnc2c1[nH]cnc2=O,polyinosine,BRD-A67531813-001-01-6,0.8728386,0.14893617021276595
Nc1ncnc2n(cnc12)[C@@H]1O[C@H](COP(O)(=O)OP(O)(=O)OP(O)(=O)OP(O)(=O)OC[C@H]2O[C@H]([C@H](O)[C@@H]2O)n2cnc3c(N)ncnc23)[C@@H](O)[C@H]1O,diadenosine-tetraphosphate,BRD-A52394261-419-01-7,0.87204206,0.12371134020618557
CN(C)[C@H]1[C@@H]2C[C@H]3C(C(=O)c4c(O)ccc(Cl)c4[C@@]3(C)O)C(=O)[C@]2(O)C(=O)C(C(N)=O)C1=O,chlortetracycline hcl,BRD-A25492003-003-15-8,0.8720206,0.36585365853658536
Cc1cc(on1)C(=CNc1ccc(Cl)cc1)C(=O)Nc1ccc(Cl)cc1,CCMI,BRD-K16338837-001-01-8,0.8719822,0.27419354838709675
[O-][N+](=O)c1cnc(Sc2n[nH]c(=O)n2-c2ccc3OCCOc3c2)s1,BI-78D3,BRD-K73982490-001-01-1,0.8711325,0.26388888888888884
CN(C)c1ccc2[n+](C)c(\C=C\c3cc(C)n(c3C)-c3ccccc3)ccc2c1,pyrvinium-pamoate,BRD-K39479472-096-04-7,0.8708351,0.16129032258064513
C[C@H](NC(=O)c1sccc1OCc1ccc(Cl)cc1)c1ccccc1,AS-1949490,BRD-K61936403-001-01-7,0.8708315,0.31818181818181823
Nc1ncnc2n(cnc12)[C@@H]1O[C@H](COP(O)(=O)OP(O)(=O)OP(O)(=O)OP(O)(=O)OC[C@H]2O[C@H](C(O)C2O)n2cnc3c(N)ncnc23)C(O)C1O,"p1,p4-di(adenosine-5')tetraphosphate ammonium",BRD-A15035311-001-01-8,0.8696555,0.12371134020618557
Cc1ccc(cc1NC(=O)c1ccc(OCc2ccccn2)cc1)-c1ncc[nH]1,AZ-12080282,BRD-K05973499-300-01-0,0.8695532,0.26027397260273977
CCCCCCCCCCC[C@@H](N=O)c1cc(C)ccc1O,1E-1-(2-hydroxy-5-methylphenyl)-1-dodecanone-oxime,BRD-A37752546-001-01-9,0.8693148,0.21875
C[C@H](NC(=O)C(C)(C)Oc1ccc(cn1)C(F)(F)F)[C@@H](Cc1ccc(Cl)cc1)c1cccc(c1)C#N,taranabant,BRD-K35169477-001-01-9,0.86885613,0.22988505747126442
OCCN1CCN(CC1)c1ccc(Nc2ncc3cccc(-c4cccc(NC(=O)C=C)c4)c3n2)c(F)c1F,CK-101,BRD-K00005246-001-01-9,0.8681532,0.21052631578947367
CCOC(=O)c1c2-c3ccccc3C(=O)c3cccc([nH]c1=O)c23,NQDI-1,BRD-K61918008-001-07-1,0.86755264,0.27450980392156865
CC(=O)NCCc1c(Cc2ccccc2)[nH]c2ccccc12,luzindole,BRD-K67013324-001-03-1,0.86709964,0.3188405797101449
CN(C)[C@H]1[C@@H]2C[C@@H]3Cc4c(cc(CNCC(C)(C)C)c(O)c4C(=O)C3C(=O)[C@]2(O)C(=O)C(C(N)=O)C1=O)N(C)C,omadacycline (mesylate),BRD-A72591750-066-01-1,0.8667432,0.2376237623762376
Nc1ncnc2n([C@@H]3O[C@@H]4CO[P@](O)(=O)O[C@H]4[C@H]3O)c(Br)nc12,8-bromo-cAMP,BRD-A09554849-236-07-6,0.86671877,0.12371134020618557
C[C@]12CCC3C(CC[C@]4(O)C[C@@H](O)CC[C@]34C=O)[C@@]1(O)CCC2C1=CC(=O)OC1,strophanthidin acetate,BRD-A55312468-001-04-7,0.8664423,0.15053763440860213
CN(Cc1oc2ccccc2c1C)C(=O)\C=C\c1cnc2NC(=O)CCc2c1,AFN-1252,BRD-K23791635-001-01-3,0.8663152,0.19736842105263153
FC(F)(F)c1ccc(\C=C\c2nc(COc3ccc(CCCCn4ccnn4)cc3)co2)cc1,mubritinib,BRD-K19061412-001-02-4,0.86588967,0.18085106382978722
O=C1N=C(NCc2cccs2)S\C1=C/c1ccc2ncccc2c1,Ro-3306,BRD-K78373679-001-03-7,0.8658835,0.23863636363636365
Cc1cc(OCCCS(C)(=O)=O)cc(C)c1-c1cccc(COc2ccc3[C@H](CC(O)=O)COc3c2)c1,TAK-875,BRD-K58501140-001-02-9,0.86558884,0.24137931034482762
Fc1cc(CC2(Cc3ccnc(F)c3)c3ccccc3C(=O)c3ccccc23)ccn1,DMP-543,BRD-K89274813-001-02-3,0.86554384,0.30952380952380953
ONC(=O)c1cnc(nc1)N1CCN(CC1)S(=O)(=O)c1ccc2ccccc2c1,R306465,BRD-K86687746-001-01-3,0.8654871,0.2753623188405797
O=c1ccc2ccc(OCCCCN3CCN(CC3)c3cccc4sccc34)cc2[nH]1,brexpiprazole,BRD-K00911143-001-01-9,0.8651104,0.18292682926829273
C[C@H](NC(=O)C(=C\c1cccc(Br)n1)\C#N)c1ccccc1,WP1066,BRD-K05445342-001-02-0,0.86508405,0.2195121951219512
