smiles,pert_iname,activity,nearest_neighbor_similarity
CCOC(=O)c1ncn-2c1CN(C)C(=O)c1cc(ccc-21)N=[N+]=[N-],Ro-15-4513,1.0,0.2111111111111111
CC(C)C(=O)OC[C@]1(O[C@H]([C@H](OC(=O)C(C)C)[C@@H]1OC(=O)C(C)C)n1ccc(N)nc1=O)N=[N+]=[N-],balapiravir,1.0,0.1818181818181817
Cc1cn([C@H]2C[C@H](N=[N+]=[N-])[C@@H](CO)O2)c(=O)[nH]c1=O,zidovudine,1.0,0.15625
CC(C)(COP(O)(=O)OP(O)(=O)OC[C@H]1O[C@H]([C@H](O)[C@@H]1OP(O)(O)=O)n1cnc2c(N)ncnc12)[C@@H](O)C(=O)NCCC(=O)NCCS,coenzyme-A,0.9999999,0.1595744680851063
Nc1ccn([C@@H]2O[C@@](CO)(N=[N+]=[N-])[C@@H](O)[C@@H]2O)c(=O)n1,Ro-9187,0.99999964,0.1547619047619047
Nc1ccn([C@@H]2O[C@@](CO)(N=[N+]=[N-])[C@@H](O)[C@H]2O)c(=O)n1,R-1479,0.99999964,0.1547619047619047
CO[C@]1(NC(=O)C2SC(S2)=C(C(N)=O)C(O)=O)[C@H]2SCC(CSc3nnnn3C)=C(N2C1=O)C(O)=O,cefotetan,0.9998418,0.219047619047619
Nc1nccc(Oc2ccc(NC(=O)c3cn(COP(O)(O)=O)cc(-c4ccc(F)cc4)c3=O)cc2F)c1Cl,BMS-817378,0.9998287,0.2307692307692307
COc1cnc(-n2cnc(C)n2)c2n(COP(O)(O)=O)cc(C(=O)C(=O)N3CCN(CC3)C(=O)c3ccccc3)c12,fostemsavir,0.9998129,0.2038834951456311
[H][C@]1(CO)O[C@]([H])(n2cnc3cc(C)c(C)cc23)[C@]([H])(O)[C@]1([H])OP(O)(=O)O[C@H](C)CNC(=O)CC[C@@]1(C)\C2=C(C)\C3=N\C(=C\C4=N\C(=C(C)/C5=N[C@@](C)([C@@]([H])(N2[Co+]C)[C@]1([H])CC(N)=O)[C@@](C)(CC(N)=O)[C@]5([H])CCC(N)=O)\[C@@](C)(CC(N)=O)[C@]4([H])CCC(N)=O)\C(C)(C)[C@]3([H])CCC(N)=O,methylcobalamin,0.999626,0.1614349775784753
[H][C@]12[C@@H](CCN1C(=O)c1coc(CC(=O)C[C@H](O)\C=C(/C)\C=C/CNC(=O)\C=C\[C@@H](C)[C@@H](OC2=O)C(C)C)n1)S(=O)(=O)CCN(CC)CC,dalfopristin,0.9996042,0.1999999999999999
CCC(=O)O[C@H]1[C@H](C)O[C@H](C[C@@]1(C)OC(C)=O)O[C@@H]1[C@@H](C)O[C@@H](O[C@H]2[C@@H](CC=O)C[C@@H](C)[C@@H](OC(C)=O)\C=C\C=C\C[C@@H](C)OC(=O)C[C@@H](OC(=O)CC)[C@@H]2OC)[C@H](O)[C@H]1N(C)C,miocamycin,0.9994648,0.2945736434108527
C[C@H](CNC(=O)CC[C@]1(C)[C@@H](CC(N)=O)[C@H]2N=C1\C(C)=C1/N=C(/C=C3\N=C(\C(\C)=C4\[C@@H](CCC(N)=O)[C@](C)(CC(N)=O)[C@@]2(C)N4[Co+]C#N)[C@@](C)(CC(N)=O)[C@@H]3CCC(N)=O)C(C)(C)[C@@H]1CCC(N)=O)O[P@@](O)(=O)O[C@@H]1[C@@H](CO)O[C@@H]([C@@H]1O)n1cnc2cc(C)c(C)cc12,cyanocobalamin,0.9993574,0.1428571428571429
[H]O[Co+]N1\C2=C(C)/C3=N/C(=C/C4=N/C(=C(C)\C5=N[C@@](C)([C@@]1([H])[C@H](CC(N)=O)[C@@]2(C)CCC(=O)NC[C@@H](C)OP(O)(=O)O[C@@H]1[C@@H](CO)O[C@@H]([C@@H]1O)n1cnc2cc(C)c(C)cc12)[C@@](C)(CC(N)=O)[C@@H]5CCC(N)=O)/[C@@](C)(CC(N)=O)[C@@H]4CCC(N)=O)/C(C)(C)[C@@H]3CCC(N)=O,hydroxocobalamin,0.9993571,0.1607142857142857
COc1cc(cc(OC)c1OP(O)(O)=O)[C@H]1[C@@H]2[C@H](COC2=O)[C@H](O[C@@H]2O[C@@H]3CO[C@@H](C)O[C@H]3[C@H](O)[C@H]2O)c2cc3OCOc3cc12,etoposide-phosphate,0.99933624,0.2315789473684211
C[C@H](CNC(=O)CC[C@]1(C)[C@@H](CC(N)=O)[C@H]2N=C1\C(C)=C1/N=C(/C=C3\N=C(\C(\C)=C4\[C@@H](CCC(N)=O)[C@](C)(CC(N)=O)[C@@]2(C)N4[Co+]C#N)[C@@](C)(CC(N)=O)[C@@H]3CCC(N)=O)C(C)(C)[C@@H]1CCC(N)=O)OP(O)(=O)O[C@@H]1[C@@H](CO)O[C@@H]([C@@H]1O)n1cnc2cc(C)c(C)cc12,vitamin-B12,0.9993246,0.1428571428571429
C[C@@H](O)[C@@H]1[C@H]2[C@@H](C)C(S[C@@H]3CN[C@H](CNS(N)(=O)=O)C3)=C(N2C1=O)C(O)=O,doripenem,0.99924815,0.1899999999999999
C[C@@H](O)[C@@H]1[C@H]2[C@@H](C)C(S[C@@H]3CN[C@@H](C3)C(=O)N(C)C)=C(N2C1=O)C(O)=O,meropenem,0.99894065,0.1770833333333333
Cn1nnc(n1)-c1ccc(cn1)-c1ccc(cc1F)N1C[C@H](COP(O)(O)=O)OC1=O,tedizolid-phosphate,0.99874103,0.1999999999999999
[O-][N+](=O)c1ccc(\C=C\C=N\N2CC(=O)NC2=O)o1,furagin,0.9983562,0.2413793103448276
CCN(CCCOc1ccc2c(Nc3cc(CC(=O)Nc4cccc(F)c4)n[nH]3)ncnc2c1)CCOP(O)(O)=O,barasertib,0.9983344,0.2857142857142857
[H][C@@]1(C[C@@](C)(O)[C@@H](OC(=O)CC(C)C)[C@H](C)O1)O[C@@H]1[C@@H](C)O[C@@]([H])(O[C@H]2[C@@H](CC=O)C[C@@H](C)[C@@H](O)\C=C\C=C\C[C@@H](C)OC(=O)C[C@@]([H])(OC(C)=O)[C@@H]2OC)[C@H](O)[C@H]1N(C)C,josamycin,0.99829865,0.2878787878787878
[H][C@@]12C[C@@](O)(NC(=O)O1)[C@]([H])(OC)\C=C\C=C(C)\Cc1cc(OC)c(Cl)c(c1)N(C)C(=O)C[C@]([H])(OC(=O)[C@H](C)N(C)C(=O)CCS)[C@]1(C)O[C@H]1[C@@H]2C,mertansine,0.99823225,0.1796407185628742
CCOC(=O)N1CCN(CC1)C(=O)[C@H](Cc1cccc(c1)C(=N)NO)NS(=O)(=O)c1c(cc(cc1C(C)C)C(C)C)C(C)C,upamostat,0.9982092,0.2093023255813954
C[C@@H](O)[C@H]1[C@H]2[C@@H](C)C(S[C@@H]3CN[C@@H](C3)C(=O)Nc3cccc(c3)C(O)=O)=C(N2C1=O)C(O)=O,ertapenem,0.9980648,0.2467532467532467
COc1cc(OC)c(\C=C\S(=O)(=O)Cc2ccc(OC)c(OP(O)(O)=O)c2)c(OC)c1,briciclib,0.9980278,0.2424242424242424
CCC[C@@H](NC(=O)N1[C@@H](Oc2ccc(cc2)C(=O)N2CCN(C)CC2)C(CC)(CC)C1=O)c1ccc2OCOc2c1,DMP-777,0.99801743,0.2282608695652174
Clc1cc(Cl)cc(COC(=O)N2CCN(CCC(=O)c3ccc4[nH]c(=O)oc4c3)CC2)c1,PF-8380,0.9979612,0.2278481012658227
CC[C@@H]1\C=C(C)\C[C@H](C)C[C@H](OC)[C@H]2O[C@](O)([C@H](C)C[C@@H]2OC)C(=O)C(=O)N2CCCC[C@H]2C(=O)O[C@@H]([C@H](C)[C@@H](O)CC1=O)C(\C)=C\[C@@H]1CC[C@H](Cl)[C@@H](C1)OC,pimecrolimus,0.9979507,0.1764705882352941
CO[C@]1(NC(=O)CSC[C@@H](N)C(O)=O)[C@H]2SCC(CSc3nnnn3C)=C(N2C1=O)C(O)=O,cefminox,0.9978452,0.2222222222222222
C[C@@H](O)[C@@H]1[C@H]2CC(SCCNC=N)=C(N2C1=O)C(O)=O,imipenem,0.9977754,0.2530120481927711
NC(=O)OC[C@@H]1[C@H](NC(=O)C(=N/OCC(O)=O)\c2csc(N)n2)C(=O)N1S(O)(=O)=O,carumonam,0.9975858,0.2448979591836735
C\C(N(Cc1cnc(C)nc1N)C=O)=C(/CCOP(O)(O)=O)SC(=O)c1ccccc1,benfotiamine,0.9974297,0.2073170731707316
CC\C(=C(\CC)c1ccc(OP(O)(O)=O)cc1)c1ccc(OP(O)(O)=O)cc1,fosfestrol,0.99727076,0.2363636363636363
C[C@]12CC[C@H]3[C@@H](CCc4cc(OC(=O)N(CCCl)CCCl)ccc34)[C@@H]1CC[C@@H]2OP(O)(O)=O,estramustine-phosphate,0.9971426,0.1938775510204081
CCC[C@@H]1C[C@H](N(C)C1)C(=O)N[C@H]([C@H](C)Cl)[C@H]1O[C@H](SC)[C@H](OP(O)(O)=O)[C@@H](O)[C@H]1O,clindamycin-phosphate,0.996964,0.1555555555555555
CO[C@]1(NC(=O)CSCC#N)[C@H]2SCC(CSc3nnnn3C)=C(N2C1=O)C(O)=O,cefmetazole,0.9965165,0.2254901960784313
CC[C@@]1(O)C(=O)OCc2c1cc1-c3nc4cc(F)c(C)c5CC[C@H](N)c(c3Cn1c2=O)c45,exatecan-mesylate,0.9962322,0.1651376146788991
[O-][N+](=O)c1ccc(\C=N\N2CC(=O)NC2=O)o1,nitrofurantoin,0.99589664,0.2592592592592593
C[C@H]1C[C@H]2[C@@H]3CCC4=CC(=O)C=C[C@]4(C)[C@@]3(F)[C@@H](O)C[C@]2(C)[C@@]1(O)C(=O)COP(O)(O)=O,betamethasone-phosphate,0.9955494,0.1634615384615384
[O-][N+](=O)c1ccc(\C=N\N2C[C@@H](CN3CCOCC3)OC2=O)o1,furaltadone,0.9950302,0.2539682539682539
CC[C@@]1(O)C(=O)OCc2c1cc1-c3nc4ccc(O)c(CN(C)C)c4cc3Cn1c2=O,topotecan,0.9949504,0.1624999999999999
CCC[C@@]1(CCc2ccccc2)CC(=O)[C@@H]([C@H](CC)c2cccc(NS(=O)(=O)c3ccc(cn3)C(F)(F)F)c2)C(=O)O1,tipranavir,0.99453485,0.1720430107526881
[O-][N+](=O)c1ccc(\C=N\N2CCOC2=O)o1,furazolidone,0.99432003,0.2592592592592593
COCCNc1cc(NC(=O)N2CCCc3cc(CN4CCN(C)CC4=O)c(C=O)nc23)ncc1C#N,roblitinib,0.99399966,0.188034188034188
CC1(C)CCC(=C(CN2CCN(CC2)c2ccc(cc2)C(=O)NS(=O)(=O)c2ccc(N[C@H](CCN3CCOCC3)CSc3ccccc3)c(c2)S(=O)(=O)C(F)(F)F)C1)c1ccc(Cl)cc1,navitoclax,0.993919,0.1804511278195488
CO[C@@H]1C[C@H](C[C@@H](C)[C@@H]2CC(=O)[C@H](C)\C=C(C)\[C@@H](O)[C@@H](OC)C(=O)[C@H](C)C[C@H](C)\C=C\C=C\C=C(C)\[C@H](C[C@@H]3CC[C@@H](C)[C@@](O)(O3)C(=O)C(=O)N3CCCC[C@H]3C(=O)O2)OC)CC[C@H]1O,sirolimus,0.99353284,0.1630434782608695
NC(=O)c1ccc[n+](c1)[C@@H]1O[C@H](COP(O)(=O)OP(O)(=O)OC[C@H]2O[C@H]([C@H](O)[C@@H]2O)n2cnc3c(N)ncnc23)[C@@H](O)[C@H]1O,nadide,0.99288785,0.1546391752577319
C[C@@H](O)[C@@H]1[C@H]2SC(S[C@H]3CC[S@@](=O)C3)=C(N2C1=O)C(O)=O,sulopenem,0.9928813,0.2235294117647058
C[C@H]1CS(=O)(=O)CCN1\N=C\c1ccc(o1)[N+]([O-])=O,nifurtimox,0.9927513,0.2333333333333332
CC(C)(C#N)c1ccc(cc1)N1C(=O)OCc2cnc3ccc(cc3c12)-c1cnc2ccccc2c1,ETP-46464,0.9924269,0.2129629629629629
C[C@H]1[C@H](NC(=O)C(=N/OC(C)(C)C(O)=O)\c2csc(N)n2)C(=O)N1S(O)(=O)=O,aztreonam,0.99241793,0.2580645161290322
C[C@@H](O)[C@@H]1[C@H]2CC(S[C@H]3CCN(C3)C(N)=C)=C(N2C1=O)C(O)=O,panipenem,0.99238616,0.2222222222222222
CCc1c2Cn3c(cc4c(COC(=O)[C@]4(O)CC)c3=O)-c2nc2ccc(O)cc12,SN-38,0.9922643,0.1797752808988764
CO[C@@H]1C[C@@H](CC[C@H]1O)\C=C(/C)[C@H]1OC(=O)[C@@H]2CCCCN2C(=O)C(=O)[C@]2(O)O[C@@H]([C@H](C[C@H]2C)OC)[C@H](C[C@@H](C)C\C(C)=C\[C@@H](CC=C)C(=O)C[C@H](O)[C@H]1C)OC,tacrolimus,0.9921625,0.1678832116788321
C[C@@H](O)[C@@H]1[C@H]2[C@@H](C)C(SC3Cn4cnc[n+]4C3)=C(N2C1=O)C(O)=O,biapenem,0.99213725,0.1935483870967742
COC[C@H]1OC(=O)c2coc3c2[C@@]1(C)C1=C([C@@H]2CCC(=O)[C@@]2(C)C[C@H]1OC(C)=O)C3=O,wortmannin,0.9915373,0.183673469387755
O[C@@H]1[C@@H](COP(O)(=O)OP(O)(=O)OP(O)(=O)OP(O)(=O)OC[C@H]2O[C@H]([C@H](O)[C@@H]2O)n2ccc(=O)[nH]c2=O)O[C@H]([C@@H]1O)n1ccc(=O)[nH]c1=O,diquafosol,0.991443,0.1413043478260869
C\C(\C=C\C=C(/C)\C=C\C1=C(C)CCCC1(C)C)=C/C=C/C=C(\C)/C=C/C=C(\C)/C=C/C1=C(C)CCCC1(C)C,beta-carotene,0.9914387,0.1184210526315789
COC(=O)[C@H](CC(C)C)NC(=O)c1ccc(NC[C@@H](N)CS)cc1-c1cccc2ccccc12,GGTI-298,0.9914304,0.275
[H][C@@]12CC(=O)N1[C@@H](C(O)=O)[C@](C)(Cn1cc[n+](C)n1)S2(=O)=O,AAI101,0.9907799,0.2133333333333333
C[C@H]1O[C@@H](O[C@@H]2C[C@@H]3O[C@@](O)(C[C@H](O)[C@H]3C(O)=O)C[C@@H](O)C[C@@H](O)[C@H](O)CC[C@@H](O)C[C@@H](O)CC(=O)O[C@@H](C)[C@H](C)[C@H](O)[C@@H](C)\C=C\C=C\C=C\C=C\C=C\C=C\C=C\2)[C@@H](O)[C@@H](N)[C@@H]1O,amphotericin-b,0.99074525,0.2288135593220338
C[C@]1(Cn2ccnn2)[C@@H](N2[C@@H](CC2=O)S1(=O)=O)C(O)=O,tazobactam,0.9906198,0.2162162162162162
CO[C@@H]1C[C@H](C[C@@H](C)[C@@H]2CC(=O)[C@H](C)\C=C(C)\[C@@H](O)[C@@H](OC)C(=O)[C@H](C)C[C@H](C)\C=C\C=C\C=C(C)\[C@H](C[C@@H]3CC[C@@H](C)[C@@](O)(O3)C(=O)C(=O)N3CCCC[C@H]3C(=O)O2)OC)CC[C@H]1OCCO,everolimus,0.99015665,0.1610738255033557
CC[C@@H]1\C=C(C)\C[C@H](C)C[C@H](OC)[C@H]2O[C@](O)([C@H](C)C[C@@H]2OC)C(=O)C(=O)N2CCCC[C@H]2C(=O)O[C@@H]([C@H](C)[C@@H](O)CC1=O)C(\C)=C\[C@@H]1CC[C@@H](O)[C@@H](C1)OC,ascomycin,0.9899885,0.1804511278195488
CSCCNc1nc(SCCC(F)(F)F)nc2n(cnc12)[C@@H]1O[C@H](COP(O)(=O)OP(O)(=O)C(Cl)(Cl)P(O)(O)=O)[C@@H](O)[C@H]1O,cangrelor,0.9894902,0.1391304347826086
CN(c1cccc(Cl)c1)S(=O)(=O)c1ccc2NC(=O)\C(=C/c3[nH]c(C)c(C(=O)N4CCN(C)CC4)c3C)c2c1,SU11274,0.9892222,0.188034188034188
CSC[C@H]1CN(\N=C\c2ccc(o2)[N+]([O-])=O)C(=O)O1,inimur,0.98921186,0.2622950819672131
CC(=O)N1CCC[C@H]1C(=O)N[C@@H](Cc1cnc[nH]1)C(=O)N[C@@H](CO)C(=O)N[C@@H](CS)C(=O)N[C@@H](CC(N)=O)C(N)=O,ATN-161,0.9890445,0.1739130434782608
CO[C@@H]1C[C@H](C[C@@H](C)[C@@H]2CC(=O)[C@H](C)\C=C(C)\[C@@H](O)[C@@H](OC)C(=O)[C@H](C)C[C@H](C)\C=C\C=C\C=C(C)\[C@H](C[C@@H]3CC[C@@H](C)[C@@](O)(O3)C(=O)C(=O)N3CCCC[C@H]3C(=O)O2)OC)CC[C@@H]1n1cnnn1,zotarolimus,0.9889208,0.1658031088082902
CC[C@@]1(O)C(=O)OCc2c1cc1-c3nc4ccc(O)cc4cc3Cn1c2=O,10-hydroxycamptothecin,0.9888768,0.2142857142857143
C[C@H]1O[C@@H](O[C@@H]2C[C@@H]3O[C@@](O)(C[C@H](O)[C@H]3C(O)=O)C[C@@H](O)C[C@H]3O[C@@H]3\C=C\C(=O)O[C@H](C)C\C=C\C=C\C=C\C=C\2)[C@@H](O)[C@@H](N)[C@@H]1O,natamycin,0.9887495,0.2434782608695652
C[C@H](F)[C@H]1COC(=O)N1c1ccnc(N[C@@H](C)c2cc(C)c(cn2)-c2ccnc(c2)C(F)(F)F)n1,IDH-305,0.9884288,0.1683168316831683
NC(=O)C1=CN(C=CC1)[C@@H]1O[C@H](COP(O)(=O)OP(O)(=O)OC[C@H]2O[C@H]([C@H](O)[C@@H]2O)n2cnc3c(N)ncnc23)[C@@H](O)[C@H]1O,coenzyme-I,0.9883286,0.1441441441441441
C[C@@H](C[C@@H](C)[C@H]1OC(=O)CC(=O)CCCC(=O)C[C@@H](O)C[C@@H](O)C[C@@H](O)CC(=O)C[C@@H](O)[C@@H]([C@@H](O)C[C@@H](O[C@@H]2O[C@H](C)[C@H](O)[C@@H](O)[C@@H]2N)\C=C\C=C\C=C\C=C\C=C\C=C\C=C\[C@@H]1C)C(O)=O)[C@@H](O)CC(=O)c1ccc(N)cc1,candicidin,0.9881917,0.21875
CC(C)(C)CC(=O)Nc1c(F)cc(cc1F)C(=O)\N=c1/sccn1COP(O)(O)=O,Lu-AA-47070,0.9878907,0.2077922077922077
CO[C@@H]1C[C@H](C[C@@H](C)[C@@H]2CC(=O)[C@H](C)\C=C(C)\[C@@H](O)[C@@H](OC)C(=O)[C@H](C)C[C@H](C)\C=C\C=C\C=C(C)\[C@H](C[C@@H]3CC[C@@H](C)[C@@](O)(O3)C(=O)C(=O)N3CCCC[C@H]3C(=O)O2)OC)CC[C@H]1OC(=O)C(C)(CO)CO,temsirolimus,0.9878872,0.1666666666666666
Cc1oc(nc1CCOc1ccc(C[C@@H]2SC(=O)NC2=O)c2sccc12)-c1ccccc1,edaglitazone,0.9878684,0.2127659574468084
Cc1ncc(COP(O)(O)=O)c(C=O)c1O,MC-1,0.9865123,0.1830985915492957
CO[C@@H]1C[C@H](C[C@@H](C)[C@@H]2CC(=O)[C@H](C)\C=C(C)\[C@@H](O)[C@@H](OC)C(=O)[C@H](C)C[C@H](C)\C=C\C=C\C=C(C)\[C@H](C[C@@H]3CC[C@@H](C)[C@@](O)(O3)C(=O)C(=O)N3CCCC[C@H]3C(=O)O2)OC)CC[C@H]1OP(C)(C)=O,deforolimus,0.986117,0.1578947368421053
CCc1c2Cn3c(cc4c(COC(=O)[C@]4(O)CC)c3=O)-c2nc2ccc(OC(=O)N3CCC(CC3)N3CCCCC3)cc12,irinotecan,0.98589647,0.1875
CN(C)C(=O)n1cc(C(=O)c2ccc(Cn3c(C)nc4cnccc34)c(F)c2)c2c(cccc12)C#C,ABT-491,0.98568517,0.1941747572815534
CO[C@H]1C[C@H](C)CC2=C(NCC=C)C(=O)C=C(NC(=O)\C(C)=C\C=C/[C@H](OC)[C@@H](OC(N)=O)\C(C)=C\[C@H](C)[C@H]1O)C2=O,tanespimycin,0.985401,0.2335766423357664
C[C@H]1O[C@@H](O[C@@H]2C[C@@H]3O[C@@](O)(C[C@H](O)[C@H]3C(O)=O)C[C@@H](O)[C@H](O)CC[C@@H](O)C[C@@H](O)C[C@@H](O)CC(=O)O[C@@H](C)[C@H](C)[C@H](O)[C@@H](C)\C=C\C=C\CC\C=C\C=C\C=C\C=C\2)[C@@H](O)[C@@H](N)[C@@H]1O,nystatin,0.9852934,0.2542372881355932
CC[C@@]1(O)C(=O)OCc2c1cc1-c3nc4ccccc4c(CCNC(C)C)c3Cn1c2=O,belotecan,0.9845821,0.1826923076923077
Cc1cc(C)c(N(Cc2ccccc2)S(=O)(=O)c2ccc(OCCNC(=O)c3cc4ccccc4o3)cc2)c(c1)C(=O)NO,WAY-170523,0.9840833,0.2947368421052632
CC(C)(C)C(=O)OCOC(=O)[C@H]1N2[C@@H](CC2=O)S(=O)(=O)C1(C)C,sulbactam-pivoxil,0.983652,0.1621621621621621
CO[C@H]1C[C@H](C)CC2=C(NCCN(C)C)C(=O)C=C(NC(=O)\C(C)=C\C=C/[C@H](OC)[C@@H](OC(N)=O)\C(C)=C\[C@H](C)[C@H]1O)C2=O,alvespimycin,0.9832724,0.2279411764705882
COP(=O)(OC)O[C@@H](c1ccc(Cl)cc1)P(=O)(OC)OC,mifobate,0.98325384,0.2068965517241379
Cc1ccc(cc1)S(=O)(=O)c1ccc(o1)[N+]([O-])=O,NSC-697923,0.98306876,0.276595744680851
CC(=O)NC[C@H]1CN(C(=O)O1)c1ccc(N2CCN(CC2)C(=O)CO)c(F)c1,eperezolid,0.98283625,0.2272727272727273
CO[C@@H]1[C@H](O[P@](S)(=O)OC[C@H]2O[C@H](C[C@@H]2O)n2cnc3c(N)ncnc23)[C@@H](CO)O[C@H]1n1ccc(=O)[nH]c1=O,inarigivir,0.9827038,0.1502890173410405
CCOC(=O)c1ccc(cc1)N1NC(=O)\C(=C\c2ccc(o2)[N+]([O-])=O)C1=O,PYR-41,0.9819317,0.2857142857142857
CC[C@H](C)[C@@H]1N[C@@H]2C=Cc3c(cc(nc3[C@H]2O)C(=O)O[C@H](C)[C@@H]2NC(=O)c3csc(n3)[C@@H](NC(=O)[C@H]3CSC(=N3)\C(NC(=O)[C@@H](NC(=O)c3csc(n3)[C@]3(CCC(=N[C@@H]3c3csc2n3)c2nc(cs2)C(=O)NC(=C)C(=O)NC(=C)C(N)=O)NC(=O)[C@H](C)NC(=O)C(=C)NC(=O)[C@H](C)NC1=O)[C@@H](C)O)=C\C)[C@](C)(O)[C@@H](C)O)[C@H](C)O,thiostrepton,0.9819291,0.1333333333333333
CO[C@]1(NC(=O)[C@@H](C(O)=O)c2ccc(O)cc2)[C@H]2OCC(CSc3nnnn3C)=C(N2C1=O)C(O)=O,moxalactam,0.9817942,0.2164948453608247
[O-][N+](=O)c1cccc(c1)S(=O)(=O)n1cccc1\C=C(/C#N)S(=O)(=O)c1ccc(F)cc1,AMZ30,0.98118556,0.2295081967213115
CO[C@H]1C[C@H](C)Cc2c(O)c(NC(=O)\C(C)=C\C=C/[C@H](OC)[C@@H](OC(N)=O)\C(C)=C\[C@H](C)[C@H]1O)cc(O)c2NCC=C,retaspimycin,0.98104495,0.25
COc1cc(Nc2ncc(F)c(Nc3ccc4OC(C)(C)C(=O)N(COP(O)(O)=O)c4n3)n2)cc(OC)c1OC,fostamatinib,0.980642,0.2115384615384615
C[C@H]1CCC\C(C)=C/C[C@H](OC(=O)C[C@H](O)C(C)(C)C(=O)[C@H](C)[C@H]1O)C(\C)=C\c1csc(C)n1,epothilone-D,0.9804274,0.173469387755102
CC(C)=CCC\C(C)=C\C=C\C(\C)=C\C=C\C(\C)=C\C=C\C=C(/C)\C=C\C=C(/C)\C=C\C=C(/C)CCC=C(C)C,lycopene,0.98028976,0.2333333333333332
Cc1oc(nc1CCC(=O)c1ccc(CC2SC(=O)NC2=O)cc1)-c1ccccc1,darglitazone,0.98014414,0.2045454545454545
COC(=O)[C@@H]1C[C@H](OC(C)=O)C(=O)[C@H]2[C@@]1(C)CC[C@H]1C(=O)O[C@@H](C[C@]21C)c1ccoc1,salvinorin-A,0.97916234,0.1769911504424779
CC[C@@]1(O)C(=O)OCc2c1cc1-c3nc4cccc(N)c4cc3Cn1c2=O,9-aminocamptothecin,0.978985,0.1891891891891891
C[C@H]1CCC[C@H]2O[C@H]2C[C@H](OC(=O)C[C@H](O)C(C)(C)C(=O)[C@H](C)[C@H]1O)C(\C)=C\c1csc(C)n1,epothilone-A,0.9789194,0.173469387755102
C[C@H]1CCC[C@@]2(C)O[C@H]2C[C@H](OC(=O)C[C@H](O)C(C)(C)C(=O)[C@H](C)[C@H]1O)C(\C)=C\c1csc(C)n1,epothilone-B,0.97836435,0.17
CCCS(=O)(=O)Nc1ccc(F)c(C(=O)c2c[nH]c3ncc(cc23)-c2ccc(Cl)cc2)c1F,vemurafenib,0.9779369,0.1978021978021977
CC(C)c1nccc(C)c1-n1c2nc(c(F)cc2c(nc1=O)N1CCN(C[C@@H]1C)C(=O)C=C)-c1c(O)cccc1F,AMG-510,0.976768,0.1886792452830188
CCCCCC[C@@H]1[C@@H](OC(=O)CC(C)C)[C@H](C)OC(=O)[C@@H](NC(=O)c2cccc(NC=O)c2O)[C@@H](C)OC1=O,antimycin-A,0.97667503,0.1809523809523809
CC[C@@]1(O)C(=O)OCc2c1cc1-c3nc4cccc([N+]([O-])=O)c4cc3Cn1c2=O,rubitecan,0.9765396,0.1999999999999999
CO[C@H]1C[C@H](C)CC2=C(OC)C(=O)C=C(NC(=O)\C(C)=C\C=C\[C@H](OC)[C@@H](OC(N)=O)\C(C)=C\[C@H](C)[C@H]1O)C2=O,geldanamycin,0.9764695,0.2519685039370078
CC[C@@]1(O)C(=O)OCc2c1cc1-c3nc4ccccc4cc3Cn1c2=O,camptothecin,0.9762845,0.1911764705882352
C[C@H]1CN([C@H](C)CN1Cc1ccc(F)cc1)C(=O)c1cc2c(cn(C)c2cc1Cl)C(=O)C(=O)N(C)C,talmapimod,0.97578984,0.1956521739130434
C[C@@H](O)[C@@H]1[C@H]2SC([C@H]3CCCO3)=C(N2C1=O)C(=O)OCc1oc(=O)oc1C,faropenem-medoxomil,0.9745966,0.173469387755102
CC(C)CN(C[C@@H](OP(O)(O)=O)[C@H](Cc1ccccc1)NC(=O)O[C@H]1CCOC1)S(=O)(=O)c1ccc(N)cc1,fosamprenavir,0.9739092,0.1666666666666666
Cc1cc2nc3c(nc(=O)[nH]c3=O)n(C)c2cc1C=O,Ro-08-2750,0.9734365,0.1833333333333333
CC(C)Oc1ccc(cc1)S(=O)(=O)N1CCN(CC1)c1ccc(-c2ncco2)c(OCC(O)=O)c1,asapiprant,0.9730509,0.21875
CCC(=O)NC[C@H](Cc1ccc(OCCc2nc(oc2C)-c2ccccc2)cc1)N\C(C)=C/C(=O)c1ccc(cc1)C(F)(F)F,GW-6471,0.97255564,0.2452830188679244
CC[C@H]1\C=C(C)\[C@@H](O)C\C=C\C=C(CO[C@@H]2O[C@H](C)[C@@H](OC(=O)c3c(O)c(Cl)c(O)c(Cl)c3CC)[C@H](O)[C@@H]2OC)\C(=O)O[C@@H](C\C=C(/C)\C=C(C)\[C@@H]1O[C@@H]1OC(C)(C)[C@@H](OC(=O)C(C)C)[C@H](O)[C@@H]1O)[C@@H](C)O,fidaxomicin,0.97241306,0.1753246753246753
COc1ccccc1[C@H](Cn1c2sc(c(C)c2c(=O)n(c1=O)C(C)(C)C(O)=O)-c1ncco1)OC1CCOCC1,firsocostat,0.9723474,0.1864406779661016
CC[C@H]1OC(=O)C[C@@H](O)[C@H](C)[C@@H](O[C@@H]2O[C@H](C)[C@@H](O)[C@@H]([C@H]2O)N(C)C)[C@@H](CCN2C[C@@H](C)C[C@@H](C)C2)C[C@@H](C)C(=O)\C=C\C(\C)=C\[C@@H]1CO[C@@H]1O[C@H](C)[C@@H](O)[C@@H](OC)[C@H]1OC,tilmicosin,0.97104585,0.2384615384615385
COCCN1CCC(CC1)(C(=O)NO)S(=O)(=O)c1ccc(Oc2ccc(OC(F)(F)F)cc2)cc1,SD-2590,0.97053736,0.2421052631578947
CC1(C)[C@@H](N2[C@@H](CC2=O)S1(=O)=O)C(O)=O,sulbactam,0.970329,0.2542372881355932
CC(=O)OCC1=C2N3[C@H](SC1)[C@H](NC(=O)CCC[C@H](N)C(=O)O[Zn]OC2=O)C3=O,cephalosporin-c-zn,0.9699542,0.188235294117647
Nc1ncn([C@H]2C[C@H](OP(O)(=O)OC[C@H]3O[C@H](C[C@@H]3O)n3cnc4c3[nH]c(N)nc4=O)[C@@H](CO)O2)c(=O)n1,guadecitabine,0.969011,0.1508379888268156
CCN1CCN(CC1)c1ccc(cn1)C(C)(C)NC(=O)c1cc2[nH]c3ccccc3c(=O)c2cc1F,BMS-566419,0.9686742,0.25
[O-][N+](=O)c1cc(\C=C2/CCN(C\C(=C/c3ccc(F)c(c3)[N+]([O-])=O)C2=O)C(=O)C=C)ccc1F,VLX1570,0.9675606,0.2241379310344827
CC1=C(C)C(=O)C(CCCCCCCCCC[P+](c2ccccc2)(c2ccccc2)c2ccccc2)=CC1=O,visomitin,0.9665778,0.1999999999999999
CC\C=C/C\C=C/C\C=C/C\C=C/C\C=C/CCCC(=O)NCCNC(=O)c1cccnc1,nicodicosapent,0.96645176,0.2463768115942028
Cc1nc2cnc3ccc(cc3c2n1-c1ccc(cc1)C(C)(C)C#N)C#Cc1cccnc1,BAG-956,0.96576357,0.2065217391304348
C[C@@H](Oc1cc(sc1C(N)=O)-n1cnc2ccc(CN3CCN(C)CC3)cc12)c1ccccc1C(F)(F)F,GSK461364,0.96553487,0.1826923076923077
NC(=O)N\N=C\c1ccc(o1)[N+]([O-])=O,nitrofurazone,0.96459484,0.2549019607843137
Cc1cc(ccn1)-c1nc(co1)C(=O)Nc1cn(nc1C(N)=O)C1CCOCC1,AS-2444697,0.96439016,0.1980198019801979
CC(=O)c1cc(c(Sc2cccc(Cl)c2Cl)s1)[N+]([O-])=O,P5091,0.9632932,0.2903225806451612
Oc1ccc(N=O)c2cccnc12,NSC-3852,0.9632839,0.1739130434782608
C\C(\C=C\C=C(/C)\C=C\C1=C(C)CCCC1(C)C)=C/C=O,retinaldehyde,0.96326715,0.1363636363636363
[H][C@@]12CC[C@](O)(C(=O)COP(O)(O)=O)[C@@]1(C)C[C@H](O)[C@@]1([H])[C@@]2([H])CCC2=CC(=O)C=C[C@]12C,prednisolone-sodium-phosphate,0.9603127,0.1568627450980392
O[C@H]1[C@@H](COP(O)(=O)OP(O)(=O)OP(O)(O)=O)O[C@H]([C@@H]1O)n1ccc(=O)[nH]c1=O,INS316,0.9599441,0.1401869158878504
O[C@@H]1[C@@H](COP(O)(=O)OP(O)(=O)OP(O)(O)=O)O[C@H]([C@@H]1O)n1ccc(=O)[nH]c1=O,uridine-5'-triphosphate,0.95991147,0.1401869158878504
CC1(C)SCCN([C@H]1C(=O)NO)S(=O)(=O)c1ccc(Oc2ccncc2)cc1,prinomastat,0.9598435,0.1875
Cc1cc2nc3c(nc(=O)[nH]c3=O)n(C[C@H](O)[C@H](O)[C@H](O)CO[P@@](O)(=O)O[P@@](O)(=O)OC[C@H]3O[C@H]([C@H](O)[C@@H]3O)n3cnc4c(N)ncnc34)c2cc1C,flavin-adenine-dinucleotide,0.9597662,0.1384615384615384
C[C@@H](O)[C@H]1[C@H]2SC([C@H]3CCCO3)=C(N2C1=O)C(O)=O,faropenem,0.95953435,0.2195121951219512
C[C@@H](NC(=O)[C@@H](NC(=O)[C@H](CCCc1ccc(c(C)c1)-c1ccccc1)CC(=O)NO)C(C)(C)C)c1ccccc1,UK-356618,0.9595132,0.2234042553191489
CCCC(=O)Nc1ncnc2n(cnc12)[C@@H]1O[C@@H]2CO[P@](O)(=O)O[C@H]2[C@H]1OC(=O)CCC,bucladesine,0.95943415,0.1860465116279069
CCn1cc(-c2cccc(c2)C(F)(F)F)c2sc(cc2c1=O)C(=N)NC1CCS(=O)(=O)CC1,I-BRD9,0.95917714,0.2325581395348837
Cc1nc(COP(O)(O)=O)cc2CN(CC(O)=O)CCN(CC(O)=O)Cc3cc(COP(O)(O)=O)nc(C)c3O[Mn]Oc12,mangafodipir,0.9582809,0.1978021978021977
CC(C)[C@H]1NC(=O)[C@@H](NC(=O)c2ccc(C)c3oc4c(C)c(=O)c(N)c(C(=O)N[C@H]5[C@@H](C)OC(=O)[C@H](C(C)C)N(C)C(=O)CN(C)C(=O)[C@@H]6CCCN6C(=O)[C@H](NC5=O)C(C)C)c4nc23)[C@@H](C)OC(=O)[C@H](C(C)C)N(C)C(=O)CN(C)C(=O)[C@@H]2CCCN2C1=O,dactinomycin,0.9568736,0.1603053435114504
CC(C)[C@@H]1NC(=O)[C@@H](NC(=O)c2ccc(C)c3oc4c(C)c(=O)c(N)c(C(=O)N[C@H]5[C@@H](C)OC(=O)[C@H](C(C)C)N(C)C(=O)CN(C)C(=O)[C@@H]6CCCN6C(=O)[C@@H](NC5=O)C(C)C)c4nc23)[C@@H](C)OC(=O)[C@H](C(C)C)N(C)C(=O)CN(C)C(=O)[C@@H]2CCCN2C1=O,actinomycin-d,0.95687354,0.1603053435114504
[H][C@@]1(OC(=O)\C(OC)=C\C(\C)=C/[C@@H](C)[C@@H](O)[C@@H](C)C\C(C)=C\C=C\[C@@H]1OC)[C@@H](C)[C@@H](O)[C@H](C)[C@@]1(O)C[C@@H](O)[C@H](C)[C@H](O1)C(C)C,bafilomycin-a1,0.95623505,0.2074074074074073
CN1CCN(CC1)c1ccc(OC(F)(F)F)c(Nc2ncc3CCc4c(nn(CCO)c4-c3n2)C(N)=O)c1,NMS-1286937,0.95599353,0.2123893805309734
Clc1ccc(OCCCCCCN\C(NC#N)=N\c2ccncc2)cc1,GMX1778,0.9554818,0.2903225806451612
CS(=O)(=O)c1ccc(nc1)-c1nnc(\C=C\c2nnc(o2)-c2ccc(cc2)C#N)n1-c1ccccc1Cl,G007-LK,0.95527565,0.1752577319587629
CNC(=O)c1ccccc1Sc1ccc2c(\C=C\c3ccccn3)[nH]nc2c1,axitinib,0.95507413,0.2337662337662337
OC\C=C1/O[C@@H]2CC(=O)N2[C@H]1C(O)=O,clavulanate,0.95471877,0.1549295774647887
CS(=O)(=O)c1ccc(C(=O)Nc2ccc(Cl)c(c2)-c2ccccn2)c(Cl)c1,vismodegib,0.9546733,0.2794117647058823
CCC(C)(C)C(=O)O[C@H]1C[C@@H](C)C=C2C=C[C@H](C)[C@H](CC[C@@H]3C[C@@H](O)CC(=O)O3)[C@@H]12,simvastatin,0.95442593,0.1809523809523809
C[C@@H](C(=O)Nc1cc(C)ccn1)c1cccc(c1)C(=O)c1ccccc1,piketoprofen,0.9541267,0.265625
COc1c(C)c2COC(=O)c2c(O)c1C\C=C(/C)CCC(=O)OCCN1CCOCC1,mycophenolate-mofetil,0.95180684,0.2083333333333333
C[C@H](Nc1ccc2-c3nc(cn3CCOc2c1)N1[C@@H](COC1=O)C(F)F)C(N)=O,GDC-0077,0.9509858,0.1770833333333333
CC(=O)OCC1=C(N2[C@H](SC1)[C@H](N)C2=O)C(O)=O,7-aminocephalosporanic-acid,0.95058125,0.2933333333333333
CO[C@@H]1[C@@H](OC(N)=O)[C@@H](O)[C@H](Oc2ccc3c(O)c(NC(=O)c4ccc(O)c(CC=C(C)C)c4)c(=O)oc3c2C)OC1(C)C,novobiocin,0.9502699,0.2476190476190476
Cc1cc2nc3c(nc(=O)[nH]c3=O)n(C[C@H](O)[C@H](O)[C@H](O)COP(O)(O)=O)c2cc1C,riboflavin-5-phosphate-sodium,0.9492183,0.1649484536082474
Cc1cnc(c(C)c1)-c1cc(ncc1Cl)N1CCN(CC1)C(=O)CCS(C)(=O)=O,PF-5274857,0.94895935,0.1714285714285713
CN(C)CC[C@H](CSc1ccccc1)Nc1ccc(cc1[N+]([O-])=O)S(=O)(=O)NC(=O)c1ccc(cc1)N1CCN(Cc2ccccc2-c2ccc(Cl)cc2)CC1,ABT-737,0.94866693,0.2323232323232323
Cc1cncc(CN2CCC(CC2)=C2c3ccc(Cl)cc3CCc3cccnc23)c1,rupatadine,0.9479181,0.2391304347826086
Cc1cccn2c1nc(Oc1ccc(F)cc1)c(\C=C(/C#N)c1nc3ccccc3s1)c2=O,CCG-63808,0.9476225,0.1779661016949152
Cc1cccc(n1)-c1nn2CCCc2c1-c1ccnc2ccc(cc12)C(N)=O,LY2157299,0.9474777,0.2307692307692307
Clc1ccc(cc1)[C@@H](C#N)c1c(Cl)cc(cc1Cl)-n1ncc(=O)[nH]c1=O,diclazuril,0.9461373,0.1875
[O-][N+](=O)c1cc2[nH]c(=O)c(=O)[nH]c2cc1C#N,CNQX,0.9458615,0.2093023255813954
CCCS(=O)(=O)Nc1ccc(F)c(C(=O)c2c[nH]c3ncc(Cl)cc23)c1F,PLX4720,0.94558823,0.2093023255813954
CN1CCC(CC1)=C1c2ncc(C=O)n2CCc2ccccc12,alcaftadine,0.94534284,0.2068965517241379
COc1cc(cc(OC)c1O)[C@H]1[C@@H]2[C@H](COC2=O)[C@H](O[C@@H]2O[C@@H]3CO[C@@H](C)O[C@H]3[C@H](O)[C@H]2O)c2cc3OCOc3cc12,etoposide,0.9452672,0.2307692307692307
C[n+]1ccccc1CN=O,pralidoxime-chloride,0.9436304,0.1842105263157895
CC(C)Cn1c2sc(Cc3c(C)n[nH]c3C)c(C(=O)N3C[C@H](O)CO3)c2c(=O)n(C)c1=O,AR-C155858,0.9430267,0.2291666666666666
CN(Cc1cc(ccc1-c1ccccc1S(=O)(=O)Nc1noc(C)c1C)-c1ncco1)C(=O)CC(C)(C)C,BMS-207940,0.94288224,0.1958762886597937
[H][C@@]12COCCN1C(=O)c1c(OCOC(=O)OC)c(=O)ccn1N2[C@H]1c2ccc(F)c(F)c2CSc2ccccc12,baloxavir-marboxil,0.9422312,0.175438596491228
CC[C@H](C)C(=O)O[C@H]1C[C@@H](C)C=C2C=C[C@H](C)[C@H](CC[C@@H]3C[C@@H](O)CC(=O)O3)[C@@H]12,lovastatin,0.94181,0.1792452830188678
COc1cccc2C(=O)c3c(O)c4C[C@](O)(C[C@H](O[C@H]5C[C@H](N)[C@H](O)[C@H](C)O5)c4c(O)c3C(=O)c12)C(\CO)=N\NC(=O)CCCCCN1C(=O)C=CC1=O,aldoxorubicin,0.94132185,0.1999999999999999
COc1cc(cc(OC)c1O)[C@H]1[C@@H]2[C@H](COC2=O)[C@H](O[C@@H]2O[C@@H]3CO[C@H](O[C@H]3[C@H](O)[C@H]2O)c2cccs2)c2cc3OCOc3cc12,teniposide,0.9409835,0.2199999999999999
O[C@H](COP(O)(O)=O)[C@@H](O)[C@H](O)[C@@H](O)C=O,barium-6-O-phosphonato-D-glucose,0.9365657,0.1232876712328767
[H][C@]12CCC[C@H](N1C(=O)[C@H](CCS2)NC(=O)[C@@H](S)Cc1ccccc1)C(O)=O,omapatrilat,0.93521386,0.2631578947368421
CC(C)(C)c1ccc(\C=C\C(=O)Nc2ccc3OCCOc3c2)cc1,AMG-9810,0.93379325,0.2835820895522388
Cc1cccc(Oc2nc3c(C)cccn3c(=O)c2\C=C(/C#N)c2nc3ccccc3s2)c1,CCG-63802,0.93365175,0.1869158878504673
Fc1ccc(CNC(=O)N2CCN3[C@@H](C2)C(OC3=O)(c2ccccc2)c2ccccc2)cc1,SHA-68,0.93311465,0.2125
CONC(=O)Nc1ccc(cc1)-c1sc2n(Cc3c(F)cccc3F)c(=O)n(-c3ccccc3)c(=O)c2c1CN(C)Cc1ccccc1,sufugolix,0.9330033,0.233009708737864
Cc1c(cc(C(=O)NCc2ccc(cn2)S(C)(=O)=O)c(=O)n1-c1cccc(c1)C(F)(F)F)-c1ccnn1C,AZD9668,0.9329708,0.2988505747126436
Clc1ccc(cc1)C(=O)Nc1c(nc2ccccn12)-c1cccs1,DS2-(806622),0.93261087,0.25
CO[C@H]1C[C@H](O[C@H]2CC[C@@]3(C)[C@H](CC[C@@H]4[C@@H]3CC[C@]3(C)[C@H]([C@H](C[C@]43O)OC(C)=O)C3=CC(=O)OC3)C2)O[C@@H](C)[C@@H]1O,oleandrin,0.931361,0.1935483870967742
CC[C@H](C)C(=O)O[C@H]1CCC=C2C=C[C@H](C)[C@H](CC[C@@H]3C[C@@H](O)CC(=O)O3)[C@@H]12,mevastatin,0.93077916,0.2233009708737864
Clc1ccc(Cn2cc(C=O)c3ccccc23)cc1,oncrasin-1,0.930517,0.234375
Cn1c2cnc3ccc(cc3c2n(-c2ccc(cc2)C(C)(C)C#N)c1=O)-c1cnc2ccccc2c1,NVP-BEZ235,0.9289592,0.233009708737864
CCOC(=O)N[C@@H]1CC[C@@H]2[C@H](C[C@@H]3[C@@H]([C@@H](C)OC3=O)[C@H]2\C=C\c2ccc(cn2)-c2cccc(F)c2)C1,vorapaxar,0.92792034,0.1808510638297872
Cc1ccccc1\N=N\c1ccc(NC(=O)c2ccnn2C)c(C)c1,CH223191,0.9276005,0.2142857142857143
CN(C)CCOc1ccc(cc1)C(=C(\CCCl)c1ccccc1)\c1ccccc1,toremifene,0.9272456,0.2459016393442623
C[C@@]12C[C@H](O)[C@H]3[C@@H](CCC4=CC(=O)CC[C@@]34C)[C@@H]1CC[C@]2(O)C(=O)COP(O)(O)=O,hydrocortisone-phosphate,0.9265505,0.1584158415841584
CO[C@]12[C@H]3N[C@H]3CN1C1=C([C@H]2COC(N)=O)C(=O)C(N)=C(C)C1=O,mitomycin-C,0.9261036,0.144578313253012
OCCOc1ccc(cc1)C(=C(\CCCl)c1ccccc1)\c1ccccc1,ospemifene,0.92382145,0.2413793103448276
CC(C)C[C@@H]1N2C(=O)[C@](NC(=O)[C@H]3CN(C)[C@@H]4Cc5c(Br)[nH]c6cccc(C4=C3)c56)(O[C@@]2(O)[C@@H]2CCCN2C1=O)C(C)C,bromocriptine,0.9233934,0.1496062992125983
CN1CCN(CCCNC(=O)C[C@@H]2N=C(c3c(C)c(C)sc3-n3c(C)nnc23)c2ccc(Cl)cc2)CC1,TEN-010,0.9227909,0.1770833333333333
CN1C[C@@H](C=C2[C@H]1Cc1c[nH]c3cccc2c13)C(=O)N[C@]1(C)O[C@@]2(O)[C@@H]3CCCN3C(=O)[C@H](Cc3ccccc3)N2C1=O,ergotamine,0.92269963,0.1851851851851852
COCCn1c(C)[n+](Cc2cnccn2)c2c1C(=O)c1ccccc1C2=O,YM-155,0.92237484,0.2909090909090909
[H][C@]1(C)OC(=O)[C@H](CC(C)C)N(C)C(=O)[C@@H](Cc2ccc(cc2)N2CCOCC2)OC(=O)[C@H](CC(C)C)N(C)C(=O)[C@@H](C)OC(=O)[C@@H](CC(C)C)N(C)C(=O)[C@@H](Cc2ccc(cc2)N2CCOCC2)OC(=O)[C@H](CC(C)C)N(C)C1=O,emodepside,0.92236507,0.173469387755102
CSCC[C@H](NC=O)C(=O)N[C@@H](CC(O)=O)C(=O)NCC(=O)N[C@@H](CS)C(=O)N[C@@H](CCC(O)=O)C(=O)N[C@@H](CC(C)C)C(O)=O,foxy-5,0.9223107,0.2317073170731707
CC(=O)O[C@@H]1C[C@H]2C(C)(C)C(=O)C=C[C@]2(C)[C@H]2CC[C@@]3(C)[C@@H](OC(=O)[C@H]4O[C@@]34[C@]12C)c1ccoc1,gedunin,0.92132676,0.1818181818181817
COc1cc(C=O)c(cc1OC)[N+]([O-])=O,DMNB,0.9200864,0.2826086956521739
CC(=O)c1cc(c(Sc2ccc(F)cc2F)s1)[N+]([O-])=O,P22077,0.91963404,0.2741935483870967
CN1CCN(CC1)c1ccc(Nc2nc(Oc3cccc(NC(=O)C=C)c3)c3sccc3n2)cc1,olmutinib,0.9189986,0.2272727272727273
C\C(\C=C\C=C(/C)\C=C\C1=C(C)C(=O)[C@@H](O)CC1(C)C)=C/C=C/C=C(\C)/C=C/C=C(\C)/C=C/C1=C(C)C(=O)[C@@H](O)CC1(C)C,astaxanthin,0.91790724,0.1363636363636363
CC(C)n1c2sc(Cc3c(C)[nH]nc3C(F)(F)F)c(C(=O)N3C[C@](C)(O)CO3)c2c(=O)n(C)c1=O,AZD3965,0.9173015,0.1582278481012657
CCOCOC[C@H](C[C@H](C)C(=O)NO)NC(=O)c1ccc(Oc2ccccc2)cc1,ONO-4817,0.9169914,0.2428571428571428
Ic1ccc(CCNC(=N)SCCCc2cnc[nH]2)cc1,iodophenpropit,0.9158927,0.2151898734177215
CC(C)N1CCN(Cc2cnc(o2)-c2cc(cc3[nH]ncc23)-c2cccc3[nH]ccc23)CC1,nemiralisib,0.9145853,0.1744186046511627
Nc1nc(=O)c2nc(Br)n([C@@H]3O[C@@H]4CO[P@](O)(=O)O[C@H]4[C@H]3O)c2[nH]1,8-bromo-cGMP,0.91433156,0.1232876712328767
OCCONC(=O)c1cc(CN2OCCCC2=O)c(F)c(F)c1Nc1ccc(I)cc1F,Ro-4987655,0.91405994,0.2043010752688172
Cc1ccc(cn1)-c1ncc(Cl)cc1-c1ccc(cc1)S(C)(=O)=O,etoricoxib,0.9123813,0.1888888888888888
[H][C@@]12Cc3c(cc(CNCC(C)(C)C)c(O)c3C(=O)[C@H]1C(=O)[C@]1(O)C(=O)[C@@H](C(N)=O)C(=O)[C@@H](N(C)C)[C@]1([H])C2)N(C)C,omadacycline,0.91232795,0.2376237623762376
Brc1ccc2[nH]c-3c(CC(=O)Nc4cccnc-34)c2c1,1-azakenpaullone,0.9097927,0.160919540229885
S=C(NCc1ccc2OCOc2c1)N1CCN(CC1)c1ncnc2c3ccccc3oc12,amuvatinib,0.9076713,0.2592592592592593
CC(C)(O)C(=O)N1CCN(CC1)c1ccc(c(c1)C1=C(C(=O)NC1=O)c1c[nH]c2ccccc12)C(F)(F)F,TCS-21311,0.9076411,0.2345679012345679
CS(=O)(=O)CCCn1c(Cn2c3cnccc3n(CC(F)(F)F)c2=O)cc2cc(Cl)ccc12,JNJ-678,0.9075445,0.2626262626262626
CC(C)n1c2c(cnc3cc(F)c(cc23)-c2ccc(OCCCN3CCCCC3)nc2)n(C)c1=O,AZD1390,0.9056565,0.1929824561403509
Cc1cc(\C=C\C#N)cc(C)c1Nc1ccnc(Nc2ccc(cc2)C#N)n1,rilpivirine,0.9050776,0.1566265060240963
C[C@@H](O)[C@@H]1[C@H]2[C@@H](C)C(SC3CN(C3)C3=NCCS3)=C(N2C1=O)C(=O)OCOC(=O)C(C)(C)C,tebipenem,0.9047146,0.150943396226415
CN1CCN(CC1)C(C)(C)C#Cc1cc2ncnc(Nc3ccc(F)c(Cl)c3)c2cc1NC(=O)C=C,AV-412,0.90385044,0.2142857142857143
CC(C)c1ccccc1S(=O)(=O)c1cc(N)c2ncccc2c1[N+]([O-])=O,PD-160170,0.9036627,0.2125
CNC(=O)[C@H](Cc1ccccc1)NC(=O)[C@H](CC(C)C)[C@H](CSc1cccs1)C(=O)NO,batimastat,0.9025772,0.2409638554216867
CCC(=O)OCC(=O)[C@@]1(OC(=O)CC)[C@H](C)C[C@H]2[C@H]3[C@H](Cl)CC4=CC(=O)C=C[C@]4(C)[C@H]3[C@@H](O)C[C@]12C,alclometasone-dipropionate,0.9023787,0.1512605042016807
Cc1ccc(NS(=O)(=O)c2cccc(c2)C#N)c2[nH]cc(C#N)c12,E7820,0.9017955,0.1558441558441559
COc1ccc(NS(=O)(=O)c2sc3ccc(Cl)cc3c2C)cc1N1CCNCC1,SB-271046,0.9013839,0.1999999999999999
COP(=O)(OC)OC=C(Cl)Cl,dichlorvos,0.9013198,0.1304347826086956
CS(=O)(=O)c1ccc(Oc2cc(F)cc(c2)C#N)c2CC(F)(F)[C@@H](O)c12,PT-2385,0.8999933,0.1546391752577319
CN1CCN(C)C(=O)[C@@H]1c1ccc(Nc2nc(cn(C)c2=O)-c2cccc(NC(=O)c3cc4CCCCc4s3)c2C)cc1,GDC-0834,0.89844304,0.1801801801801802
CNc1cc2c(Nc3cccc(Br)c3)ncnc2cn1,PD-158780,0.89705163,0.2539682539682539
Clc1ccc(CNC(=N)SCCCc2cnc[nH]2)cc1,clobenpropit,0.89676607,0.2394366197183098
[H][C@]12[C@H](C)O[C@H](C)CN1c1c(CC22C(=O)NC(=O)NC2=O)cc2c(noc2c1F)N1[C@@H](C)COC1=O,zoliflodacin,0.8964585,0.2234042553191489
Cn1c(COP(=O)(NCCBr)NCCBr)cnc1[N+]([O-])=O,TH-302,0.8955633,0.25
Brc1ccc(\C=C\CNCCNS(=O)(=O)c2cccc3cnccc23)cc1,H-89,0.89549935,0.28125
[H][C@@]12Cc3c(cc(NC(=O)CNC(C)(C)C)c(O)c3C(=O)[C@@H]1C(=O)[C@]1(O)C(=O)[C@H](C(N)=O)C(=O)[C@@H](N(C)C)[C@]1([H])C2)N(C)C,tigecycline,0.89481515,0.233009708737864
CC1(C)CCC(CN2CCN(CC2)c2ccc(C(=O)NS(=O)(=O)c3ccc(NCC4CCOCC4)c(c3)[N+]([O-])=O)c(Oc3cnc4[nH]ccc4c3)c2)=C(C1)c1ccc(Cl)cc1,venetoclax,0.8946244,0.2085561497326202
CC(C)n1nc(C)nc1-c1cn2CCOc3cc(ccc3-c2n1)-c1cnn(c1)C(C)(C)C(N)=O,taselisib,0.8940288,0.1610169491525424
[H]C(=[C@@]=C1C(C)(C)C[C@@H](C[C@@]1(C)O)OC(C)=O)C(\C)=C\C=C\C(\C)=C\C=C\C=C(/C)\C=C\C=C(/C)C(=O)C[C@]12O[C@@]1(C)C[C@H](O)CC2(C)C,fucoxanthin,0.89361966,0.159090909090909
Fc1ccc(cc1)[C@@H](C#N)c1c(Cl)cc(cc1Cl)-n1ncc(=O)[nH]c1=O,letrazuril,0.89329815,0.1780821917808219
CCCCn1c(CN(Cc2ccc3OCOc3c2)Cc2ccc3OCOc3c2)c(nc1-c1ccccc1)-c1ccccc1,NDT-9513727,0.8929601,0.2631578947368421
CN(C)Cc1c(oc2ccccc12)C(=O)NCCOc1ccc(cc1)C(=O)NO,PCI-24781,0.8927267,0.2705882352941177
C[C@@H](CN1CCN(CC1)S(=O)(=O)c1ccc(Cl)c(Cl)c1)Nc1ncnc2c(C)csc12,LPA2-antagonist-1,0.8924867,0.1666666666666666
CC1(C)O[C@H]2CC(=O)OC[C@@]22[C@H]1CC(=O)[C@]1(C)[C@@H]2CC[C@@]2(C)[C@@H](OC(=O)[C@H]3O[C@@]123)c1ccoc1,limonin,0.8916632,0.15625
COc1ccc(Br)cc1S(=O)(=O)NC(=O)\C=C\c1ccccc1Cc1ccc2ccccc2c1,L-798106,0.89136124,0.282051282051282
CC(C)[C@@]1(NC(=O)[C@@H]2C[C@H]3[C@@H](Cc4c[nH]c5cccc3c45)N(C)C2)O[C@@]2(O)[C@@H]3CCCN3C(=O)[C@H](Cc3ccccc3)N2C1=O,dihydroergocristine,0.8913132,0.1869158878504673
C(Nc1ccccn1)c1ccc(CNc2ccccn2)cc1,WZ811,0.88985175,0.2222222222222222
COC1=C(OC)C(=O)C(CCCCCCCCCC[P+](c2ccccc2)(c2ccccc2)c2ccccc2)=C(C)C1=O,mitoquinone,0.8896267,0.1999999999999999
CC(C)(F)C[C@H](N[C@@H](c1ccc(cc1)-c1ccc(cc1)S(C)(=O)=O)C(F)(F)F)C(=O)NC1(CC1)C#N,odanacatib,0.8884494,0.1686746987951807
COc1cc2ncnc(Nc3cccc(c3)C#C)c2cc1OCCCCCCC(=O)NO,CUDC-101,0.887088,0.2560975609756097
O=C(NCCCCC1CCN(CC1)C(=O)c1ccccc1)\C=C\c1cccnc1,FK-866,0.8869237,0.2298850574712644
CCOP(=O)(Cc1ccc(cc1)C(=O)Nc1ccc(Br)cc1C#N)OCC,ibrolipim,0.8868472,0.2878787878787878
COc1ccc(cc1)S(=O)(=O)N(C(C)=O)c1ccccc1\C=C\c1cc[n+]([O-])cc1,HMN-214,0.88676345,0.25
Cc1c(C)c2O[C@@](C)(COc3ccc(C[C@H]4SC(=O)NC4=O)cc3)CCc2c(C)c1O,troglitazone,0.8865331,0.2158273381294964
Cc1cccc(COc2cccc(\C=C3/C(=O)NN(C3=O)c3ccccc3)c2)c1,Y16,0.8859903,0.2837837837837837
CC1(C)SCCN([C@H]1C(=O)NO)S(=O)(=O)c1ccc(OCC#CCO)cc1,apratastat,0.8859149,0.1899999999999999
Cn1nc(N)c2cn([C@@H]3O[C@H](COP(O)(O)=O)[C@@H](O)[C@H]3O)c3ncnc1c23,triciribine-phosphate,0.88509977,0.1504424778761062
CN1C[C@@H](C[C@H]2[C@H]1Cc1c[nH]c3cccc2c13)C(=O)N[C@]1(C)O[C@@]2(O)[C@@H]3CCCN3C(=O)[C@H](Cc3ccccc3)N2C1=O,dihydroergotamine,0.88470423,0.1886792452830188
Clc1ccc(Nc2nnc(Cc3ccncc3)c3ccccc23)cc1,vatalanib,0.8836063,0.2638888888888888
Clc1ccc([C@@H]2CS\C(S2)=C(\C#N)n2ccnc2)c(Cl)c1,luliconazole,0.8833578,0.2222222222222222
Clc1cc2NC(=O)Cc2cc1CCN1CCN(CC1)c1nsc2ccccc12,ziprasidone,0.8831979,0.173469387755102
Clc1cccc(N2CCN(CCCCNC(=O)c3ccc-4c(Cc5ccccc-45)c3)CC2)c1Cl,NGB-2904,0.8829756,0.2531645569620253
Fc1cc2CN(CCn3cc(C4=C(C(=O)NC4=O)c4cnc5ccccn45)c(c1)c23)C(=O)N1CCCCC1,LY2090314,0.88207465,0.1764705882352941
CCC(=O)OCC(=O)[C@@]1(OC(=O)CC)[C@@H](C)C[C@H]2[C@@H]3CCC4=CC(=O)C=C[C@]4(C)[C@@]3(Cl)[C@@H](O)C[C@]12C,beclomethasone-dipropionate,0.8808967,0.1507936507936508
CC(O)(CS(=O)(=O)c1ccc(F)cc1)C(=O)Nc1ccc(C#N)c(c1)C(F)(F)F,bicalutamide,0.8804971,0.2191780821917808
ONC(=O)CCCCCCNC(=O)c1cnc(nc1)N(c1ccccc1)c1ccccc1,ACY-1215,0.8799248,0.2461538461538461
[H][C@]12CO[P@](S)(=O)O[C@@]3([H])[C@@H](O)[C@@H](O[C@]3([H])CO[P@](S)(=O)O[C@@]([H])([C@@H](O1)n1cnc3c(N)ncnc13)[C@]2([H])O)n1cnc2c(N)ncnc12,MIW-815,0.878421,0.1326530612244898
CCS(=O)(=O)N(C)[C@@H]1[C@@H](O)C(C)(C)Oc2ccc(cc12)C#N.CCS(=O)(=O)N(C)[C@H]1[C@H](O)C(C)(C)Oc2ccc(cc12)C#N,chromanol-(+/-),0.8776411,0.1851851851851852
CCc1ccc(OCc2ccccc2C(=O)Nc2ccc3nc(C)cc(N)c3c2)cc1,JTC-801,0.8772074,0.2962962962962963
C\C(\C=C\C=C(/C)C(O)=O)=C/C=C/C=C(\C)/C=C/C=C(\C)C(O)=O,transcrocetinate,0.8744604,0.1568627450980392
CN1CCN(CC1)c1ccc(Nc2ncc(Cl)c(Sc3cccc(NC(=O)C=C)c3)n2)cc1,WZ8040,0.8743472,0.2736842105263157
Brc1cccc(Nc2ncnc3ccc(NC(=O)C=C)cc23)c1,PD-168393,0.8739711,0.2878787878787878
O[C@H]1[C@@H](COP(O)(O)=O)O[C@@H]([C@@H]1O)n1cnc2c1[nH]cnc2=O,polyinosine,0.8728386,0.1489361702127659
Nc1ncnc2n(cnc12)[C@@H]1O[C@H](COP(O)(=O)OP(O)(=O)OP(O)(=O)OP(O)(=O)OC[C@H]2O[C@H]([C@H](O)[C@@H]2O)n2cnc3c(N)ncnc23)[C@@H](O)[C@H]1O,diadenosine-tetraphosphate,0.87204206,0.1237113402061855
Cc1cc(on1)C(=CNc1ccc(Cl)cc1)C(=O)Nc1ccc(Cl)cc1,CCMI,0.8719822,0.2741935483870967
[O-][N+](=O)c1cnc(Sc2n[nH]c(=O)n2-c2ccc3OCCOc3c2)s1,BI-78D3,0.8711325,0.2638888888888888
CN(C)c1ccc2[n+](C)c(\C=C\c3cc(C)n(c3C)-c3ccccc3)ccc2c1,pyrvinium-pamoate,0.8708351,0.1612903225806451
Cc1ccc(cc1NC(=O)c1ccc(OCc2ccccn2)cc1)-c1ncc[nH]1,AZ-12080282,0.8695532,0.2602739726027397
CCCCCCCCCCC[C@@H](N=O)c1cc(C)ccc1O,1E-1-(2-hydroxy-5-methylphenyl)-1-dodecanone-oxime,0.8693148,0.21875
C[C@H](NC(=O)C(C)(C)Oc1ccc(cn1)C(F)(F)F)[C@@H](Cc1ccc(Cl)cc1)c1cccc(c1)C#N,taranabant,0.86885613,0.2298850574712644
OCCN1CCN(CC1)c1ccc(Nc2ncc3cccc(-c4cccc(NC(=O)C=C)c4)c3n2)c(F)c1F,CK-101,0.8681532,0.2105263157894736
CCOC(=O)c1c2-c3ccccc3C(=O)c3cccc([nH]c1=O)c23,NQDI-1,0.86755264,0.2745098039215686
Nc1ncnc2n([C@@H]3O[C@@H]4CO[P@](O)(=O)O[C@H]4[C@H]3O)c(Br)nc12,8-bromo-cAMP,0.86671877,0.1237113402061855
CN(Cc1oc2ccccc2c1C)C(=O)\C=C\c1cnc2NC(=O)CCc2c1,AFN-1252,0.8663152,0.1973684210526315
FC(F)(F)c1ccc(\C=C\c2nc(COc3ccc(CCCCn4ccnn4)cc3)co2)cc1,mubritinib,0.8658897,0.1808510638297872
O=C1N=C(NCc2cccs2)S\C1=C/c1ccc2ncccc2c1,Ro-3306,0.8658835,0.2386363636363636
Cc1cc(OCCCS(C)(=O)=O)cc(C)c1-c1cccc(COc2ccc3[C@H](CC(O)=O)COc3c2)c1,TAK-875,0.86558884,0.2413793103448276
ONC(=O)c1cnc(nc1)N1CCN(CC1)S(=O)(=O)c1ccc2ccccc2c1,R306465,0.8654871,0.2753623188405797
O=c1ccc2ccc(OCCCCN3CCN(CC3)c3cccc4sccc34)cc2[nH]1,brexpiprazole,0.8651104,0.1829268292682927
C[C@H](NC(=O)C(=C\c1cccc(Br)n1)\C#N)c1ccccc1,WP1066,0.86508405,0.2195121951219512
CCCCCCC[n+]1ccc(cc1)-c1cc[n+](CCCCCCC)cc1,DHBP,0.86479396,0.2040816326530612
Cc1c2c(oc1S(O)(=O)=O)-c1ccc3c(CCCC3(C)C)c1C(=O)C2=O,sodium-tanshinone-II-A-sulfonate,0.86370534,0.1967213114754098
CC(C)(C)c1ccc(cc1)S(=O)(=O)Nc1ccc(Cl)cc1C(=O)c1cc[n+]([O-])cc1,vercirnon,0.86348164,0.2142857142857143
CCCCc1nn(-c2ccccc2C(F)(F)F)c(=O)n1Cc1ccc(cc1)-c1ccccc1S(=O)(=O)NC(=O)c1sccc1C,L-161982,0.8634008,0.1886792452830188
CCc1ccc(\C=C\C(=O)Nc2ccc(cc2)C(C)=O)o1,heclin,0.8629349,0.2753623188405797
Cn1c(CCCCCCC(=O)NO)nc2cc(ccc12)N(CCCl)CCCl,EDO-S101,0.86287355,0.2027027027027027
COCCNCc1ccc(nc1)-c1cc2nccc(Oc3ccc(NC(=S)NC(=O)Cc4ccc(F)cc4)cc3F)c2s1,glesatinib,0.8610608,0.2210526315789474
ONC(=O)CCCCCCNC(=O)c1cnc(nc1)N(c1ccccc1)c1ccccc1Cl,citarinostat,0.8609947,0.2361111111111111
NC(Nc1ccc(Cl)cc1)=NC(=N)NCCCCCCNC(=N)N=C(N)Nc1ccc(Cl)cc1,chlorhexidine,0.8597595,0.25
CCC(=O)N1CCN(CC1)c1ccc(cc1C(F)(F)F)-n1c2c(ccc1=O)cnc1ccc(cc21)-c1cnc2ccccc2c1,torin-1,0.859472,0.1923076923076923
CC(C)=CCC[C@@]1(C)Oc2c(CC=C(C)C)c3O[C@@]45[C@H]6C[C@@H](C=C4C(=O)c3c(O)c2C=C1)C(=O)[C@]5(C\C=C(\C)C(O)=O)OC6(C)C,gambogic-acid,0.8591989,0.1696428571428571
C[C@H](CS(C)(=O)=O)n1ccc2c(c(ccc12)C#N)C(F)(F)F,GSK2881078,0.85860646,0.1444444444444445
OCCCNc1cc(ccn1)-c1ccnc(Nc2cccc(Cl)c2)n1,CGP-60474,0.85817033,0.2253521126760563
Cc1nc(nn1Cc1cccc(c1)N1CCC(CC1)S(C)(=O)=O)-c1nc(no1)-c1ccc(OC(F)(F)F)cc1,IACS-10759,0.85800153,0.2788461538461538
Clc1ccccc1NS(=O)(=O)c1ccc(NC(=O)c2ccccn2)cc1Cl,VU0364439,0.8576236,0.28125
CC(C)NC(=O)c1ccc(cn1)C#Cc1ccncc1,LSN-2463359,0.8568123,0.25
CCC[C@H](NC(=O)C(=C\c1cccc(Br)n1)\C#N)c1ccccc1,WP1130,0.8546852,0.2352941176470588
C[C@]12CC[C@H]3[C@@H](CC[C@]4(O)C[C@@H](O)CC[C@]34C=O)[C@@]1(O)CC[C@@H]2C1=CC(=O)OC1,K-strophanthidin,0.85449064,0.1505376344086021
OCCN1CCN(CC\C=C2\c3ccccc3Sc3ccc(Cl)cc23)CC1,zuclopenthixol,0.8532335,0.1842105263157895
CC\C=C/C\C=C/C\C=C/C\C=C/C\C=C/C\C=C/CCC(=O)NCCNC(=O)c1ccccc1O,edasalonexent,0.8531903,0.2096774193548387
C\C(\C=C\C=C(/C)\C=C\[C@H]1C(C)=C[C@H](O)CC1(C)C)=C/C=C/C=C(\C)/C=C/C=C(\C)/C=C/C1=C(C)C[C@@H](O)CC1(C)C,lutein,0.85290706,0.1282051282051282
COc1cc(ccc1Nc1ncc(Cl)c(Nc2ccccc2S(=O)(=O)C(C)C)n1)N1CCC(CC1)N1CCN(C)CC1,NVP-TAE684,0.8517234,0.1844660194174757
C[C@@H]1O[C@@H](O[C@H]2CC[C@]3(C=O)[C@H]4CC[C@]5(C)[C@H](CC[C@]5(O)[C@@H]4CC[C@]3(O)C2)C2=CC(=O)OC2)[C@H](O)[C@H](O)[C@H]1O,convallatoxin,0.8513192,0.2068965517241379
ONC(=O)C1(CS(=O)(=O)c2ccc(Oc3ccc(Cl)cc3)cc2)CCOCC1,CTS-1027,0.85052836,0.2142857142857143
Nc1ncnc2n(cnc12)[C@@H]1O[C@H](COP(O)(=O)OP(O)(=O)OP(O)(O)=O)[C@@H](O)[C@H]1O,adenosine-triphosphate,0.8497081,0.12
CO[C@H]1\C=C\C[C@H](C)[C@@H](C)S(=O)(=O)NC(=O)c2ccc3OC[C@]4(CCCc5cc(Cl)ccc45)CN(C[C@@H]4CC[C@@H]14)c3c2,AMG-176,0.8494257,0.1596638655462184
Cc1c(cccc1-n1c(=O)n(C)c2c(F)cccc2c1=O)-c1c(F)cc(C(N)=O)c2[nH]c3C[C@H](CCc3c12)C(C)(C)O,BMS-986142,0.8482877,0.2038834951456311
C[C@@H](N[C@H]1CCCC[C@@H]1NC(=O)c1ccc(Cl)cc1)c1cccc2ccccc12,Calhex-231,0.84808457,0.2686567164179104
Cn1cccc1\C=C1/C(=O)NC(=O)c2ccccc12,BYK-204165,0.8478297,0.1999999999999999
ClC(Cl)(Cl)[C@H](NC(=S)Nc1cccc2cccnc12)NC(=O)\C=C\c1ccccc1,salubrinal,0.84668905,0.2249999999999999
[H][C@]12CN(Cc3ccc(cc3)C(O)=O)[C@]([H])(CN1Cc1ccc(Oc3ccc(cc3)-c3ncco3)cc1)C2,acebilustat,0.84665996,0.2222222222222222
CCn1c2nc(Nc3ccc(N4CCNCC4)c(F)c3)ncc2cc(-c2ccc(Cl)cc2Cl)c1=O,FRAX486,0.8465562,0.2333333333333332
c1cc(ccn1)-c1sc(c(c1-c1ccncc1)-c1ccncc1)-c1ccncc1,GANT-58,0.8451144,0.2121212121212121
CCCCCCCCCCC[C@@H](C[C@@H]1OC(=O)[C@H]1CCCCCC)OC(=O)[C@H](CC(C)C)NC=O,orlistat,0.8445126,0.2470588235294117
Cn1c2cc(ccc2oc1=O)-c1ccc(C[C@H](NC(=O)[C@@H]2CNCCCO2)C#N)cc1,AZD7986,0.8445059,0.1709401709401709
c1cc(ccn1)-c1nc2ccc(cc2[nH]1)-c1ccc2nc([nH]c2c1)-c1ccncc1,ridinilazole,0.8442278,0.1896551724137931
CCS(=O)(=O)N(Cc1cccnc1)c1cccc(c1)-c1ccc(cc1)C#N,CBiPES,0.8438376,0.2093023255813954
CCCOc1ccc(Br)cc1-c1cc([nH]c1-c1ccncc1)-c1ccc(Cl)cc1,L-168049,0.84381783,0.1927710843373493
Clc1ccc(s1)C(=O)NC[C@H]1CN(C(=O)O1)c1ccc(cc1)N1CCOCC1=O,rivaroxaban,0.84362924,0.1894736842105263
CCOC(=O)O[C@@H](C)OC1=C(N(C)S(=O)(=O)c2ccccc12)C(=O)Nc1ccccn1,ampiroxicam,0.84314454,0.1999999999999999
CCn1\c(=C/c2cccc[n+]2CC)s\c(=C2\Sc3ccccc3N2C)c1=O,MKT-077,0.8430935,0.1538461538461538
CN([C@@H](Cc1ccc(OS(=O)(=O)c2cccc3cnccc23)cc1)C(=O)N1CCN(CC1)c1ccccc1)S(=O)(=O)c1cccc2cnccc12,KN-62,0.84264326,0.2894736842105263
CC[C@@H](Oc1cccc(CN(CCCOc2ccc(OC)cc2)c2nc3ccccc3o2)c1)C(O)=O,pemafibrate,0.8426105,0.2659574468085106
Cc1cccc(n1)-c1n[nH]cc1-c1ccc2ncccc2n1,repsox,0.84221905,0.2058823529411765
CO[C@@H]1[C@@H](C[C@H]2O[C@]1(C)n1c3ccccc3c3c4CNC(=O)c4c4c5ccccc5n2c4c13)N(C)C(=O)c1ccccc1,midostaurin,0.8415799,0.1968503937007873
COC(=O)[C@]12OC[C@@]34[C@H]1[C@@H](OC(=O)\C=C(/C)C(C)C)C(=O)O[C@@H]3C[C@H]1[C@@H](C)C(=O)C(=O)C[C@]1(C)[C@H]4[C@@H](O)[C@@H]2O,bruceantin,0.8414527,0.1653543307086614
Cc1ccc(Oc2ccccc2-c2csc(NC3=NCCCN3)n2)c(C)c1,abafungin,0.8411206,0.2421052631578947
CCOc1c2CN(C(=O)c2c(OCC)c2ccccc12)c1ccc(CC(=O)NS(=O)(=O)c2ccccc2)cc1,GW-627368,0.83941615,0.2297297297297297
CNc1ccc(cn1)-c1nc(N2CCOCC2)c2sc(CN(C)c3ncc(cn3)C(=O)NO)cc2n1,BEBT-908,0.8392321,0.1759259259259259
Clc1ccc2c(ccnc2c1)N1CCN(CCCN2CCN(CC2)c2ccnc3cc(Cl)ccc23)CC1,piperaquine-phosphate,0.8382804,0.2439024390243902
Fc1ccccc1CNCc1ccc(cc1)-c1ccnc2[nH]ccc12,OXA-06,0.8377403,0.1904761904761904
CCCCC(=O)NCCc1c(Cc2ccccc2)[nH]c2ccccc12,DH-97,0.8368205,0.2894736842105263
CN1CCN(CC1)c1cccc(Nc2nc3c(cccn3n2)-c2ccc(cc2)S(C)(=O)=O)c1,CEP-33779,0.8366607,0.1730769230769231
C[C@@H]1O[C@@H](O[C@@H]2C[C@@H](O)[C@]3(CO)[C@H]4[C@H](O)C[C@]5(C)[C@H](CC[C@]5(O)[C@@H]4CC[C@]3(O)C2)C2=CC(=O)OC2)[C@H](O)[C@H](O)[C@H]1O,ouabain,0.8365151,0.2184873949579832
[O-][N+](=O)C(\Br)=C/c1ccc(Br)o1,furvina,0.8361451,0.275
O=C1c2ccccc2-c2c(NCCc3ccccc3)c(=O)[nH]c3cccc1c23,BRD7389,0.83586514,0.25
CCCCCCCCN=c1ccn(CCCCCCCCCCn2ccc(cc2)=NCCCCCCCC)cc1,octenidine,0.83580035,0.2238805970149253
SCCCC(=O)NC1CCN(CC1)C(=O)COc1ccc(Cl)cc1Cl,K-Ras(G12C)-inhibitor-6,0.83522254,0.2465753424657534
O=C\C=C\c1ccccc1,cinnamaldehyde,0.83422995,0.2424242424242424
Cc1[nH]c(=O)c(cc1-c1ccc2nccn2c1)C#N,olprinone,0.8338696,0.1782178217821782
CC(C)c1noc(n1)N1CCC(COc2ccc(nc2)-c2ccc(cc2)S(C)(=O)=O)CC1,GSK1292263,0.8331946,0.2058823529411765
CCc1nc(C(N)=O)c(Nc2ccc(cc2)N2CCC(CC2)N2CCN(C)CC2)nc1O[C@@H]1CCN(C1)C(=O)C=C,naquotinib,0.83290356,0.2162162162162162
[O-][N+](=O)c1cc2[nH]c(=O)c(=O)[nH]c2cc1[N+]([O-])=O,DNQX,0.83224785,0.2571428571428571
NC(=O)c1cc2cc(ccc2o1)N1CCN(CCCCc2c[nH]c3ccc(cc23)C#N)CC1,vilazodone,0.8315404,0.2017543859649122
Cc1cc(\C=c2\sc3nc4ccccc4n3c2=O)c(C)n1-c1ccccc1,ITX3,0.83054495,0.1724137931034483
Cc1ccc2cc(ccc2n1)-c1c(C)ccc(C(=O)c2c(-c3ccccc3)n(C)n(-c3ccccc3)c2=O)c1N,AMG-PERK-44,0.83035547,0.1894736842105263
Cc1cc(\C=C2/SC(=O)N(C2=O)c2ccccc2)c(C)n1-c1cccnc1,iCRT-14,0.8279362,0.2261904761904761
O=S(=O)(c1n[nH]c2ccc(cc12)N1CCNCC1)c1cccc2ccccc12,SAM-315,0.8268965,0.1923076923076923
